Instancia,Iteraciones.Promedio,Contenedores.Promedio,FBPP.Promedio,Vecinos.Visitados.Promedio,Tiempo.Promedio,Mejor Puntaje Encontrado,Mejor Número Contenedores,Solución Óptima,Porcentaje Soluciones Óptimas,Diferencia,Capacidad Contenedores,Número Objetos,Rango Normalizado,Peso Promedio,Algoritmo,Resultado
BPP_100,59.633,22.733,0.854,7276,0.218,0.9,22,22,0.266666667,0,1000,120,0.00-0.24,0.00-0.24,Hill Climbing Reducido,Óptimo
BPP_14,59.4,22.733,0.853,7248,0.223,0.901,22,22,0.266666667,0,1000,120,0.00-0.24,0.00-0.24,Hill Climbing Reducido,Óptimo
BPP_33,65.5,23.033,0.853,7972,0.238,0.92,22,22,0.066666667,0,1000,120,0.00-0.24,0.00-0.24,Hill Climbing Reducido,Óptimo
BPP_4,64.467,22.867,0.853,7856,0.24,0.911,22,22,0.133333333,0,1000,120,0.00-0.24,0.00-0.24,Hill Climbing Reducido,Óptimo
BPP_42,65.933,22.833,0.853,8032,0.245,0.915,22,22,0.166666667,0,1000,120,0.00-0.24,0.00-0.24,Hill Climbing Reducido,Óptimo
BPP_48,61.067,22.6,0.862,7448,0.225,0.903,22,22,0.4,0,1000,120,0.00-0.24,0.00-0.24,Hill Climbing Reducido,Óptimo
BPP_6,62.4,23.033,0.847,7600,0.237,0.917,22,22,0.066666667,0,1000,120,0.00-0.24,0.00-0.24,Hill Climbing Reducido,Óptimo
BPP15,41.3,18.833,0.854,4213.333,0.109,0.913,18,18,0.166666667,0,1000,100,0.00-0.24,0.00-0.24,Hill Climbing Reducido,Óptimo
BPP16,49.233,18.967,0.853,5013.333,0.142,0.934,18,18,0.1,0,1000,100,0.00-0.24,0.00-0.24,Hill Climbing Reducido,Óptimo
BPP58,43.667,18.967,0.851,4463.333,0.118,0.926,18,18,0.033333333,0,1000,100,0.00-0.24,0.00-0.24,Hill Climbing Reducido,Óptimo
BPP60,48.833,18.933,0.862,4976.667,0.131,0.938,18,18,0.066666667,0,1000,100,0.00-0.24,0.00-0.24,Hill Climbing Reducido,Óptimo
N1c1w1_o,16.667,32.9,0.818,883.333,0.029,0.859,32,32,0.133333333,0,100,50,0.75-1.00,0.50-0.74,Hill Climbing Reducido,Óptimo
N1c1w1_p,18.7,26.467,0.827,985,0.022,0.856,26,26,0.633333333,0,100,50,0.75-1.00,0.25-0.49,Hill Climbing Reducido,Óptimo
N1c1w2_c,16.2,33.933,0.815,860,0.021,0.854,33,33,0.233333333,0,100,50,0.75-1.00,0.50-0.74,Hill Climbing Reducido,Óptimo
N1c1w2_d,17.633,31.933,0.807,931.667,0.022,0.847,31,31,0.1,0,100,50,0.75-1.00,0.50-0.74,Hill Climbing Reducido,Óptimo
N1c1w4_d,14.8,38.3,0.766,790,0.021,0.778,38,38,0.7,0,100,50,0.50-0.74,0.50-0.74,Hill Climbing Reducido,Óptimo
N1c1w4_i,16.367,36.067,0.756,868.333,0.022,0.793,35,35,0.033333333,0,100,50,0.50-0.74,0.50-0.74,Hill Climbing Reducido,Óptimo
N1c2w1_b,18.567,26.367,0.78,978.333,0.019,0.804,26,26,0.633333333,0,120,50,0.75-1.00,0.25-0.49,Hill Climbing Reducido,Óptimo
N1c2w1_q,16.2,24.933,0.76,860,0.016,0.813,24,24,0.166666667,0,120,50,0.75-1.00,0.25-0.49,Hill Climbing Reducido,Óptimo
N1c2w2_f,20.533,27,0.827,1076.667,0.023,0.884,26,26,0.1,0,120,50,0.50-0.74,0.25-0.49,Hill Climbing Reducido,Óptimo
N1c2w2_l,24.133,30.067,0.756,1256.667,0.029,0.762,30,30,0.933333333,0,120,50,0.50-0.74,0.50-0.74,Hill Climbing Reducido,Óptimo
N1c2w4_f,19.267,32.333,0.737,1013.333,0.025,0.752,32,32,0.666666667,0,120,50,0.50-0.74,0.50-0.74,Hill Climbing Reducido,Óptimo
N1c2w4_l,21.767,31.167,0.778,1138.333,0.025,0.79,31,31,0.833333333,0,120,50,0.50-0.74,0.50-0.74,Hill Climbing Reducido,Óptimo
N1c3w2_h,22.233,23.7,0.871,1161.667,0.026,0.917,23,23,0.3,0,150,50,0.50-0.74,0.25-0.49,Hill Climbing Reducido,Óptimo
N1c3w4_b,22.033,23.267,0.872,1151.667,0.021,0.951,22,22,0.033333333,0,150,50,0.25-0.49,0.25-0.49,Hill Climbing Reducido,Óptimo
N1w1b2r1,21.567,17.967,0.848,1128.333,0.019,0.932,17,17,0.133333333,0,1000,50,0.25-0.49,0.25-0.49,Hill Climbing Reducido,Óptimo
N1w2b2r0,15.367,10.333,0.922,818.333,0.014,0.959,10,10,0.666666667,0,1000,50,0.00-0.24,0.00-0.24,Hill Climbing Reducido,Óptimo
N1w2b3r5,12.733,10.067,0.908,686.667,0.011,0.92,10,10,0.933333333,0,1000,50,0.25-0.49,0.00-0.24,Hill Climbing Reducido,Óptimo
N1w3b2r9,11.5,8,0.849,625,0.012,0.867,8,8,1,0,1000,50,0.00-0.24,0.00-0.24,Hill Climbing Reducido,Óptimo
N1w3b3r4,10.167,8,0.869,558.333,0.01,0.879,8,8,1,0,1000,50,0.00-0.24,0.00-0.24,Hill Climbing Reducido,Óptimo
N1w4b1r3,11.033,6,0.871,601.667,0.009,0.877,6,6,1,0,1000,50,0.00-0.24,0.00-0.24,Hill Climbing Reducido,Óptimo
N1w4b2r1,8.633,6,0.818,481.667,0.007,0.831,6,6,1,0,1000,50,0.00-0.24,0.00-0.24,Hill Climbing Reducido,Óptimo
N1w4b3r1,6.967,6,0.876,398.333,0.007,0.88,6,6,1,0,1000,50,0.00-0.24,0.00-0.24,Hill Climbing Reducido,Óptimo
N2c1w2_h,40.7,70.367,0.785,4170,0.205,0.794,70,70,0.666666667,0,100,100,0.75-1.00,0.50-0.74,Hill Climbing Reducido,Óptimo
N2c1w4_h,27.167,75.867,0.752,2816.667,0.148,0.768,75,75,0.2,0,100,100,0.50-0.74,0.50-0.74,Hill Climbing Reducido,Óptimo
N2c1w4_q,28.9,75.933,0.768,2990,0.137,0.784,75,75,0.3,0,100,100,0.50-0.74,0.50-0.74,Hill Climbing Reducido,Óptimo
N2c2w2_b,50.333,57.1,0.837,5133.333,0.236,0.865,56,56,0.133333333,0,120,100,0.50-0.74,0.50-0.74,Hill Climbing Reducido,Óptimo
N2c2w4_k,47.267,60.1,0.813,4826.667,0.208,0.84,59,59,0.133333333,0,120,100,0.50-0.74,0.50-0.74,Hill Climbing Reducido,Óptimo
N2c3w1_i,40.767,35.067,0.915,4176.667,0.143,0.96,34,34,0.133333333,0,150,100,0.50-0.74,0.25-0.49,Hill Climbing Reducido,Óptimo
N2c3w2_a,49.333,42.533,0.908,5033.333,0.196,0.964,41,41,0.033333333,0,150,100,0.50-0.74,0.25-0.49,Hill Climbing Reducido,Óptimo
N2w1b1r2,60.533,35.2,0.892,6153.333,0.181,0.942,34,34,0.066666667,0,1000,100,0.00-0.24,0.25-0.49,Hill Climbing Reducido,Óptimo
N2w3b1r5,29.8,15,0.9,3080,0.073,0.924,15,15,1,0,1000,100,0.00-0.24,0.00-0.24,Hill Climbing Reducido,Óptimo
N2w3b2r7,25.8,15,0.933,2680,0.065,0.941,15,15,1,0,1000,100,0.00-0.24,0.00-0.24,Hill Climbing Reducido,Óptimo
N2w3b3r0,20.933,15,0.912,2193.333,0.056,0.923,15,15,1,0,1000,100,0.25-0.49,0.00-0.24,Hill Climbing Reducido,Óptimo
N2w4b1r2,28.8,12,0.904,2980,0.07,0.916,12,12,1,0,1000,100,0.00-0.24,0.00-0.24,Hill Climbing Reducido,Óptimo
N2w4b2r9,19.433,11.167,0.955,2043.333,0.048,0.972,11,11,0.833333333,0,1000,100,0.00-0.24,0.00-0.24,Hill Climbing Reducido,Óptimo
N2w4b3r6,17.3,11,0.938,1830,0.043,0.942,11,11,1,0,1000,100,0.00-0.24,0.00-0.24,Hill Climbing Reducido,Óptimo
N3c1w2_d,84.933,139.367,0.822,17186.667,2.977,0.827,139,139,0.633333333,0,100,200,0.75-1.00,0.50-0.74,Hill Climbing Reducido,Óptimo
N3c2w2_s,122.967,109.167,0.879,24793.333,4.52,0.907,107,107,0.066666667,0,120,200,0.50-0.74,0.50-0.74,Hill Climbing Reducido,Óptimo
N3w1b3r5,103.433,66.367,0.94,20886.667,1.143,0.971,65,65,0.066666667,0,1000,200,0.50-0.74,0.25-0.49,Hill Climbing Reducido,Óptimo
N3w2b3r7,70.867,43.2,0.919,14373.333,0.67,0.963,42,42,0.066666667,0,1000,200,0.25-0.49,0.00-0.24,Hill Climbing Reducido,Óptimo
N3w3b1r3,58.1,29.6,0.916,11820,0.517,0.95,29,29,0.4,0,1000,200,0.00-0.24,0.00-0.24,Hill Climbing Reducido,Óptimo
N3w3b2r2,61.467,29.033,0.932,12493.333,0.548,0.991,28,28,0.033333333,0,1000,200,0.00-0.24,0.00-0.24,Hill Climbing Reducido,Óptimo
N3w3b3r1,50.7,27.033,0.951,10340,0.444,0.96,27,27,0.966666667,0,1000,200,0.25-0.49,0.00-0.24,Hill Climbing Reducido,Óptimo
N3w4b1r5,46.5,23.3,0.92,9500,0.4,0.939,23,23,0.7,0,1000,200,0.00-0.24,0.00-0.24,Hill Climbing Reducido,Óptimo
N3w4b2r9,43.367,22,0.94,8873.333,0.375,0.952,22,22,1,0,1000,200,0.00-0.24,0.00-0.24,Hill Climbing Reducido,Óptimo
N3w4b3r6,38.9,23,0.959,7980,0.34,0.964,23,23,1,0,1000,200,0.00-0.24,0.00-0.24,Hill Climbing Reducido,Óptimo
N4c1w1_e,302.733,273,0.906,151866.667,25.092,0.913,272,272,0.333333333,0,100,500,0.75-1.00,0.50-0.74,Hill Climbing Reducido,Óptimo
N4c1w2_m,247.667,331.033,0.863,124333.333,22.148,0.868,330,330,0.266666667,0,100,500,0.75-1.00,0.50-0.74,Hill Climbing Reducido,Óptimo
N4c1w4_s,211.733,360.6,0.813,106366.667,22.96,0.819,359,359,0.033333333,0,100,500,0.50-0.74,0.50-0.74,Hill Climbing Reducido,Óptimo
N4w4b2r9,116.167,57.167,0.937,58583.333,6.25,0.972,56,56,0.066666667,0,1000,500,0.00-0.24,0.00-0.24,Hill Climbing Reducido,Óptimo
N4w4b3r0,112.167,55.567,0.95,56583.333,6.029,0.975,55,55,0.5,0,1000,500,0.00-0.24,0.00-0.24,Hill Climbing Reducido,Óptimo
BPP_100,501,22.633,0.863,60120,3.844,0.909,22,22,0.366666667,0,1000,120,0.00-0.24,0.00-0.24,Recocido Simulado,Óptimo
BPP_12,493.733,23,0.866,59248,3.279,0.936,22,22,0.033333333,0,1000,120,0.00-0.24,0.00-0.24,Recocido Simulado,Óptimo
BPP_14,501,22.6,0.867,60120,3.33,0.905,22,22,0.4,0,1000,120,0.00-0.24,0.00-0.24,Recocido Simulado,Óptimo
BPP_2,487.867,23.1,0.852,58544,3.235,0.926,22,22,0.033333333,0,1000,120,0.00-0.24,0.00-0.24,Recocido Simulado,Óptimo
BPP_33,497.167,22.967,0.858,59660,3.34,0.921,22,22,0.033333333,0,1000,120,0.00-0.24,0.00-0.24,Recocido Simulado,Óptimo
BPP_4,501,22.7,0.867,60120,3.338,0.914,22,22,0.3,0,1000,120,0.00-0.24,0.00-0.24,Recocido Simulado,Óptimo
BPP_42,501,22.633,0.871,60120,3.864,0.912,22,22,0.366666667,0,1000,120,0.00-0.24,0.00-0.24,Recocido Simulado,Óptimo
BPP_48,501,22.533,0.869,60120,3.384,0.926,22,22,0.466666667,0,1000,120,0.00-0.24,0.00-0.24,Recocido Simulado,Óptimo
BPP_6,485.5,22.933,0.857,58260,3.211,0.917,22,22,0.066666667,0,1000,120,0.00-0.24,0.00-0.24,Recocido Simulado,Óptimo
BPP15,257.8,18.4,0.888,25780,1.635,0.914,18,18,0.6,0,1000,100,0.00-0.24,0.00-0.24,Recocido Simulado,Óptimo
BPP16,458.567,18.9,0.867,45856.667,2.745,0.934,18,18,0.133333333,0,1000,100,0.00-0.24,0.00-0.24,Recocido Simulado,Óptimo
BPP3,467.267,18.867,0.861,46726.667,2.802,0.93,18,18,0.133333333,0,1000,100,0.00-0.24,0.00-0.24,Recocido Simulado,Óptimo
BPP58,427.9,18.8,0.869,42790,2.678,0.926,18,18,0.2,0,1000,100,0.00-0.24,0.00-0.24,Recocido Simulado,Óptimo
BPP60,444.967,18.833,0.873,44496.667,2.708,0.939,18,18,0.166666667,0,1000,100,0.00-0.24,0.00-0.24,Recocido Simulado,Óptimo
N1c1w1_o,37.4,32,0.857,1870,0.069,0.86,32,32,1,0,100,50,0.75-1.00,0.50-0.74,Recocido Simulado,Óptimo
N1c1w1_p,18.533,26,0.847,926.667,0.037,0.856,26,26,1,0,100,50,0.75-1.00,0.25-0.49,Recocido Simulado,Óptimo
N1c1w2_c,34.6,33,0.851,1730,0.082,0.853,33,33,1,0,100,50,0.75-1.00,0.50-0.74,Recocido Simulado,Óptimo
N1c1w2_d,56.967,31,0.847,2848.333,0.152,0.849,31,31,1,0,100,50,0.75-1.00,0.50-0.74,Recocido Simulado,Óptimo
N1c1w4_d,12.1,38,0.773,605,0.047,0.777,38,38,1,0,100,50,0.50-0.74,0.50-0.74,Recocido Simulado,Óptimo
N1c1w4_i,29.533,35,0.795,1476.667,0.117,0.796,35,35,1,0,100,50,0.50-0.74,0.50-0.74,Recocido Simulado,Óptimo
N1c2w1_b,16.7,26,0.795,835,0.061,0.802,26,26,1,0,120,50,0.75-1.00,0.25-0.49,Recocido Simulado,Óptimo
N1c2w1_q,52.333,24,0.812,2616.667,0.187,0.818,24,24,1,0,120,50,0.75-1.00,0.25-0.49,Recocido Simulado,Óptimo
N1c2w2_f,501,26,0.884,25050,1.88,0.884,26,26,1,0,120,50,0.50-0.74,0.25-0.49,Recocido Simulado,Óptimo
N1c2w2_l,14.067,30,0.749,703.333,0.053,0.758,30,30,1,0,120,50,0.50-0.74,0.50-0.74,Recocido Simulado,Óptimo
N1c2w4_f,19.833,32,0.748,991.667,0.075,0.753,32,32,1,0,120,50,0.50-0.74,0.50-0.74,Recocido Simulado,Óptimo
N1c2w4_l,501,31,0.79,25050,1.901,0.79,31,31,1,0,120,50,0.50-0.74,0.50-0.74,Recocido Simulado,Óptimo
N1c3w1_c,438.067,17.767,0.938,21903.333,1.637,0.993,17,17,0.233333333,0,150,50,0.50-0.74,0.25-0.49,Recocido Simulado,Óptimo
N1c3w1_f,105.933,20,0.948,5296.667,0.371,0.951,20,20,1,0,150,50,0.50-0.74,0.25-0.49,Recocido Simulado,Óptimo
N1c3w2_d,166.667,20.067,0.958,8333.333,0.605,0.964,20,20,0.933333333,0,150,50,0.50-0.74,0.25-0.49,Recocido Simulado,Óptimo
N1c3w2_h,501,23,0.924,25050,0.768,0.934,23,23,1,0,150,50,0.50-0.74,0.25-0.49,Recocido Simulado,Óptimo
N1c3w4_b,149.2,22.1,0.947,7460,0.221,0.957,22,22,0.9,0,150,50,0.25-0.49,0.25-0.49,Recocido Simulado,Óptimo
N1c3w4_c,435.4,24.833,0.873,21770,0.66,0.915,24,24,0.166666667,0,150,50,0.25-0.49,0.25-0.49,Recocido Simulado,Óptimo
N1w1b1r7,326.067,17.5,0.918,16303.333,0.554,0.958,17,17,0.5,0,1000,50,0.00-0.24,0.25-0.49,Recocido Simulado,Óptimo
N1w1b2r1,124.033,17.1,0.92,6201.667,0.204,0.933,17,17,0.9,0,1000,50,0.25-0.49,0.25-0.49,Recocido Simulado,Óptimo
N1w1b3r3,478.067,16.833,0.931,23903.333,0.848,0.993,16,16,0.166666667,0,1000,50,0.50-0.74,0.25-0.49,Recocido Simulado,Óptimo
N1w2b1r8,413.933,10.767,0.899,20696.667,0.641,0.99,10,10,0.233333333,0,1000,50,0.00-0.24,0.00-0.24,Recocido Simulado,Óptimo
N1w2b2r0,41.667,10,0.957,2083.333,0.053,0.959,10,10,1,0,1000,50,0.00-0.24,0.00-0.24,Recocido Simulado,Óptimo
N1w2b3r5,4.667,10,0.909,233.333,0.007,0.913,10,10,1,0,1000,50,0.25-0.49,0.00-0.24,Recocido Simulado,Óptimo
N1w3b1r2,287.1,7.5,0.924,14355,0.467,0.999,7,7,0.5,0,1000,50,0.00-0.24,0.00-0.24,Recocido Simulado,Óptimo
N1w3b2r9,1,8,0.808,50,0.003,0.829,8,8,1,0,1000,50,0.00-0.24,0.00-0.24,Recocido Simulado,Óptimo
N1w3b3r4,1,8,0.841,50,0.002,0.861,8,8,1,0,1000,50,0.00-0.24,0.00-0.24,Recocido Simulado,Óptimo
N1w4b1r3,1,6,0.858,50,0.002,0.868,6,6,1,0,1000,50,0.00-0.24,0.00-0.24,Recocido Simulado,Óptimo
N1w4b2r1,1,6,0.792,50,0.002,0.816,6,6,1,0,1000,50,0.00-0.24,0.00-0.24,Recocido Simulado,Óptimo
N1w4b3r1,1,6,0.86,50,0.001,0.867,6,6,1,0,1000,50,0.00-0.24,0.00-0.24,Recocido Simulado,Óptimo
N2c1w1_d,501,50,0.935,50100,2.77,0.939,50,50,1,0,100,100,0.75-1.00,0.25-0.49,Recocido Simulado,Óptimo
N2c1w1_s,233.233,45.133,0.96,23323.333,1.257,0.965,45,45,0.866666667,0,100,100,0.75-1.00,0.25-0.49,Recocido Simulado,Óptimo
N2c1w2_h,36.533,70,0.79,3653.333,0.224,0.793,70,70,1,0,100,100,0.75-1.00,0.50-0.74,Recocido Simulado,Óptimo
N2c1w2_o,427.967,64.7,0.868,42796.667,2.66,0.882,64,64,0.3,0,100,100,0.75-1.00,0.50-0.74,Recocido Simulado,Óptimo
N2c1w4_h,34.967,75,0.767,3496.667,0.221,0.768,75,75,1,0,100,100,0.50-0.74,0.50-0.74,Recocido Simulado,Óptimo
N2c1w4_q,44.733,75,0.784,4473.333,0.28,0.784,75,75,1,0,100,100,0.50-0.74,0.50-0.74,Recocido Simulado,Óptimo
N2c2w1_d,444.933,42.633,0.96,44493.333,2.592,0.98,42,42,0.366666667,0,120,100,0.75-1.00,0.25-0.49,Recocido Simulado,Óptimo
N2c2w1_e,488.9,40.933,0.949,48890,2.697,0.983,40,40,0.066666667,0,120,100,0.75-1.00,0.25-0.49,Recocido Simulado,Óptimo
N2c2w2_b,501,56,0.869,50100,2.938,0.869,56,56,1,0,120,100,0.50-0.74,0.50-0.74,Recocido Simulado,Óptimo
N2c2w2_f,501,48.733,0.924,50100,2.758,0.948,48,48,0.266666667,0,120,100,0.50-0.74,0.25-0.49,Recocido Simulado,Óptimo
N2c2w4_k,65.733,59,0.839,6573.333,0.399,0.842,59,59,1,0,120,100,0.50-0.74,0.50-0.74,Recocido Simulado,Óptimo
N2c2w4_r,413.933,56.633,0.878,41393.333,2.459,0.893,56,56,0.366666667,0,120,100,0.50-0.74,0.50-0.74,Recocido Simulado,Óptimo
N2c3w1_d,160.167,37,0.972,16016.667,1.061,0.973,37,37,1,0,150,100,0.50-0.74,0.25-0.49,Recocido Simulado,Óptimo
N2c3w1_i,102.333,34,0.961,10233.333,0.552,0.966,34,34,1,0,150,100,0.50-0.74,0.25-0.49,Recocido Simulado,Óptimo
N2c3w2_a,315.6,41.4,0.953,31560,1.682,0.967,41,41,0.6,0,150,100,0.50-0.74,0.25-0.49,Recocido Simulado,Óptimo
N2c3w2_q,271.1,41.267,0.952,27110,1.492,0.963,41,41,0.733333333,0,150,100,0.50-0.74,0.25-0.49,Recocido Simulado,Óptimo
N2c3w4_i,405.233,44.6,0.948,40523.333,2.157,0.968,44,44,0.4,0,150,100,0.25-0.49,0.25-0.49,Recocido Simulado,Óptimo
N2c3w4_m,501,44.8,0.93,50100,2.841,0.956,44,44,0.2,0,150,100,0.25-0.49,0.25-0.49,Recocido Simulado,Óptimo
N2w1b1r2,501,34.7,0.915,50100,2.565,0.951,34,34,0.333333333,0,1000,100,0.00-0.24,0.25-0.49,Recocido Simulado,Óptimo
N2w1b2r0,501,37.567,0.878,50100,2.638,0.942,36,36,0.033333333,0,1000,100,0.25-0.49,0.25-0.49,Recocido Simulado,Óptimo
N2w1b3r2,500.9,36,0.954,50090,2.614,0.993,35,35,0.033333333,0,1000,100,0.50-0.74,0.25-0.49,Recocido Simulado,Óptimo
N2w2b1r0,493.1,21,0.91,49310,2.475,0.984,20,20,0.033333333,0,1000,100,0.00-0.24,0.00-0.24,Recocido Simulado,Óptimo
N2w2b2r9,439.3,20.767,0.935,43930,2.188,0.992,20,20,0.233333333,0,1000,100,0.00-0.24,0.00-0.24,Recocido Simulado,Óptimo
N2w2b3r2,128.9,21.1,0.97,12890,0.633,0.978,21,21,0.9,0,1000,100,0.25-0.49,0.00-0.24,Recocido Simulado,Óptimo
N2w3b1r5,1.3,15,0.881,130,0.007,0.888,15,15,1,0,1000,100,0.00-0.24,0.00-0.24,Recocido Simulado,Óptimo
N2w3b2r7,8.3,15,0.927,830,0.038,0.929,15,15,1,0,1000,100,0.00-0.24,0.00-0.24,Recocido Simulado,Óptimo
N2w3b3r0,1.9,15,0.889,190,0.011,0.895,15,15,1,0,1000,100,0.25-0.49,0.00-0.24,Recocido Simulado,Óptimo
N2w4b1r2,1.067,12,0.89,106.667,0.009,0.895,12,12,1,0,1000,100,0.00-0.24,0.00-0.24,Recocido Simulado,Óptimo
N2w4b2r9,15.667,11,0.97,1566.667,0.076,0.971,11,11,1,0,1000,100,0.00-0.24,0.00-0.24,Recocido Simulado,Óptimo
N2w4b3r6,2.533,11,0.933,253.333,0.013,0.934,11,11,1,0,1000,100,0.00-0.24,0.00-0.24,Recocido Simulado,Óptimo
N3c1w1_c,426,99.667,0.948,85200,9.081,0.958,99,99,0.366666667,0,100,200,0.75-1.00,0.25-0.49,Recocido Simulado,Óptimo
N3c1w1_k,501,102.9,0.942,100200,10.756,0.955,102,102,0.166666667,0,100,200,0.75-1.00,0.50-0.74,Recocido Simulado,Óptimo
N3c1w2_d,78.633,139,0.825,15726.667,1.846,0.827,139,139,1,0,100,200,0.75-1.00,0.50-0.74,Recocido Simulado,Óptimo
N3c1w2_g,501,132.233,0.89,100200,11.724,0.893,132,132,0.766666667,0,100,200,0.75-1.00,0.50-0.74,Recocido Simulado,Óptimo
N3c1w4_a,129.733,149,0.817,25946.667,3.141,0.817,149,149,1,0,100,200,0.50-0.74,0.50-0.74,Recocido Simulado,Óptimo
N3c1w4_j,156.867,142.033,0.836,31373.333,3.742,0.837,142,142,0.966666667,0,100,200,0.50-0.74,0.50-0.74,Recocido Simulado,Óptimo
N3c2w1_n,477.7,91.867,0.907,95540,10.01,0.921,91,91,0.2,0,120,200,0.75-1.00,0.25-0.49,Recocido Simulado,Óptimo
N3c2w1_q,477.133,83,0.966,95426.667,9.73,0.984,82,82,0.166666667,0,120,200,0.75-1.00,0.25-0.49,Recocido Simulado,Óptimo
N3c2w2_s,438.7,107.733,0.901,87740,9.471,0.91,107,107,0.266666667,0,120,200,0.50-0.74,0.50-0.74,Recocido Simulado,Óptimo
N3c2w4_a,501,113.167,0.884,100200,11.052,0.887,113,113,0.833333333,0,120,200,0.50-0.74,0.50-0.74,Recocido Simulado,Óptimo
N3c2w4_d,501,114.1,0.882,100200,11.023,0.884,114,114,0.9,0,120,200,0.50-0.74,0.50-0.74,Recocido Simulado,Óptimo
N3c3w1_d,486.7,63.9,0.976,97340,9.538,0.997,63,63,0.1,0,150,200,0.50-0.74,0.25-0.49,Recocido Simulado,Óptimo
N3c3w1_g,203,65,0.976,40600,4.03,0.979,65,65,1,0,150,200,0.50-0.74,0.25-0.49,Recocido Simulado,Óptimo
N3c3w2_d,486.433,79.933,0.968,97286.667,9.904,0.985,79,79,0.1,0,150,200,0.50-0.74,0.25-0.49,Recocido Simulado,Óptimo
N3c3w4_j,501,89.7,0.947,100200,10.408,0.975,88,88,0.033333333,0,150,200,0.25-0.49,0.25-0.49,Recocido Simulado,Óptimo
N3c3w4_t,501,86.133,0.957,100200,10.353,0.977,85,85,0.1,0,150,200,0.25-0.49,0.25-0.49,Recocido Simulado,Óptimo
N3w1b3r5,264.633,65.167,0.969,52926.667,5.297,0.974,65,65,0.833333333,0,1000,200,0.50-0.74,0.25-0.49,Recocido Simulado,Óptimo
N3w2b3r7,279.067,42.233,0.956,55813.333,5.264,0.967,42,42,0.8,0,1000,200,0.25-0.49,0.00-0.24,Recocido Simulado,Óptimo
N3w3b1r3,360.367,29.633,0.918,72073.333,6.606,0.946,29,29,0.366666667,0,1000,200,0.00-0.24,0.00-0.24,Recocido Simulado,Óptimo
N3w3b2r2,433.633,28.767,0.95,86726.667,7.959,0.991,28,28,0.233333333,0,1000,200,0.00-0.24,0.00-0.24,Recocido Simulado,Óptimo
N3w3b3r1,36.067,27.033,0.946,7213.333,0.661,0.95,27,27,0.966666667,0,1000,200,0.25-0.49,0.00-0.24,Recocido Simulado,Óptimo
N3w4b1r5,43.733,23.033,0.93,8746.667,0.789,0.933,23,23,0.966666667,0,1000,200,0.00-0.24,0.00-0.24,Recocido Simulado,Óptimo
N3w4b2r9,7.2,22,0.93,1440,0.128,0.932,22,22,1,0,1000,200,0.00-0.24,0.00-0.24,Recocido Simulado,Óptimo
N3w4b3r6,14.433,23,0.956,2886.667,0.26,0.957,23,23,1,0,1000,200,0.00-0.24,0.00-0.24,Recocido Simulado,Óptimo
N4c1w1_e,388.8,272.333,0.911,194400,51.508,0.915,272,272,0.7,0,100,500,0.75-1.00,0.50-0.74,Recocido Simulado,Óptimo
N4c1w2_m,501,330.1,0.868,250500,69.371,0.869,330,330,0.9,0,100,500,0.75-1.00,0.50-0.74,Recocido Simulado,Óptimo
N4c1w4_b,460.9,349.6,0.846,230450,65.837,0.848,349,349,0.4,0,100,500,0.50-0.74,0.50-0.74,Recocido Simulado,Óptimo
N4c1w4_s,501,359.567,0.818,250500,72.195,0.82,359,359,0.466666667,0,100,500,0.50-0.74,0.50-0.74,Recocido Simulado,Óptimo
N4c2w4_d,452.933,295.633,0.862,226466.667,61.195,0.865,295,295,0.5,0,120,500,0.50-0.74,0.50-0.74,Recocido Simulado,Óptimo
N4c3w1_b,498.367,166.1,0.981,249183.333,59.986,0.991,165,165,0.1,0,150,500,0.50-0.74,0.25-0.49,Recocido Simulado,Óptimo
N4w1b3r1,500.933,172.833,0.975,250466.667,57.157,0.992,171,171,0.033333333,0,1000,500,0.50-0.74,0.25-0.49,Recocido Simulado,Óptimo
N4w3b3r9,485.467,72.6,0.946,242733.333,52.425,0.983,71,71,0.1,0,1000,500,0.25-0.49,0.00-0.24,Recocido Simulado,Óptimo
N4w4b2r9,465.667,57.033,0.94,232833.333,52.957,0.972,56,56,0.166666667,0,1000,500,0.00-0.24,0.00-0.24,Recocido Simulado,Óptimo
N4w4b3r0,157,55.167,0.962,78500,17.955,0.967,55,55,0.833333333,0,1000,500,0.00-0.24,0.00-0.24,Recocido Simulado,Óptimo
TEST0084,403.367,16.567,0.958,37109.733,1.598,0.997,16,16,0.433333333,0,10000,92,0.25-0.49,0.00-0.24,Recocido Simulado,Óptimo
u120_00,406.833,48.633,0.95,48820,3.288,0.969,48,48,0.366666667,0,150,120,0.50-0.74,0.25-0.49,Recocido Simulado,Óptimo
u120_05,407.267,48.667,0.96,48872,3.308,0.98,48,48,0.333333333,0,150,120,0.50-0.74,0.25-0.49,Recocido Simulado,Óptimo
u250_01,495.8,101.233,0.964,123950,16.829,0.982,100,100,0.033333333,0,150,250,0.50-0.74,0.25-0.49,Recocido Simulado,Óptimo
BPP_100,50.3,22.833,0.848,4118.8,0.233,0.907,22,22,0.2,0,1000,120,0.00-0.24,0.00-0.24,Búsqueda Tabú,Óptimo
BPP_14,49.733,22.733,0.854,4084.367,0.23,0.901,22,22,0.266666667,0,1000,120,0.00-0.24,0.00-0.24,Búsqueda Tabú,Óptimo
BPP_4,57.2,23.033,0.845,4657.467,0.259,0.911,22,22,0.033333333,0,1000,120,0.00-0.24,0.00-0.24,Búsqueda Tabú,Óptimo
BPP_42,54.367,22.933,0.847,4453.967,0.255,0.911,22,22,0.066666667,0,1000,120,0.00-0.24,0.00-0.24,Búsqueda Tabú,Óptimo
BPP_48,51.633,22.633,0.861,4229.8,0.233,0.903,22,22,0.366666667,0,1000,120,0.00-0.24,0.00-0.24,Búsqueda Tabú,Óptimo
BPP15,35.633,18.833,0.851,2467.5,0.116,0.914,18,18,0.166666667,0,1000,100,0.00-0.24,0.00-0.24,Búsqueda Tabú,Óptimo
N1c1w1_o,13.933,33.467,0.793,494.267,0.018,0.858,32,32,0.033333333,0,100,50,0.75-1.00,0.50-0.74,Búsqueda Tabú,Óptimo
N1c1w1_p,16.2,26.8,0.807,569.033,0.02,0.851,26,26,0.2,0,100,50,0.75-1.00,0.25-0.49,Búsqueda Tabú,Óptimo
N1c1w2_c,13.733,34.5,0.791,491.233,0.019,0.851,33,33,0.066666667,0,100,50,0.75-1.00,0.50-0.74,Búsqueda Tabú,Óptimo
N1c1w2_d,16.267,32.6,0.779,569.1,0.021,0.845,31,31,0.033333333,0,100,50,0.75-1.00,0.50-0.74,Búsqueda Tabú,Óptimo
N1c1w4_d,10.9,38.933,0.745,401.067,0.017,0.774,38,38,0.233333333,0,100,50,0.50-0.74,0.50-0.74,Búsqueda Tabú,Óptimo
N1c1w4_i,13.1,36.633,0.734,469.067,0.02,0.795,35,35,0.033333333,0,100,50,0.50-0.74,0.50-0.74,Búsqueda Tabú,Óptimo
N1c2w1_b,17,26.7,0.763,594.733,0.021,0.801,26,26,0.4,0,120,50,0.75-1.00,0.25-0.49,Búsqueda Tabú,Óptimo
N1c2w2_f,17.733,27.567,0.798,617.967,0.019,0.878,26,26,0.033333333,0,120,50,0.50-0.74,0.25-0.49,Búsqueda Tabú,Óptimo
N1c2w2_l,20.033,30.167,0.747,693.267,0.039,0.759,30,30,0.833333333,0,120,50,0.50-0.74,0.50-0.74,Búsqueda Tabú,Óptimo
N1c2w4_f,13.6,33.3,0.697,483.9,0.019,0.75,32,32,0.066666667,0,120,50,0.50-0.74,0.50-0.74,Búsqueda Tabú,Óptimo
N1c2w4_l,17.6,31.967,0.745,612.633,0.023,0.786,31,31,0.266666667,0,120,50,0.50-0.74,0.50-0.74,Búsqueda Tabú,Óptimo
N1c3w2_h,19.667,24.4,0.828,680.567,0.024,0.907,23,23,0.066666667,0,150,50,0.50-0.74,0.25-0.49,Búsqueda Tabú,Óptimo
N1w2b1r8,14.567,10.967,0.86,519.967,0.016,0.99,10,10,0.033333333,0,1000,50,0.00-0.24,0.00-0.24,Búsqueda Tabú,Óptimo
N1w2b2r0,13.367,10.7,0.876,477.667,0.016,0.958,10,10,0.3,0,1000,50,0.00-0.24,0.00-0.24,Búsqueda Tabú,Óptimo
N1w2b3r5,10.767,10,0.913,395.833,0.011,0.917,10,10,1,0,1000,50,0.25-0.49,0.00-0.24,Búsqueda Tabú,Óptimo
N1w3b2r9,9.267,8,0.845,349.767,0.011,0.867,8,8,1,0,1000,50,0.00-0.24,0.00-0.24,Búsqueda Tabú,Óptimo
N1w3b3r4,10.767,8,0.866,396.467,0.015,0.879,8,8,1,0,1000,50,0.00-0.24,0.00-0.24,Búsqueda Tabú,Óptimo
N1w4b1r3,9.9,6,0.869,367.8,0.011,0.876,6,6,1,0,1000,50,0.00-0.24,0.00-0.24,Búsqueda Tabú,Óptimo
N1w4b2r1,7.1,6,0.815,277.8,0.009,0.83,6,6,1,0,1000,50,0.00-0.24,0.00-0.24,Búsqueda Tabú,Óptimo
N1w4b3r1,7.467,6,0.874,289.867,0.009,0.88,6,6,1,0,1000,50,0.00-0.24,0.00-0.24,Búsqueda Tabú,Óptimo
N2c1w2_h,31.9,71.1,0.77,2230.8,0.17,0.791,70,70,0.233333333,0,100,100,0.75-1.00,0.50-0.74,Búsqueda Tabú,Óptimo
N2c1w4_h,26.1,76.567,0.74,1859.033,0.155,0.767,75,75,0.1,0,100,100,0.50-0.74,0.50-0.74,Búsqueda Tabú,Óptimo
N2w1b1r2,49,35.5,0.877,3329.633,0.168,0.942,34,34,0.066666667,0,1000,100,0.00-0.24,0.25-0.49,Búsqueda Tabú,Óptimo
N2w3b1r5,26.1,15,0.898,1860.567,0.085,0.912,15,15,1,0,1000,100,0.00-0.24,0.00-0.24,Búsqueda Tabú,Óptimo
N2w3b2r7,22.5,15.033,0.928,1631.433,0.079,0.937,15,15,0.966666667,0,1000,100,0.00-0.24,0.00-0.24,Búsqueda Tabú,Óptimo
N2w3b3r0,17.6,15,0.905,1312.2,0.063,0.92,15,15,1,0,1000,100,0.25-0.49,0.00-0.24,Búsqueda Tabú,Óptimo
N2w4b1r2,26.3,12,0.9,1874.733,0.085,0.907,12,12,1,0,1000,100,0.00-0.24,0.00-0.24,Búsqueda Tabú,Óptimo
N2w4b2r9,18.667,11.433,0.927,1383.267,0.066,0.971,11,11,0.566666667,0,1000,100,0.00-0.24,0.00-0.24,Búsqueda Tabú,Óptimo
N2w4b3r6,14.7,11,0.937,1129.467,0.052,0.942,11,11,1,0,1000,100,0.00-0.24,0.00-0.24,Búsqueda Tabú,Óptimo
N3c1w2_d,75.167,141.167,0.804,10333.1,1.197,0.826,139,139,0.066666667,0,100,200,0.75-1.00,0.50-0.74,Búsqueda Tabú,Óptimo
N3w2b3r7,63.733,43.4,0.911,8877.667,0.836,0.963,42,42,0.033333333,0,1000,200,0.25-0.49,0.00-0.24,Búsqueda Tabú,Óptimo
N3w3b1r3,53.5,29.733,0.911,7569.333,0.691,0.948,29,29,0.266666667,0,1000,200,0.00-0.24,0.00-0.24,Búsqueda Tabú,Óptimo
N3w3b3r1,43.6,27.167,0.943,6295.967,0.56,0.957,27,27,0.833333333,0,1000,200,0.25-0.49,0.00-0.24,Búsqueda Tabú,Óptimo
N3w4b1r5,39.5,23.133,0.929,5788.533,0.507,0.945,23,23,0.866666667,0,1000,200,0.00-0.24,0.00-0.24,Búsqueda Tabú,Óptimo
N3w4b2r9,37.533,22.033,0.935,5539.733,0.489,0.95,22,22,0.966666667,0,1000,200,0.00-0.24,0.00-0.24,Búsqueda Tabú,Óptimo
N3w4b3r6,38.233,23.2,0.948,5619.7,0.488,0.963,23,23,0.8,0,1000,200,0.00-0.24,0.00-0.24,Búsqueda Tabú,Óptimo
N4w4b2r9,106.033,57.367,0.932,38337.3,8.26,0.971,56,56,0.033333333,0,1000,500,0.00-0.24,0.00-0.24,Búsqueda Tabú,Óptimo
N4w4b3r0,107.633,55.467,0.954,38855.667,8.401,0.973,55,55,0.533333333,0,1000,500,0.00-0.24,0.00-0.24,Búsqueda Tabú,Óptimo
BPP_100,59.433,22.767,0.855,7132,0.373,0.904,22,22,0.233333333,0,1000,120,0.00-0.24,0.00-0.24,GRASP,Óptimo
BPP_14,56.267,22.833,0.854,6752,0.355,0.904,22,22,0.166666667,0,1000,120,0.00-0.24,0.00-0.24,GRASP,Óptimo
BPP_33,66.733,23,0.854,8008,0.417,0.921,22,22,0.033333333,0,1000,120,0.00-0.24,0.00-0.24,GRASP,Óptimo
BPP_4,60.167,22.9,0.853,7220,0.38,0.914,22,22,0.1,0,1000,120,0.00-0.24,0.00-0.24,GRASP,Óptimo
BPP_42,68.6,22.867,0.853,8232,0.429,0.911,22,22,0.133333333,0,1000,120,0.00-0.24,0.00-0.24,GRASP,Óptimo
BPP_48,60,22.867,0.85,7200,0.379,0.9,22,22,0.133333333,0,1000,120,0.00-0.24,0.00-0.24,GRASP,Óptimo
BPP_6,62.833,23,0.851,7540,0.39,0.917,22,22,0.033333333,0,1000,120,0.00-0.24,0.00-0.24,GRASP,Óptimo
BPP15,29.4,18.633,0.867,2940,0.128,0.914,18,18,0.366666667,0,1000,100,0.00-0.24,0.00-0.24,GRASP,Óptimo
BPP16,48.667,18.967,0.857,4866.667,0.213,0.933,18,18,0.033333333,0,1000,100,0.00-0.24,0.00-0.24,GRASP,Óptimo
BPP3,45.7,18.9,0.857,4570,0.198,0.93,18,18,0.1,0,1000,100,0.00-0.24,0.00-0.24,GRASP,Óptimo
BPP58,40.8,18.9,0.858,4080,0.179,0.925,18,18,0.1,0,1000,100,0.00-0.24,0.00-0.24,GRASP,Óptimo
BPP60,46.167,19,0.857,4616.667,0.201,0.938,18,18,0.033333333,0,1000,100,0.00-0.24,0.00-0.24,GRASP,Óptimo
BPP8,49.733,19,0.869,4973.333,0.223,0.956,18,18,0.033333333,0,1000,100,0.00-0.24,0.00-0.24,GRASP,Óptimo
N1c1w1_o,9.967,32.8,0.823,498.333,0.015,0.859,32,32,0.233333333,0,100,50,0.75-1.00,0.50-0.74,GRASP,Óptimo
N1c1w1_p,8.367,26.4,0.828,418.333,0.011,0.853,26,26,0.633333333,0,100,50,0.75-1.00,0.25-0.49,GRASP,Óptimo
N1c1w2_c,9.633,33.667,0.824,481.667,0.017,0.856,33,33,0.4,0,100,50,0.75-1.00,0.50-0.74,GRASP,Óptimo
N1c1w2_d,10.767,31.8,0.813,538.333,0.018,0.849,31,31,0.333333333,0,100,50,0.75-1.00,0.50-0.74,GRASP,Óptimo
N1c1w4_d,3.4,38.067,0.771,170,0.006,0.777,38,38,0.933333333,0,100,50,0.50-0.74,0.50-0.74,GRASP,Óptimo
N1c1w4_i,9.9,36.067,0.756,495,0.014,0.796,35,35,0.066666667,0,100,50,0.50-0.74,0.50-0.74,GRASP,Óptimo
N1c2w1_b,6.933,26.5,0.771,346.667,0.011,0.801,26,26,0.533333333,0,120,50,0.75-1.00,0.25-0.49,GRASP,Óptimo
N1c2w1_q,8.633,24.867,0.765,431.667,0.028,0.814,24,24,0.266666667,0,120,50,0.75-1.00,0.25-0.49,GRASP,Óptimo
N1c2w2_f,15.067,26.7,0.841,753.333,0.058,0.882,26,26,0.3,0,120,50,0.50-0.74,0.25-0.49,GRASP,Óptimo
N1c2w2_l,3.367,30.033,0.749,168.333,0.012,0.759,30,30,0.966666667,0,120,50,0.50-0.74,0.50-0.74,GRASP,Óptimo
N1c2w4_f,7.433,32.167,0.74,371.667,0.027,0.751,32,32,0.833333333,0,120,50,0.50-0.74,0.50-0.74,GRASP,Óptimo
N1c2w4_l,16.033,31.1,0.782,801.667,0.064,0.79,31,31,0.9,0,120,50,0.50-0.74,0.50-0.74,GRASP,Óptimo
N1c3w2_h,16.467,23.5,0.883,823.333,0.06,0.919,23,23,0.533333333,0,150,50,0.50-0.74,0.25-0.49,GRASP,Óptimo
N1w1b1r7,23.533,17.967,0.872,1176.667,0.033,0.955,17,17,0.066666667,0,1000,50,0.00-0.24,0.25-0.49,GRASP,Óptimo
N1w1b2r1,16.033,17.7,0.873,801.667,0.022,0.925,17,17,0.3,0,1000,50,0.25-0.49,0.25-0.49,GRASP,Óptimo
N1w2b2r0,8.733,10.167,0.939,436.667,0.013,0.958,10,10,0.833333333,0,1000,50,0.00-0.24,0.00-0.24,GRASP,Óptimo
N1w2b3r5,1,10,0.912,50,0.002,0.919,10,10,1,0,1000,50,0.25-0.49,0.00-0.24,GRASP,Óptimo
N1w3b2r9,1,8,0.834,50,0.003,0.851,8,8,1,0,1000,50,0.00-0.24,0.00-0.24,GRASP,Óptimo
N1w3b3r4,1,8,0.858,50,0.001,0.866,8,8,1,0,1000,50,0.00-0.24,0.00-0.24,GRASP,Óptimo
N1w4b1r3,1,6,0.862,50,0.002,0.875,6,6,1,0,1000,50,0.00-0.24,0.00-0.24,GRASP,Óptimo
N1w4b2r1,1,6,0.801,50,0.003,0.819,6,6,1,0,1000,50,0.00-0.24,0.00-0.24,GRASP,Óptimo
N1w4b3r1,1,6,0.871,50,0.002,0.877,6,6,1,0,1000,50,0.00-0.24,0.00-0.24,GRASP,Óptimo
N2c1w2_h,12.967,70.2,0.786,1296.667,0.179,0.792,70,70,0.8,0,100,100,0.75-1.00,0.50-0.74,GRASP,Óptimo
N2c1w4_h,15.033,75.667,0.756,1503.333,0.21,0.768,75,75,0.333333333,0,100,100,0.50-0.74,0.50-0.74,GRASP,Óptimo
N2c1w4_q,16.233,76,0.767,1623.333,0.227,0.784,75,75,0.2,0,100,100,0.50-0.74,0.50-0.74,GRASP,Óptimo
N2c2w2_b,28.933,57.2,0.836,2893.333,0.379,0.867,56,56,0.1,0,120,100,0.50-0.74,0.50-0.74,GRASP,Óptimo
N2c2w4_k,27.1,59.867,0.819,2710,0.356,0.838,59,59,0.266666667,0,120,100,0.50-0.74,0.50-0.74,GRASP,Óptimo
N2c3w1_i,18.333,35,0.917,1833.333,0.221,0.96,34,34,0.066666667,0,150,100,0.50-0.74,0.25-0.49,GRASP,Óptimo
N2c3w2_a,37.533,42.267,0.917,3753.333,0.46,0.964,41,41,0.033333333,0,150,100,0.50-0.74,0.25-0.49,GRASP,Óptimo
N2c3w4_i,46.967,45.7,0.908,4696.667,0.587,0.965,44,44,0.033333333,0,150,100,0.25-0.49,0.25-0.49,GRASP,Óptimo
N2w1b1r2,49.867,34.967,0.902,4986.667,0.258,0.944,34,34,0.2,0,1000,100,0.00-0.24,0.25-0.49,GRASP,Óptimo
N2w2b3r2,21.033,21.633,0.94,2103.333,0.105,0.977,21,21,0.366666667,0,1000,100,0.25-0.49,0.00-0.24,GRASP,Óptimo
N2w3b1r5,1,15,0.886,100,0.007,0.897,15,15,1,0,1000,100,0.00-0.24,0.00-0.24,GRASP,Óptimo
N2w3b2r7,1.2,15,0.926,120,0.007,0.929,15,15,1,0,1000,100,0.00-0.24,0.00-0.24,GRASP,Óptimo
N2w3b3r0,1,15,0.907,100,0.007,0.918,15,15,1,0,1000,100,0.25-0.49,0.00-0.24,GRASP,Óptimo
N2w4b1r2,1,12,0.893,100,0.005,0.901,12,12,1,0,1000,100,0.00-0.24,0.00-0.24,GRASP,Óptimo
N2w4b2r9,4.433,11,0.97,443.333,0.023,0.97,11,11,1,0,1000,100,0.00-0.24,0.00-0.24,GRASP,Óptimo
N2w4b3r6,1,11,0.938,100,0.003,0.94,11,11,1,0,1000,100,0.00-0.24,0.00-0.24,GRASP,Óptimo
N3c1w2_d,30.867,139.4,0.821,6173.333,1.534,0.826,139,139,0.6,0,100,200,0.75-1.00,0.50-0.74,GRASP,Óptimo
N3c1w4_a,35.067,150.467,0.803,7013.333,0.823,0.817,149,149,0.066666667,0,100,200,0.50-0.74,0.50-0.74,GRASP,Óptimo
N3c2w2_s,68.467,108.4,0.89,13693.333,1.482,0.91,107,107,0.166666667,0,120,200,0.50-0.74,0.50-0.74,GRASP,Óptimo
N3c2w4_a,67.467,114.7,0.864,13493.333,1.467,0.886,113,113,0.033333333,0,120,200,0.50-0.74,0.50-0.74,GRASP,Óptimo
N3w1b3r5,54.5,65.867,0.951,10900,1.089,0.97,65,65,0.166666667,0,1000,200,0.50-0.74,0.25-0.49,GRASP,Óptimo
N3w2b3r7,10.233,42,0.961,2046.667,0.194,0.963,42,42,1,0,1000,200,0.25-0.49,0.00-0.24,GRASP,Óptimo
N3w3b1r3,26.967,29.4,0.929,5393.333,0.496,0.946,29,29,0.6,0,1000,200,0.00-0.24,0.00-0.24,GRASP,Óptimo
N3w3b2r2,59.267,28.833,0.954,11853.333,1.079,0.991,28,28,0.166666667,0,1000,200,0.00-0.24,0.00-0.24,GRASP,Óptimo
N3w3b3r1,1,27,0.952,200,0.024,0.955,27,27,1,0,1000,200,0.25-0.49,0.00-0.24,GRASP,Óptimo
N3w4b1r5,1.167,23,0.931,233.333,0.023,0.933,23,23,1,0,1000,200,0.00-0.24,0.00-0.24,GRASP,Óptimo
N3w4b2r9,1,22,0.934,200,0.021,0.943,22,22,1,0,1000,200,0.00-0.24,0.00-0.24,GRASP,Óptimo
N3w4b3r6,1,23,0.958,200,0.021,0.961,23,23,1,0,1000,200,0.00-0.24,0.00-0.24,GRASP,Óptimo
N4c1w1_e,78.6,274.3,0.9,39300,10.326,0.911,272,272,0.033333333,0,100,500,0.75-1.00,0.50-0.74,GRASP,Óptimo
N4c1w2_m,111.733,330.433,0.866,55866.667,15.495,0.868,330,330,0.6,0,100,500,0.75-1.00,0.50-0.74,GRASP,Óptimo
N4w3b2r3,129.433,71.933,0.962,64716.667,14.149,0.984,71,71,0.1,0,1000,500,0.00-0.24,0.00-0.24,GRASP,Óptimo
N4w3b3r9,10.967,71,0.982,5483.333,1.227,0.983,71,71,1,0,1000,500,0.25-0.49,0.00-0.24,GRASP,Óptimo
N4w4b2r9,28.833,56,0.971,14416.667,3.164,0.971,56,56,1,0,1000,500,0.00-0.24,0.00-0.24,GRASP,Óptimo
N4w4b3r0,1,55,0.971,500,0.117,0.973,55,55,1,0,1000,500,0.00-0.24,0.00-0.24,GRASP,Óptimo
N1c2w2_l,13.7,30,0.749,686.267,0.04,0.753,30,30,1,0,120,50,0.50-0.74,0.50-0.74,Busqueda Vecindario Variable,Óptimo
N1w2b3r5,5.067,10,0.909,254.467,0.013,0.909,10,10,1,0,1000,50,0.25-0.49,0.00-0.24,Busqueda Vecindario Variable,Óptimo
N1w3b2r9,0,8,0.789,0,0.001,0.786,8,8,1,0,1000,50,0.00-0.24,0.00-0.24,Busqueda Vecindario Variable,Óptimo
N1w3b3r4,0.333,8,0.836,17,0.003,0.832,8,8,1,0,1000,50,0.00-0.24,0.00-0.24,Busqueda Vecindario Variable,Óptimo
N1w4b1r3,0.033,6,0.851,1.7,0.002,0.848,6,6,1,0,1000,50,0.00-0.24,0.00-0.24,Busqueda Vecindario Variable,Óptimo
N1w4b2r1,0,6,0.771,0,0.001,0.785,6,6,1,0,1000,50,0.00-0.24,0.00-0.24,Busqueda Vecindario Variable,Óptimo
N1w4b3r1,0.2,6,0.856,10.2,0.001,0.856,6,6,1,0,1000,50,0.00-0.24,0.00-0.24,Busqueda Vecindario Variable,Óptimo
N2w3b1r5,0.533,15,0.879,53.8,0.005,0.88,15,15,1,0,1000,100,0.00-0.24,0.00-0.24,Busqueda Vecindario Variable,Óptimo
N2w3b2r7,6.167,15,0.926,617.667,0.05,0.927,15,15,1,0,1000,100,0.00-0.24,0.00-0.24,Busqueda Vecindario Variable,Óptimo
N2w3b3r0,1.533,15,0.889,154.3,0.013,0.887,15,15,1,0,1000,100,0.25-0.49,0.00-0.24,Busqueda Vecindario Variable,Óptimo
N2w4b1r2,0.567,12,0.889,57.167,0.008,0.888,12,12,1,0,1000,100,0.00-0.24,0.00-0.24,Busqueda Vecindario Variable,Óptimo
N2w4b3r6,1.833,11,0.933,184.3,0.017,0.933,11,11,1,0,1000,100,0.00-0.24,0.00-0.24,Busqueda Vecindario Variable,Óptimo
N3w4b1r5,14.133,23,0.931,2827.9,0.423,0.931,23,23,1,0,1000,200,0.00-0.24,0.00-0.24,Busqueda Vecindario Variable,Óptimo
N3w4b2r9,3.9,22,0.93,781,0.116,0.93,22,22,1,0,1000,200,0.00-0.24,0.00-0.24,Busqueda Vecindario Variable,Óptimo
N3w4b3r6,15.333,23,0.956,3067.667,0.465,0.957,23,23,1,0,1000,200,0.00-0.24,0.00-0.24,Busqueda Vecindario Variable,Óptimo
BPP_12,74.133,23.133,0.855,9016,0.278,0.875,23,22,0,1,1000,120,0.00-0.24,0.00-0.24,Hill Climbing Reducido,No óptimo
BPP_2,71.833,23.1,0.851,8740,0.272,0.875,23,22,0,1,1000,120,0.00-0.24,0.00-0.24,Hill Climbing Reducido,No óptimo
BPP_20,75.5,23.267,0.854,9180,0.276,0.881,23,22,0,1,1000,120,0.00-0.24,0.00-0.24,Hill Climbing Reducido,No óptimo
BPP14,53.767,19.167,0.841,5476.667,0.147,0.859,19,18,0,1,1000,100,0.00-0.24,0.00-0.24,Hill Climbing Reducido,No óptimo
BPP3,50.7,19.033,0.842,5170,0.136,0.868,19,18,0,1,1000,100,0.00-0.24,0.00-0.24,Hill Climbing Reducido,No óptimo
BPP4,53.867,19.033,0.857,5486.667,0.143,0.882,19,18,0,1,1000,100,0.00-0.24,0.00-0.24,Hill Climbing Reducido,No óptimo
BPP72,57.633,19,0.869,5863.333,0.153,0.894,19,18,0,1,1000,100,0.00-0.24,0.00-0.24,Hill Climbing Reducido,No óptimo
BPP8,55.733,19.133,0.861,5673.333,0.145,0.893,19,18,0,1,1000,100,0.00-0.24,0.00-0.24,Hill Climbing Reducido,No óptimo
BPP85,52.433,19.167,0.858,5343.333,0.137,0.885,19,18,0,1,1000,100,0.00-0.24,0.00-0.24,Hill Climbing Reducido,No óptimo
N1c3w1_c,17.167,18.533,0.86,908.333,0.018,0.904,18,17,0,1,150,50,0.50-0.74,0.25-0.49,Hill Climbing Reducido,No óptimo
N1c3w1_f,17.8,21.467,0.845,940,0.016,0.877,21,20,0,1,150,50,0.50-0.74,0.25-0.49,Hill Climbing Reducido,No óptimo
N1c3w2_d,18.467,21.333,0.865,973.333,0.018,0.895,21,20,0,1,150,50,0.50-0.74,0.25-0.49,Hill Climbing Reducido,No óptimo
N1c3w4_c,22.833,25.5,0.832,1191.667,0.025,0.865,25,24,0,1,150,50,0.25-0.49,0.25-0.49,Hill Climbing Reducido,No óptimo
N1w1b1r7,24.233,18.2,0.853,1261.667,0.077,0.882,18,17,0,1,1000,50,0.00-0.24,0.25-0.49,Hill Climbing Reducido,No óptimo
N1w1b3r3,17.3,17.3,0.87,915,0.017,0.9,17,16,0,1,1000,50,0.50-0.74,0.25-0.49,Hill Climbing Reducido,No óptimo
N1w2b1r8,17.533,11,0.859,926.667,0.013,0.876,11,10,0,1,1000,50,0.00-0.24,0.00-0.24,Hill Climbing Reducido,No óptimo
N1w3b1r2,13.367,8,0.841,718.333,0.013,0.849,8,7,0,1,1000,50,0.00-0.24,0.00-0.24,Hill Climbing Reducido,No óptimo
N2c1w1_d,44.167,51.867,0.874,4516.667,0.19,0.902,51,50,0,1,100,100,0.75-1.00,0.25-0.49,Hill Climbing Reducido,No óptimo
N2c1w1_s,40.5,46.867,0.9,4150,0.161,0.93,46,45,0,1,100,100,0.75-1.00,0.25-0.49,Hill Climbing Reducido,No óptimo
N2c1w2_o,39.833,66.033,0.837,4083.333,0.189,0.859,65,64,0,1,100,100,0.75-1.00,0.50-0.74,Hill Climbing Reducido,No óptimo
N2c2w1_d,47.333,44.3,0.894,4833.333,0.194,0.941,43,42,0,1,120,100,0.75-1.00,0.25-0.49,Hill Climbing Reducido,No óptimo
N2c2w1_e,43.5,42.667,0.878,4450,0.177,0.939,41,40,0,1,120,100,0.75-1.00,0.25-0.49,Hill Climbing Reducido,No óptimo
N2c2w2_f,52.7,50.267,0.875,5370,0.216,0.912,49,48,0,1,120,100,0.50-0.74,0.25-0.49,Hill Climbing Reducido,No óptimo
N2c2w4_r,46.033,58.5,0.828,4703.333,0.204,0.863,57,56,0,1,120,100,0.50-0.74,0.50-0.74,Hill Climbing Reducido,No óptimo
N2c3w1_d,42.333,38.633,0.904,4333.333,0.166,0.93,38,37,0,1,150,100,0.50-0.74,0.25-0.49,Hill Climbing Reducido,No óptimo
N2c3w2_q,50.567,42.667,0.899,5156.667,0.197,0.924,42,41,0,1,150,100,0.50-0.74,0.25-0.49,Hill Climbing Reducido,No óptimo
N2c3w4_i,57.167,46.2,0.893,5816.667,0.234,0.93,45,44,0,1,150,100,0.25-0.49,0.25-0.49,Hill Climbing Reducido,No óptimo
N2c3w4_m,57.9,46.2,0.879,5890,0.233,0.917,45,44,0,1,150,100,0.25-0.49,0.25-0.49,Hill Climbing Reducido,No óptimo
N2w1b2r0,53.033,38.4,0.844,5403.333,0.159,0.898,37,36,0,1,1000,100,0.25-0.49,0.25-0.49,Hill Climbing Reducido,No óptimo
N2w1b3r2,51.2,36.7,0.916,5220,0.153,0.944,36,35,0,1,1000,100,0.50-0.74,0.25-0.49,Hill Climbing Reducido,No óptimo
N2w2b1r0,36.733,21.133,0.896,3773.333,0.095,0.924,21,20,0,1,1000,100,0.00-0.24,0.00-0.24,Hill Climbing Reducido,No óptimo
N2w2b2r9,38.4,21.067,0.91,3940,0.098,0.935,21,20,0,1,1000,100,0.00-0.24,0.00-0.24,Hill Climbing Reducido,No óptimo
N2w2b3r2,34.633,22.033,0.904,3563.333,0.091,0.924,22,21,0,1,1000,100,0.25-0.49,0.00-0.24,Hill Climbing Reducido,No óptimo
N3c1w1_c,101.467,102,0.909,20493.333,2.515,0.941,100,99,0,1,100,200,0.75-1.00,0.25-0.49,Hill Climbing Reducido,No óptimo
N3c1w2_g,92.9,134.067,0.868,18780,3.195,0.883,133,132,0,1,100,200,0.75-1.00,0.50-0.74,Hill Climbing Reducido,No óptimo
N3c1w4_a,66.2,150.867,0.8,13440,2.409,0.808,150,149,0,1,100,200,0.50-0.74,0.50-0.74,Hill Climbing Reducido,No óptimo
N3c1w4_j,74.1,144,0.816,15020,2.908,0.827,143,142,0,1,100,200,0.50-0.74,0.50-0.74,Hill Climbing Reducido,No óptimo
N3c2w4_a,110.267,115.4,0.855,22253.333,4.044,0.874,114,113,0,1,120,200,0.50-0.74,0.50-0.74,Hill Climbing Reducido,No óptimo
N3c2w4_d,116.1,116.067,0.856,23420,4.169,0.87,115,114,0,1,120,200,0.50-0.74,0.50-0.74,Hill Climbing Reducido,No óptimo
N3c3w1_d,81.5,65.333,0.937,16500,2.431,0.968,64,63,0,1,150,200,0.50-0.74,0.25-0.49,Hill Climbing Reducido,No óptimo
N3c3w1_g,87.433,66.467,0.941,17686.667,2.68,0.954,66,65,0,1,150,200,0.50-0.74,0.25-0.49,Hill Climbing Reducido,No óptimo
N3c3w2_d,116.7,81.533,0.935,23540,3.807,0.962,80,79,0,1,150,200,0.50-0.74,0.25-0.49,Hill Climbing Reducido,No óptimo
N3c3w4_j,136.467,91.067,0.922,27493.333,5.228,0.955,89,88,0,1,150,200,0.25-0.49,0.25-0.49,Hill Climbing Reducido,No óptimo
N3w1b1r7,139.733,69.6,0.889,28146.667,1.476,0.923,68,67,0,1,1000,200,0.00-0.24,0.25-0.49,Hill Climbing Reducido,No óptimo
N3w2b1r0,72.167,43.467,0.869,14633.333,0.674,0.923,42,41,0,1,1000,200,0.00-0.24,0.00-0.24,Hill Climbing Reducido,No óptimo
N3w2b2r6,75.9,42,0.907,15380,0.713,0.954,41,40,0,1,1000,200,0.00-0.24,0.00-0.24,Hill Climbing Reducido,No óptimo
N4c1w2_k,274.967,314.633,0.894,137983.333,24.259,0.906,312,311,0,1,100,500,0.75-1.00,0.50-0.74,Hill Climbing Reducido,No óptimo
N4c1w4_b,209.767,351.8,0.837,105383.333,21.967,0.844,350,349,0,1,100,500,0.50-0.74,0.50-0.74,Hill Climbing Reducido,No óptimo
N4c2w4_b,313.433,284.467,0.878,157216.667,26.413,0.89,282,281,0,1,120,500,0.50-0.74,0.50-0.74,Hill Climbing Reducido,No óptimo
N4c2w4_d,280.8,298.567,0.847,140900,24.221,0.86,296,295,0,1,120,500,0.50-0.74,0.50-0.74,Hill Climbing Reducido,No óptimo
N4w3b2r3,134,74.067,0.911,67500,7.358,0.96,72,71,0,1,1000,500,0.00-0.24,0.00-0.24,Hill Climbing Reducido,No óptimo
N4w3b3r9,145.5,73.3,0.929,73250,8.042,0.96,72,71,0,1,1000,500,0.25-0.49,0.00-0.24,Hill Climbing Reducido,No óptimo
N4w4b1r0,103.033,57.967,0.92,52016.667,5.588,0.946,57,56,0,1,1000,500,0.00-0.24,0.00-0.24,Hill Climbing Reducido,No óptimo
t60_07,30.5,21.9,0.859,1890,0.085,0.92,21,20,0,1,10000,60,0.00-0.24,0.25-0.49,Hill Climbing Reducido,No óptimo
t60_19,34.433,22,0.854,2126,0.043,0.922,21,20,0,1,10000,60,0.25-0.49,0.25-0.49,Hill Climbing Reducido,No óptimo
TEST0058,27.267,21.067,0.913,2572.267,0.066,0.927,21,20,0,1,10000,91,0.25-0.49,0.00-0.24,Hill Climbing Reducido,No óptimo
TEST0084,24.2,17,0.906,2318.4,0.062,0.927,17,16,0,1,10000,92,0.25-0.49,0.00-0.24,Hill Climbing Reducido,No óptimo
u120_00,58.867,50.2,0.899,7184,0.302,0.935,49,48,0,1,150,120,0.50-0.74,0.25-0.49,Hill Climbing Reducido,No óptimo
u120_05,62.333,50.167,0.91,7600,0.268,0.945,49,48,0,1,150,120,0.50-0.74,0.25-0.49,Hill Climbing Reducido,No óptimo
BPP_20,501,23.1,0.864,60120,3.34,0.881,23,22,0,1,1000,120,0.00-0.24,0.00-0.24,Recocido Simulado,No óptimo
BPP14,501,19.033,0.854,50100,3.155,0.879,19,18,0,1,1000,100,0.00-0.24,0.00-0.24,Recocido Simulado,No óptimo
BPP4,501,19.067,0.855,50100,2.77,0.872,19,18,0,1,1000,100,0.00-0.24,0.00-0.24,Recocido Simulado,No óptimo
BPP72,501,19,0.872,50100,3.073,0.884,19,18,0,1,1000,100,0.00-0.24,0.00-0.24,Recocido Simulado,No óptimo
BPP8,501,19.067,0.868,50100,3.121,0.893,19,18,0,1,1000,100,0.00-0.24,0.00-0.24,Recocido Simulado,No óptimo
BPP85,501,19.1,0.864,50100,3.107,0.885,19,18,0,1,1000,100,0.00-0.24,0.00-0.24,Recocido Simulado,No óptimo
hBPP419,501,81.767,0.963,100200,12.751,0.978,81,80,0,1,1000,200,0.75-1.00,0.25-0.49,Recocido Simulado,No óptimo
hBPP814,501,83,0.956,100200,12.513,0.974,82,81,0,1,1000,200,0.75-1.00,0.25-0.49,Recocido Simulado,No óptimo
hBPP900,501,77.1,0.955,100200,12.508,0.977,76,75,0,1,1000,200,0.50-0.74,0.25-0.49,Recocido Simulado,No óptimo
N3c2w2_g,501,103.5,0.93,100200,10.732,0.939,103,102,0,1,120,200,0.50-0.74,0.50-0.74,Recocido Simulado,No óptimo
N3c3w2_b,501,82.6,0.966,100200,10.277,0.979,82,81,0,1,150,200,0.50-0.74,0.25-0.49,Recocido Simulado,No óptimo
N3w1b1r7,501,69.033,0.902,100200,9.975,0.927,68,67,0,1,1000,200,0.00-0.24,0.25-0.49,Recocido Simulado,No óptimo
N3w1b2r0,501,70.133,0.914,100200,10.059,0.961,68,67,0,1,1000,200,0.25-0.49,0.25-0.49,Recocido Simulado,No óptimo
N3w2b1r0,501,43.167,0.882,100200,9.434,0.931,42,41,0,1,1000,200,0.00-0.24,0.00-0.24,Recocido Simulado,No óptimo
N3w2b2r6,501,41.567,0.925,100200,9.381,0.959,41,40,0,1,1000,200,0.00-0.24,0.00-0.24,Recocido Simulado,No óptimo
N4c1w2_k,501,313.3,0.901,250500,68.68,0.908,312,311,0,1,100,500,0.75-1.00,0.50-0.74,Recocido Simulado,No óptimo
N4c2w4_b,501,282.767,0.887,250500,66.68,0.891,282,281,0,1,120,500,0.50-0.74,0.50-0.74,Recocido Simulado,No óptimo
N4c3w1_r,501,168.633,0.983,250500,60.301,0.99,168,167,0,1,150,500,0.50-0.74,0.25-0.49,Recocido Simulado,No óptimo
N4c3w2_i,501,200.633,0.973,250500,62.28,0.986,199,198,0,1,150,500,0.50-0.74,0.25-0.49,Recocido Simulado,No óptimo
N4w2b3r0,501,103.6,0.952,250500,52.932,0.977,102,101,0,1,1000,500,0.25-0.49,0.00-0.24,Recocido Simulado,No óptimo
N4w3b1r3,501,73.6,0.916,250500,51.264,0.952,72,71,0,1,1000,500,0.00-0.24,0.00-0.24,Recocido Simulado,No óptimo
N4w4b1r0,501,57.767,0.925,250500,57.043,0.948,57,56,0,1,1000,500,0.00-0.24,0.00-0.24,Recocido Simulado,No óptimo
t120_06,501,42.467,0.91,60120,3.944,0.96,41,40,0,1,10000,120,0.00-0.24,0.25-0.49,Recocido Simulado,No óptimo
t120_17,501,42.533,0.908,60120,3.933,0.961,41,40,0,1,10000,120,0.25-0.49,0.25-0.49,Recocido Simulado,No óptimo
t60_07,501,21.333,0.905,30060,1.166,0.934,21,20,0,1,10000,60,0.00-0.24,0.25-0.49,Recocido Simulado,No óptimo
t60_19,501,21.5,0.894,30060,1.171,0.934,21,20,0,1,10000,60,0.25-0.49,0.25-0.49,Recocido Simulado,No óptimo
TEST0058,501,21,0.932,45591,2.032,0.95,21,20,0,1,10000,91,0.25-0.49,0.00-0.24,Recocido Simulado,No óptimo
u250_07,501,105.067,0.964,125250,17.219,0.979,104,103,0,1,150,250,0.50-0.74,0.25-0.49,Recocido Simulado,No óptimo
u500_13,501,198.6,0.975,250500,75.453,0.987,197,196,0,1,150,500,0.50-0.74,0.25-0.49,Recocido Simulado,No óptimo
BPP_12,67.133,23.167,0.854,5416.633,0.304,0.875,23,22,0,1,1000,120,0.00-0.24,0.00-0.24,Búsqueda Tabú,No óptimo
BPP_2,61.7,23.133,0.847,4994.833,0.279,0.874,23,22,0,1,1000,120,0.00-0.24,0.00-0.24,Búsqueda Tabú,No óptimo
BPP_20,60.8,23.2,0.856,4934.267,0.282,0.868,23,22,0,1,1000,120,0.00-0.24,0.00-0.24,Búsqueda Tabú,No óptimo
BPP_33,59.4,23,0.855,4825.333,0.275,0.87,23,22,0,1,1000,120,0.00-0.24,0.00-0.24,Búsqueda Tabú,No óptimo
BPP_6,55.3,23.033,0.845,4513.767,0.259,0.866,23,22,0,1,1000,120,0.00-0.24,0.00-0.24,Búsqueda Tabú,No óptimo
BPP14,45.567,19.167,0.84,3098.8,0.146,0.867,19,18,0,1,1000,100,0.00-0.24,0.00-0.24,Búsqueda Tabú,No óptimo
BPP16,41.467,19,0.849,2841.567,0.131,0.871,19,18,0,1,1000,100,0.00-0.24,0.00-0.24,Búsqueda Tabú,No óptimo
BPP3,39.733,19.067,0.841,2727.533,0.126,0.868,19,18,0,1,1000,100,0.00-0.24,0.00-0.24,Búsqueda Tabú,No óptimo
BPP4,40.4,19.067,0.852,2764.8,0.125,0.882,19,18,0,1,1000,100,0.00-0.24,0.00-0.24,Búsqueda Tabú,No óptimo
BPP58,38.533,19,0.849,2648.933,0.122,0.864,19,18,0,1,1000,100,0.00-0.24,0.00-0.24,Búsqueda Tabú,No óptimo
BPP60,44.433,19,0.851,3029.033,0.142,0.873,19,18,0,1,1000,100,0.00-0.24,0.00-0.24,Búsqueda Tabú,No óptimo
BPP72,52.6,19.167,0.858,3541.433,0.165,0.875,19,18,0,1,1000,100,0.00-0.24,0.00-0.24,Búsqueda Tabú,No óptimo
BPP8,44.067,19.1,0.86,3007.433,0.142,0.89,19,18,0,1,1000,100,0.00-0.24,0.00-0.24,Búsqueda Tabú,No óptimo
BPP85,48.033,19.2,0.856,3259.467,0.159,0.895,19,18,0,1,1000,100,0.00-0.24,0.00-0.24,Búsqueda Tabú,No óptimo
N1c2w1_q,15.267,25.3,0.741,539.567,0.023,0.762,25,24,0,1,120,50,0.75-1.00,0.25-0.49,Búsqueda Tabú,No óptimo
N1c3w1_c,15.8,18.8,0.836,556.7,0.021,0.9,18,17,0,1,150,50,0.50-0.74,0.25-0.49,Búsqueda Tabú,No óptimo
N1c3w1_f,15.8,22,0.809,554.333,0.021,0.875,21,20,0,1,150,50,0.50-0.74,0.25-0.49,Búsqueda Tabú,No óptimo
N1c3w2_d,15.167,21.967,0.823,535.967,0.025,0.886,21,20,0,1,150,50,0.50-0.74,0.25-0.49,Búsqueda Tabú,No óptimo
N1c3w4_b,19.4,23.9,0.832,671.733,0.027,0.889,23,22,0,1,150,50,0.25-0.49,0.25-0.49,Búsqueda Tabú,No óptimo
N1c3w4_c,22,25.767,0.816,753.967,0.03,0.858,25,24,0,1,150,50,0.25-0.49,0.25-0.49,Búsqueda Tabú,No óptimo
N1w1b1r7,21.133,18.567,0.826,731.933,0.022,0.88,18,17,0,1,1000,50,0.00-0.24,0.25-0.49,Búsqueda Tabú,No óptimo
N1w1b2r1,18.467,18.167,0.829,639.967,0.022,0.862,18,17,0,1,1000,50,0.25-0.49,0.25-0.49,Búsqueda Tabú,No óptimo
N1w1b3r3,14.467,17.333,0.862,514.1,0.016,0.894,17,16,0,1,1000,50,0.50-0.74,0.25-0.49,Búsqueda Tabú,No óptimo
N1w3b1r2,11.967,8,0.838,435.9,0.011,0.848,8,7,0,1,1000,50,0.00-0.24,0.00-0.24,Búsqueda Tabú,No óptimo
N2c1w1_d,33.8,52.867,0.844,2344.3,0.154,0.896,51,50,0,1,100,100,0.75-1.00,0.25-0.49,Búsqueda Tabú,No óptimo
N2c1w4_q,22.733,77.367,0.743,1647.367,0.209,0.767,76,75,0,1,100,100,0.50-0.74,0.50-0.74,Búsqueda Tabú,No óptimo
N2c2w2_b,41.933,58.433,0.804,2868.3,0.17,0.838,57,56,0,1,120,100,0.50-0.74,0.50-0.74,Búsqueda Tabú,No óptimo
N2c2w4_k,41.133,61.567,0.779,2815.9,0.165,0.815,60,59,0,1,120,100,0.50-0.74,0.50-0.74,Búsqueda Tabú,No óptimo
N2c3w1_d,33.2,39.6,0.867,2308.267,0.126,0.928,38,37,0,1,150,100,0.50-0.74,0.25-0.49,Búsqueda Tabú,No óptimo
N2c3w1_i,33,35.7,0.886,2305.567,0.123,0.92,35,34,0,1,150,100,0.50-0.74,0.25-0.49,Búsqueda Tabú,No óptimo
N2c3w2_a,38.967,43.867,0.861,2680.667,0.148,0.924,42,41,0,1,150,100,0.50-0.74,0.25-0.49,Búsqueda Tabú,No óptimo
N2c3w2_q,39.733,43.767,0.86,2732.167,0.149,0.919,42,41,0,1,150,100,0.50-0.74,0.25-0.49,Búsqueda Tabú,No óptimo
N2w1b2r0,45.233,38.567,0.835,3078.567,0.166,0.895,37,36,0,1,1000,100,0.25-0.49,0.25-0.49,Búsqueda Tabú,No óptimo
N2w2b1r0,32,21.2,0.891,2231.467,0.106,0.914,21,20,0,1,1000,100,0.00-0.24,0.00-0.24,Búsqueda Tabú,No óptimo
N2w2b2r9,29,21.3,0.891,2043.633,0.096,0.916,21,20,0,1,1000,100,0.00-0.24,0.00-0.24,Búsqueda Tabú,No óptimo
N2w2b3r2,24.067,22.133,0.894,1727.6,0.082,0.917,22,21,0,1,1000,100,0.25-0.49,0.00-0.24,Búsqueda Tabú,No óptimo
N3c3w1_g,73.6,67.633,0.912,10138.367,1.015,0.948,66,65,0,1,150,200,0.50-0.74,0.25-0.49,Búsqueda Tabú,No óptimo
N3w1b1r7,112.1,69.533,0.889,15053.567,1.509,0.923,68,67,0,1,1000,200,0.00-0.24,0.25-0.49,Búsqueda Tabú,No óptimo
N3w1b3r5,87.8,67.4,0.913,11946.167,1.179,0.945,66,65,0,1,1000,200,0.50-0.74,0.25-0.49,Búsqueda Tabú,No óptimo
N3w2b1r0,63.333,43.4,0.871,8825.733,0.832,0.923,42,41,0,1,1000,200,0.00-0.24,0.00-0.24,Búsqueda Tabú,No óptimo
N3w2b2r6,70.533,42.2,0.898,9742.767,0.893,0.945,41,40,0,1,1000,200,0.00-0.24,0.00-0.24,Búsqueda Tabú,No óptimo
N3w3b2r2,49.067,29.1,0.927,6998.933,0.637,0.947,29,28,0,1,1000,200,0.00-0.24,0.00-0.24,Búsqueda Tabú,No óptimo
N4w3b2r3,134,73.933,0.915,47287.267,10.363,0.959,72,71,0,1,1000,500,0.00-0.24,0.00-0.24,Búsqueda Tabú,No óptimo
N4w3b3r9,133,73.267,0.93,47013.633,10.284,0.959,72,71,0,1,1000,500,0.25-0.49,0.00-0.24,Búsqueda Tabú,No óptimo
N4w4b1r0,94.333,57.933,0.92,34611.233,7.473,0.946,57,56,0,1,1000,500,0.00-0.24,0.00-0.24,Búsqueda Tabú,No óptimo
t120_06,64.833,43.4,0.871,5242.5,0.32,0.953,41,40,0,1,10000,120,0.00-0.24,0.25-0.49,Búsqueda Tabú,No óptimo
t60_07,26.1,22.2,0.837,1070.167,0.036,0.919,21,20,0,1,10000,60,0.00-0.24,0.25-0.49,Búsqueda Tabú,No óptimo
t60_19,28.667,22,0.849,1170.2,0.04,0.915,21,20,0,1,10000,60,0.25-0.49,0.25-0.49,Búsqueda Tabú,No óptimo
TEST0058,23.6,21.4,0.889,1490.967,0.065,0.921,21,20,0,1,10000,91,0.25-0.49,0.00-0.24,Búsqueda Tabú,No óptimo
TEST0084,19.4,17,0.9,1278.767,0.055,0.911,17,16,0,1,10000,92,0.25-0.49,0.00-0.24,Búsqueda Tabú,No óptimo
BPP_12,72.167,23.133,0.857,8660,0.452,0.875,23,22,0,1,1000,120,0.00-0.24,0.00-0.24,GRASP,No óptimo
BPP_2,67.667,23,0.856,8120,0.422,0.875,23,22,0,1,1000,120,0.00-0.24,0.00-0.24,GRASP,No óptimo
BPP_20,75.533,23.033,0.865,9064,0.473,0.88,23,22,0,1,1000,120,0.00-0.24,0.00-0.24,GRASP,No óptimo
BPP14,51.7,19.1,0.846,5170,0.236,0.859,19,18,0,1,1000,100,0.00-0.24,0.00-0.24,GRASP,No óptimo
BPP4,52.467,19,0.857,5246.667,0.232,0.871,19,18,0,1,1000,100,0.00-0.24,0.00-0.24,GRASP,No óptimo
BPP72,52.367,19,0.869,5236.667,0.23,0.894,19,18,0,1,1000,100,0.00-0.24,0.00-0.24,GRASP,No óptimo
BPP85,54.9,19.133,0.861,5490,0.239,0.895,19,18,0,1,1000,100,0.00-0.24,0.00-0.24,GRASP,No óptimo
N1c3w1_c,11,18.267,0.881,550,0.038,0.911,18,17,0,1,150,50,0.50-0.74,0.25-0.49,GRASP,No óptimo
N1c3w1_f,12.067,21.133,0.866,603.333,0.043,0.881,21,20,0,1,150,50,0.50-0.74,0.25-0.49,GRASP,No óptimo
N1c3w2_d,15.167,21.033,0.884,758.333,0.053,0.9,21,20,0,1,150,50,0.50-0.74,0.25-0.49,GRASP,No óptimo
N1c3w4_b,19.367,23.1,0.881,968.333,0.068,0.895,23,22,0,1,150,50,0.25-0.49,0.25-0.49,GRASP,No óptimo
N1c3w4_c,20.133,25.233,0.845,1006.667,0.073,0.869,25,24,0,1,150,50,0.25-0.49,0.25-0.49,GRASP,No óptimo
N1w1b3r3,12.267,17,0.894,613.333,0.019,0.902,17,16,0,1,1000,50,0.50-0.74,0.25-0.49,GRASP,No óptimo
N1w2b1r8,17.767,11,0.861,888.333,0.026,0.876,11,10,0,1,1000,50,0.00-0.24,0.00-0.24,GRASP,No óptimo
N1w3b1r2,14.767,8,0.844,738.333,0.019,0.849,8,7,0,1,1000,50,0.00-0.24,0.00-0.24,GRASP,No óptimo
N2c1w1_d,19.367,51.8,0.876,1936.667,0.25,0.902,51,50,0,1,100,100,0.75-1.00,0.25-0.49,GRASP,No óptimo
N2c1w1_s,16.533,46.967,0.896,1653.333,0.208,0.929,46,45,0,1,100,100,0.75-1.00,0.25-0.49,GRASP,No óptimo
N2c1w2_o,24.967,65.567,0.848,2496.667,0.333,0.861,65,64,0,1,100,100,0.75-1.00,0.50-0.74,GRASP,No óptimo
N2c2w1_d,24.8,44,0.903,2480,0.328,0.938,43,42,0,1,120,100,0.75-1.00,0.25-0.49,GRASP,No óptimo
N2c2w2_f,39.533,49.567,0.896,3953.333,0.498,0.915,49,48,0,1,120,100,0.50-0.74,0.25-0.49,GRASP,No óptimo
N2c2w4_r,29.6,58.1,0.837,2960,0.387,0.864,57,56,0,1,120,100,0.50-0.74,0.50-0.74,GRASP,No óptimo
N2c3w1_d,23.6,38.367,0.915,2360,0.289,0.933,38,37,0,1,150,100,0.50-0.74,0.25-0.49,GRASP,No óptimo
N2c3w2_q,40.5,42.4,0.908,4050,0.503,0.924,42,41,0,1,150,100,0.50-0.74,0.25-0.49,GRASP,No óptimo
N2c3w4_m,47.333,45.7,0.894,4733.333,0.594,0.918,45,44,0,1,150,100,0.25-0.49,0.25-0.49,GRASP,No óptimo
N2w1b2r0,41.933,37.467,0.88,4193.333,0.214,0.902,37,36,0,1,1000,100,0.25-0.49,0.25-0.49,GRASP,No óptimo
N2w1b3r2,36,36.567,0.922,3600,0.189,0.949,36,35,0,1,1000,100,0.50-0.74,0.25-0.49,GRASP,No óptimo
N2w2b1r0,35.733,21.033,0.905,3573.333,0.171,0.924,21,20,0,1,1000,100,0.00-0.24,0.00-0.24,GRASP,No óptimo
N2w2b2r9,33.567,21,0.922,3356.667,0.162,0.936,21,20,0,1,1000,100,0.00-0.24,0.00-0.24,GRASP,No óptimo
N3c1w1_c,36.833,101.8,0.912,7366.667,1.855,0.938,100,99,0,1,100,200,0.75-1.00,0.25-0.49,GRASP,No óptimo
N3c1w2_g,56.033,133.9,0.87,11206.667,1.259,0.881,133,132,0,1,100,200,0.75-1.00,0.50-0.74,GRASP,No óptimo
N3c1w4_j,45,143.933,0.817,9000,1.04,0.827,143,142,0,1,100,200,0.50-0.74,0.50-0.74,GRASP,No óptimo
N3c2w4_d,74.433,115.567,0.863,14886.667,1.618,0.871,115,114,0,1,120,200,0.50-0.74,0.50-0.74,GRASP,No óptimo
N3c3w1_d,31.4,65.133,0.942,6280,0.607,0.969,64,63,0,1,150,200,0.50-0.74,0.25-0.49,GRASP,No óptimo
N3c3w1_g,37.1,66.233,0.946,7420,0.724,0.957,66,65,0,1,150,200,0.50-0.74,0.25-0.49,GRASP,No óptimo
N3c3w2_b,90.1,83.533,0.946,18020,1.837,0.974,82,81,0,1,150,200,0.50-0.74,0.25-0.49,GRASP,No óptimo
N3c3w2_d,86.7,81.133,0.942,17340,1.759,0.963,80,79,0,1,150,200,0.50-0.74,0.25-0.49,GRASP,No óptimo
N3c3w4_j,113.367,90.367,0.932,22673.333,2.336,0.954,89,88,0,1,150,200,0.25-0.49,0.25-0.49,GRASP,No óptimo
N3c3w4_t,108.267,87.233,0.934,21653.333,2.245,0.956,86,85,0,1,150,200,0.25-0.49,0.25-0.49,GRASP,No óptimo
N3w1b1r7,126.467,68.9,0.904,25293.333,2.526,0.923,68,67,0,1,1000,200,0.00-0.24,0.25-0.49,GRASP,No óptimo
N3w2b1r0,70.433,42.933,0.892,14086.667,1.315,0.926,42,41,0,1,1000,200,0.00-0.24,0.00-0.24,GRASP,No óptimo
N3w2b2r6,71.867,41.067,0.944,14373.333,1.355,0.955,41,40,0,1,1000,200,0.00-0.24,0.00-0.24,GRASP,No óptimo
N4c1w2_k,149.933,313.867,0.897,74966.667,20.627,0.906,312,311,0,1,100,500,0.75-1.00,0.50-0.74,GRASP,No óptimo
N4c1w4_b,111.6,351.167,0.839,55800,15.72,0.844,350,349,0,1,100,500,0.50-0.74,0.50-0.74,GRASP,No óptimo
N4c1w4_s,124.667,360.333,0.814,62333.333,17.663,0.816,360,359,0,1,100,500,0.50-0.74,0.50-0.74,GRASP,No óptimo
N4c2w4_b,183.3,283.067,0.884,91650,24.318,0.89,282,281,0,1,120,500,0.50-0.74,0.50-0.74,GRASP,No óptimo
N4c2w4_d,114.4,297.8,0.851,57200,15.363,0.86,296,295,0,1,120,500,0.50-0.74,0.50-0.74,GRASP,No óptimo
N4c3w1_b,99.9,167.567,0.965,49950,11.98,0.98,166,165,0,1,150,500,0.50-0.74,0.25-0.49,GRASP,No óptimo
N4w2b2r0,207,103.433,0.943,103500,23.601,0.966,102,101,0,1,1000,500,0.00-0.24,0.00-0.24,GRASP,No óptimo
N4w2b3r0,112.6,102,0.976,56300,12.716,0.979,102,101,0,1,1000,500,0.25-0.49,0.00-0.24,GRASP,No óptimo
N4w3b1r3,138.233,73,0.929,69116.667,15.201,0.952,72,71,0,1,1000,500,0.00-0.24,0.00-0.24,GRASP,No óptimo
N4w4b1r0,100.8,57.5,0.936,50400,10.842,0.951,57,56,0,1,1000,500,0.00-0.24,0.00-0.24,GRASP,No óptimo
t60_07,31.233,21.767,0.868,1874,0.059,0.92,21,20,0,1,10000,60,0.00-0.24,0.25-0.49,GRASP,No óptimo
t60_19,33.4,21.8,0.867,2004,0.064,0.921,21,20,0,1,10000,60,0.25-0.49,0.25-0.49,GRASP,No óptimo
TEST0058,16.333,21,0.922,1486.333,0.063,0.931,21,20,0,1,10000,91,0.25-0.49,0.00-0.24,GRASP,No óptimo
TEST0084,14.7,17,0.915,1352.4,0.059,0.926,17,16,0,1,10000,92,0.25-0.49,0.00-0.24,GRASP,No óptimo
u120_00,51.467,49.633,0.916,6176,0.382,0.937,49,48,0,1,150,120,0.50-0.74,0.25-0.49,GRASP,No óptimo
u120_05,47.567,49.8,0.92,5708,0.354,0.945,49,48,0,1,150,120,0.50-0.74,0.25-0.49,GRASP,No óptimo
u250_01,109.433,102.167,0.947,27358.333,3.451,0.965,101,100,0,1,150,250,0.50-0.74,0.25-0.49,GRASP,No óptimo
BPP_100,96.7,22.467,0.875,11610,1.011,0.841,23,22,0.533333333,1,1000,120,0.00-0.24,0.00-0.24,Busqueda Vecindario Variable,No óptimo
BPP_14,94.033,22.5,0.872,11290,1.004,0.84,23,22,0.5,1,1000,120,0.00-0.24,0.00-0.24,Busqueda Vecindario Variable,No óptimo
BPP_2,100.7,23,0.857,12090,1.052,0.851,23,22,0,1,1000,120,0.00-0.24,0.00-0.24,Busqueda Vecindario Variable,No óptimo
BPP_20,111.067,23,0.868,13334,1.256,0.88,23,22,0,1,1000,120,0.00-0.24,0.00-0.24,Busqueda Vecindario Variable,No óptimo
BPP_33,103.767,22.933,0.858,12457.767,1.201,0.852,23,22,0.066666667,1,1000,120,0.00-0.24,0.00-0.24,Busqueda Vecindario Variable,No óptimo
BPP_4,97.333,22.967,0.852,11686,1.134,0.849,23,22,0.033333333,1,1000,120,0.00-0.24,0.00-0.24,Busqueda Vecindario Variable,No óptimo
BPP_42,101.633,22.767,0.865,12202,1.172,0.86,23,22,0.233333333,1,1000,120,0.00-0.24,0.00-0.24,Busqueda Vecindario Variable,No óptimo
BPP_48,98.8,22.467,0.874,11862,1.154,0.838,23,22,0.533333333,1,1000,120,0.00-0.24,0.00-0.24,Busqueda Vecindario Variable,No óptimo
BPP_6,97.533,22.933,0.858,11709.667,1.137,0.857,23,22,0.066666667,1,1000,120,0.00-0.24,0.00-0.24,Busqueda Vecindario Variable,No óptimo
BPP14,86.8,19,0.853,8686,0.636,0.852,19,18,0,1,1000,100,0.00-0.24,0.00-0.24,Busqueda Vecindario Variable,No óptimo
BPP15,52.967,18.433,0.885,5300.367,0.389,0.853,19,18,0.566666667,1,1000,100,0.00-0.24,0.00-0.24,Busqueda Vecindario Variable,No óptimo
BPP16,84.3,18.933,0.861,8435.7,0.62,0.861,19,18,0.066666667,1,1000,100,0.00-0.24,0.00-0.24,Busqueda Vecindario Variable,No óptimo
BPP3,75.3,18.933,0.858,7535.7,0.551,0.856,19,18,0.066666667,1,1000,100,0.00-0.24,0.00-0.24,Busqueda Vecindario Variable,No óptimo
BPP4,90.033,19,0.863,9009.333,0.661,0.863,19,18,0,1,1000,100,0.00-0.24,0.00-0.24,Busqueda Vecindario Variable,No óptimo
BPP58,70.2,18.8,0.867,7025.167,0.517,0.862,19,18,0.2,1,1000,100,0.00-0.24,0.00-0.24,Busqueda Vecindario Variable,No óptimo
BPP60,81,18.933,0.866,8105.667,0.593,0.854,19,18,0.066666667,1,1000,100,0.00-0.24,0.00-0.24,Busqueda Vecindario Variable,No óptimo
BPP72,85.633,19,0.87,8569.333,0.626,0.883,19,18,0,1,1000,100,0.00-0.24,0.00-0.24,Busqueda Vecindario Variable,No óptimo
BPP8,91.7,19,0.87,9176,0.671,0.877,19,18,0,1,1000,100,0.00-0.24,0.00-0.24,Busqueda Vecindario Variable,No óptimo
BPP85,96.3,19,0.873,9636,0.705,0.869,19,18,0,1,1000,100,0.00-0.24,0.00-0.24,Busqueda Vecindario Variable,No óptimo
N1c1w1_o,27.967,32.467,0.835,1401.8,0.077,0.811,33,32,0.533333333,1,100,50,0.75-1.00,0.50-0.74,Busqueda Vecindario Variable,No óptimo
N1c1w1_p,25.267,26.5,0.822,1266.867,0.071,0.782,27,26,0.5,1,100,50,0.75-1.00,0.25-0.49,Busqueda Vecindario Variable,No óptimo
N1c1w2_c,29.033,33.633,0.826,1455.9,0.092,0.81,34,33,0.366666667,1,100,50,0.75-1.00,0.50-0.74,Busqueda Vecindario Variable,No óptimo
N1c1w4_d,13.4,38.033,0.772,671.367,0.037,0.747,39,38,0.966666667,1,100,50,0.50-0.74,0.50-0.74,Busqueda Vecindario Variable,No óptimo
N1c1w4_i,33.367,35.867,0.763,1673.667,0.133,0.76,36,35,0.133333333,1,100,50,0.50-0.74,0.50-0.74,Busqueda Vecindario Variable,No óptimo
N1c2w1_b,19.667,26.233,0.784,985.633,0.098,0.747,27,26,0.766666667,1,120,50,0.75-1.00,0.25-0.49,Busqueda Vecindario Variable,No óptimo
N1c2w1_q,31.667,24.667,0.775,1587.733,0.084,0.753,25,24,0.333333333,1,120,50,0.75-1.00,0.25-0.49,Busqueda Vecindario Variable,No óptimo
N1c2w4_f,23.367,32.3,0.736,1171.133,0.07,0.712,33,32,0.7,1,120,50,0.50-0.74,0.50-0.74,Busqueda Vecindario Variable,No óptimo
N1c2w4_l,40.233,31.233,0.775,2017.667,0.105,0.743,32,31,0.766666667,1,120,50,0.50-0.74,0.50-0.74,Busqueda Vecindario Variable,No óptimo
N1w1b2r1,36.367,17.7,0.867,1822.9,0.083,0.856,18,17,0.3,1,1000,50,0.25-0.49,0.25-0.49,Busqueda Vecindario Variable,No óptimo
N1w2b1r8,43.7,11,0.864,2191,0.091,0.863,11,10,0,1,1000,50,0.00-0.24,0.00-0.24,Busqueda Vecindario Variable,No óptimo
N1w2b2r0,17.567,10.233,0.932,880.567,0.036,0.855,11,10,0.766666667,1,1000,50,0.00-0.24,0.00-0.24,Busqueda Vecindario Variable,No óptimo
N1w3b1r2,38.9,7.967,0.853,1950.833,0.083,0.848,8,7,0.033333333,1,1000,50,0.00-0.24,0.00-0.24,Busqueda Vecindario Variable,No óptimo
N2w2b1r0,66.133,20.967,0.907,6619.167,0.524,0.9,21,20,0.033333333,1,1000,100,0.00-0.24,0.00-0.24,Busqueda Vecindario Variable,No óptimo
N2w2b2r9,64.067,21,0.912,6412.667,0.514,0.925,21,20,0,1,1000,100,0.00-0.24,0.00-0.24,Busqueda Vecindario Variable,No óptimo
N2w2b3r2,59.533,21.933,0.914,5959,0.471,0.902,22,21,0.066666667,1,1000,100,0.25-0.49,0.00-0.24,Busqueda Vecindario Variable,No óptimo
N2w4b2r9,16.333,11.133,0.958,1635.1,0.123,0.88,12,11,0.866666667,1,1000,100,0.00-0.24,0.00-0.24,Busqueda Vecindario Variable,No óptimo
N3c1w2_d,78.967,139.233,0.822,15795.6,2.97,0.816,140,139,0.766666667,1,100,200,0.75-1.00,0.50-0.74,Busqueda Vecindario Variable,No óptimo
N3w3b1r3,70.4,29.333,0.931,14084.067,2.161,0.902,30,29,0.666666667,1,1000,200,0.00-0.24,0.00-0.24,Busqueda Vecindario Variable,No óptimo
N3w3b2r2,89.1,29,0.934,17826,2.714,0.94,29,28,0,1,1000,200,0.00-0.24,0.00-0.24,Busqueda Vecindario Variable,No óptimo
N3w3b3r1,23.2,27.033,0.946,4641.3,0.701,0.898,28,27,0.966666667,1,1000,200,0.25-0.49,0.00-0.24,Busqueda Vecindario Variable,No óptimo
N4w4b3r0,91.233,55.4,0.954,45619.7,16.616,0.936,56,55,0.6,1,1000,500,0.00-0.24,0.00-0.24,Busqueda Vecindario Variable,No óptimo
TEST0058,54.9,21,0.917,5001.9,0.388,0.915,21,20,0,1,10000,91,0.25-0.49,0.00-0.24,Busqueda Vecindario Variable,No óptimo
TEST0084,47.633,17,0.909,4388.267,0.331,0.902,17,16,0,1,10000,92,0.25-0.49,0.00-0.24,Busqueda Vecindario Variable,No óptimo
hBPP419,119.533,84,0.919,24106.667,1.449,0.952,82,80,0,2,1000,200,0.75-1.00,0.25-0.49,Hill Climbing Reducido,No óptimo
hBPP900,113.9,79,0.915,22980,1.388,0.952,77,75,0,2,1000,200,0.50-0.74,0.25-0.49,Hill Climbing Reducido,No óptimo
N3c1w1_k,103.033,104.9,0.908,20806.667,1.78,0.922,104,102,0,2,100,200,0.75-1.00,0.50-0.74,Hill Climbing Reducido,No óptimo
N3c2w1_n,103,94.3,0.864,20800,3.353,0.886,93,91,0,2,120,200,0.75-1.00,0.25-0.49,Hill Climbing Reducido,No óptimo
N3c2w1_q,104.7,85.5,0.916,21140,3.146,0.945,84,82,0,2,120,200,0.75-1.00,0.25-0.49,Hill Climbing Reducido,No óptimo
N3c2w2_g,121.333,105.8,0.895,24466.667,4.353,0.919,104,102,0,2,120,200,0.50-0.74,0.50-0.74,Hill Climbing Reducido,No óptimo
N3c3w2_b,113.267,84.367,0.931,22853.333,3.737,0.955,83,81,0,2,150,200,0.50-0.74,0.25-0.49,Hill Climbing Reducido,No óptimo
N3c3w4_t,120.933,87.867,0.924,24386.667,3.79,0.94,87,85,0,2,150,200,0.25-0.49,0.25-0.49,Hill Climbing Reducido,No óptimo
N3w1b2r0,128.067,71.033,0.893,25813.333,1.441,0.936,69,67,0,2,1000,200,0.25-0.49,0.25-0.49,Hill Climbing Reducido,No óptimo
N4c3w1_b,256.6,167.767,0.963,128800,18.342,0.972,167,165,0,2,150,500,0.50-0.74,0.25-0.49,Hill Climbing Reducido,No óptimo
N4c3w1_r,269.3,170.133,0.967,135150,19.356,0.978,169,167,0,2,150,500,0.50-0.74,0.25-0.49,Hill Climbing Reducido,No óptimo
N4w1b3r1,363.3,173.733,0.966,182150,24.986,0.974,173,171,0,2,1000,500,0.50-0.74,0.25-0.49,Hill Climbing Reducido,No óptimo
N4w2b2r0,210.6,106.367,0.897,105800,12.592,0.95,103,101,0,2,1000,500,0.00-0.24,0.00-0.24,Hill Climbing Reducido,No óptimo
N4w2b3r0,215.867,105.033,0.929,108433.333,12.94,0.96,103,101,0,2,1000,500,0.25-0.49,0.00-0.24,Hill Climbing Reducido,No óptimo
N4w3b1r3,140.067,73.633,0.914,70533.333,7.753,0.931,73,71,0,2,1000,500,0.00-0.24,0.00-0.24,Hill Climbing Reducido,No óptimo
t120_06,77.967,43.2,0.88,9476,0.318,0.921,42,40,0,2,10000,120,0.00-0.24,0.25-0.49,Hill Climbing Reducido,No óptimo
t120_17,81.467,43.3,0.877,9896,0.338,0.922,42,40,0,2,10000,120,0.25-0.49,0.25-0.49,Hill Climbing Reducido,No óptimo
u250_01,151.1,102.867,0.937,38025,2.674,0.951,102,100,0,2,150,250,0.50-0.74,0.25-0.49,Hill Climbing Reducido,No óptimo
u250_07,161.167,106.9,0.935,40541.667,2.952,0.962,105,103,0,2,150,250,0.50-0.74,0.25-0.49,Hill Climbing Reducido,No óptimo
u500_13,328.333,200.533,0.959,164666.667,24.58,0.978,198,196,0,2,150,500,0.50-0.74,0.25-0.49,Hill Climbing Reducido,No óptimo
N4c3w2_s,501,199.4,0.972,250500,62.188,0.982,198,196,0,2,150,500,0.50-0.74,0.25-0.49,Recocido Simulado,No óptimo
N4c3w4_c,501,222.267,0.958,250500,63.451,0.972,220,218,0,2,150,500,0.25-0.49,0.25-0.49,Recocido Simulado,No óptimo
N4c3w4_m,501,220,0.959,250500,63.047,0.973,218,216,0,2,150,500,0.25-0.49,0.25-0.49,Recocido Simulado,No óptimo
N4w3b2r3,501,73.833,0.917,250500,51.212,0.939,73,71,0,2,1000,500,0.00-0.24,0.00-0.24,Recocido Simulado,No óptimo
N2c1w1_s,33.533,48.1,0.861,2333,0.143,0.901,47,45,0,2,100,100,0.75-1.00,0.25-0.49,Búsqueda Tabú,No óptimo
N2c1w2_o,33.933,66.867,0.819,2363.967,0.162,0.839,66,64,0,2,100,100,0.75-1.00,0.50-0.74,Búsqueda Tabú,No óptimo
N2c2w1_d,35.933,45.567,0.85,2491.333,0.291,0.904,44,42,0,2,120,100,0.75-1.00,0.25-0.49,Búsqueda Tabú,No óptimo
N2c2w1_e,32,43.733,0.84,2237.2,0.123,0.897,42,40,0,2,120,100,0.75-1.00,0.25-0.49,Búsqueda Tabú,No óptimo
N2c2w2_f,44.033,51.367,0.842,2999.533,0.168,0.883,50,48,0,2,120,100,0.50-0.74,0.25-0.49,Búsqueda Tabú,No óptimo
N2c2w4_r,37.733,59.9,0.793,2604.467,0.156,0.837,58,56,0,2,120,100,0.50-0.74,0.50-0.74,Búsqueda Tabú,No óptimo
N2c3w4_i,43.767,46.833,0.87,2985.867,0.168,0.899,46,44,0,2,150,100,0.25-0.49,0.25-0.49,Búsqueda Tabú,No óptimo
N2c3w4_m,41.267,47.1,0.848,2834.167,0.158,0.884,46,44,0,2,150,100,0.25-0.49,0.25-0.49,Búsqueda Tabú,No óptimo
N2w1b3r2,35.9,37.767,0.871,2485.6,0.132,0.904,37,35,0,2,1000,100,0.50-0.74,0.25-0.49,Búsqueda Tabú,No óptimo
N3c1w4_j,61.2,146.767,0.79,8561.933,1.006,0.817,144,142,0,2,100,200,0.50-0.74,0.50-0.74,Búsqueda Tabú,No óptimo
N3c2w2_s,97.733,111.7,0.845,13214.267,1.47,0.879,109,107,0,2,120,200,0.50-0.74,0.50-0.74,Búsqueda Tabú,No óptimo
N3c2w4_d,93.4,118.567,0.825,12670.4,1.432,0.856,116,114,0,2,120,200,0.50-0.74,0.50-0.74,Búsqueda Tabú,No óptimo
N3c3w1_d,71.3,66.5,0.908,9863.633,0.986,0.943,65,63,0,2,150,200,0.50-0.74,0.25-0.49,Búsqueda Tabú,No óptimo
N4w2b3r0,171.467,105.233,0.924,59262.133,13.45,0.958,103,101,0,2,1000,500,0.25-0.49,0.00-0.24,Búsqueda Tabú,No óptimo
N4w3b1r3,126.2,73.8,0.91,44774.867,9.808,0.931,73,71,0,2,1000,500,0.00-0.24,0.00-0.24,Búsqueda Tabú,No óptimo
t120_17,68.267,43.633,0.864,5499.567,0.337,0.92,42,40,0,2,10000,120,0.25-0.49,0.25-0.49,Búsqueda Tabú,No óptimo
u120_00,44.833,51.3,0.865,3702.633,0.233,0.902,50,48,0,2,150,120,0.50-0.74,0.25-0.49,Búsqueda Tabú,No óptimo
u120_05,46.333,51.433,0.871,3827.7,0.239,0.912,50,48,0,2,150,120,0.50-0.74,0.25-0.49,Búsqueda Tabú,No óptimo
hBPP419,70.767,83.333,0.931,14153.333,1.339,0.955,82,80,0,2,1000,200,0.75-1.00,0.25-0.49,GRASP,No óptimo
hBPP900,75.867,78.067,0.932,15173.333,1.426,0.955,77,75,0,2,1000,200,0.50-0.74,0.25-0.49,GRASP,No óptimo
N2c2w1_e,19.567,42.333,0.89,1956.667,0.262,0.907,42,40,0,2,120,100,0.75-1.00,0.25-0.49,GRASP,No óptimo
N3c1w1_k,39.167,105.067,0.906,7833.333,2.02,0.923,104,102,0,2,100,200,0.75-1.00,0.50-0.74,GRASP,No óptimo
N3c2w1_n,27.233,94.933,0.855,5446.667,0.572,0.884,93,91,0,2,120,200,0.75-1.00,0.25-0.49,GRASP,No óptimo
N3c2w1_q,39.8,85.333,0.918,7960,0.817,0.944,84,82,0,2,120,200,0.75-1.00,0.25-0.49,GRASP,No óptimo
N3c2w2_g,73.633,104.733,0.911,14726.667,1.572,0.924,104,102,0,2,120,200,0.50-0.74,0.50-0.74,GRASP,No óptimo
N3w1b2r0,108.067,70.2,0.912,21613.333,2.135,0.94,69,67,0,2,1000,200,0.25-0.49,0.25-0.49,GRASP,No óptimo
N4c2w2_q,186.2,260.333,0.938,93100,24.246,0.947,259,257,0,2,120,500,0.50-0.74,0.50-0.74,GRASP,No óptimo
N4c3w1_r,80.1,170.233,0.966,40050,9.801,0.978,169,167,0,2,150,500,0.50-0.74,0.25-0.49,GRASP,No óptimo
N4c3w2_i,258.4,201.067,0.968,129200,31.992,0.976,200,198,0,2,150,500,0.50-0.74,0.25-0.49,GRASP,No óptimo
N4w1b3r1,214.733,173.367,0.969,107366.667,26.353,0.973,173,171,0,2,1000,500,0.50-0.74,0.25-0.49,GRASP,No óptimo
t120_06,72.433,42.9,0.89,8692,0.525,0.922,42,40,0,2,10000,120,0.00-0.24,0.25-0.49,GRASP,No óptimo
t120_17,73.3,43.167,0.883,8796,0.539,0.925,42,40,0,2,10000,120,0.25-0.49,0.25-0.49,GRASP,No óptimo
u250_07,109.9,106.3,0.942,27475,3.551,0.96,105,103,0,2,150,250,0.50-0.74,0.25-0.49,GRASP,No óptimo
u500_13,236.333,199.467,0.966,118166.667,29.266,0.978,198,196,0,2,150,500,0.50-0.74,0.25-0.49,GRASP,No óptimo
BPP_12,114.367,23.033,0.863,13730,1.198,0.812,24,22,0,2,1000,120,0.00-0.24,0.00-0.24,Busqueda Vecindario Variable,No óptimo
N1c1w2_d,31.1,31.8,0.814,1559.533,0.085,0.761,33,31,0.3,2,100,50,0.75-1.00,0.50-0.74,Busqueda Vecindario Variable,No óptimo
N1c2w2_f,39.5,27.033,0.825,1981,0.105,0.772,28,26,0.133333333,2,120,50,0.50-0.74,0.25-0.49,Busqueda Vecindario Variable,No óptimo
N1c3w1_c,35.867,18.367,0.869,1799.333,0.093,0.82,19,17,0,2,150,50,0.50-0.74,0.25-0.49,Busqueda Vecindario Variable,No óptimo
N1c3w1_f,37.033,21.333,0.855,1857.667,0.1,0.805,22,20,0,2,150,50,0.50-0.74,0.25-0.49,Busqueda Vecindario Variable,No óptimo
N1c3w2_d,39.367,21.3,0.865,1974.333,0.105,0.825,22,20,0,2,150,50,0.50-0.74,0.25-0.49,Busqueda Vecindario Variable,No óptimo
N1c3w2_h,41.467,23.9,0.858,2079.333,0.111,0.798,25,23,0.133333333,2,150,50,0.50-0.74,0.25-0.49,Busqueda Vecindario Variable,No óptimo
N1c3w4_b,42.533,23.067,0.884,2132.167,0.105,0.83,24,22,0.1,2,150,50,0.25-0.49,0.25-0.49,Busqueda Vecindario Variable,No óptimo
N1c3w4_c,42.567,25.333,0.84,2134.333,0.113,0.803,26,24,0,2,150,50,0.25-0.49,0.25-0.49,Busqueda Vecindario Variable,No óptimo
N1w1b1r7,44.8,18.067,0.864,2245.833,0.097,0.793,19,17,0.033333333,2,1000,50,0.00-0.24,0.25-0.49,Busqueda Vecindario Variable,No óptimo
N1w1b3r3,38.733,17.1,0.886,1942.667,0.086,0.821,18,16,0,2,1000,50,0.50-0.74,0.25-0.49,Busqueda Vecindario Variable,No óptimo
N2c1w2_h,44.067,70.433,0.783,4409.667,0.43,0.756,72,70,0.6,2,100,100,0.75-1.00,0.50-0.74,Busqueda Vecindario Variable,No óptimo
N2c1w4_h,42.767,75.533,0.758,4280.233,0.448,0.733,77,75,0.5,2,100,100,0.50-0.74,0.50-0.74,Busqueda Vecindario Variable,No óptimo
N2c1w4_q,49.6,75.967,0.768,4965.033,0.497,0.753,77,75,0.2,2,100,100,0.50-0.74,0.50-0.74,Busqueda Vecindario Variable,No óptimo
N2c2w4_k,60.567,59.967,0.816,6061.667,0.585,0.792,61,59,0.2,2,120,100,0.50-0.74,0.50-0.74,Busqueda Vecindario Variable,No óptimo
N2c3w1_i,55.367,35.033,0.916,5542,0.499,0.881,36,34,0.133333333,2,150,100,0.50-0.74,0.25-0.49,Busqueda Vecindario Variable,No óptimo
N2w1b1r2,81.667,34.9,0.903,8172.667,0.679,0.853,36,34,0.2,2,1000,100,0.00-0.24,0.25-0.49,Busqueda Vecindario Variable,No óptimo
N3c1w4_a,88.333,150.6,0.802,17672.5,3.331,0.798,151,149,0.033333333,2,100,200,0.50-0.74,0.50-0.74,Busqueda Vecindario Variable,No óptimo
N3w2b2r6,110.4,41.867,0.91,22086,3.434,0.906,42,40,0,2,1000,200,0.00-0.24,0.00-0.24,Busqueda Vecindario Variable,No óptimo
N3w2b3r7,96.233,42.9,0.93,19251.5,3.039,0.891,44,42,0.233333333,2,1000,200,0.25-0.49,0.00-0.24,Busqueda Vecindario Variable,No óptimo
N4c1w2_m,265.733,330.767,0.864,132872.667,56.657,0.858,332,330,0.433333333,2,100,500,0.75-1.00,0.50-0.74,Busqueda Vecindario Variable,No óptimo
N4c1w4_s,232.3,360.467,0.814,116156,50.493,0.812,361,359,0,2,100,500,0.50-0.74,0.50-0.74,Busqueda Vecindario Variable,No óptimo
N4w4b1r0,145.767,57.633,0.93,72889.333,26.591,0.918,58,56,0,2,1000,500,0.00-0.24,0.00-0.24,Busqueda Vecindario Variable,No óptimo
N4w4b2r9,142.833,56.9,0.944,71422,25.903,0.909,58,56,0.133333333,2,1000,500,0.00-0.24,0.00-0.24,Busqueda Vecindario Variable,No óptimo
t60_07,59.467,21.633,0.877,3574,0.185,0.846,22,20,0,2,10000,60,0.00-0.24,0.25-0.49,Busqueda Vecindario Variable,No óptimo
t60_19,56.633,21.867,0.861,3404,0.176,0.862,22,20,0,2,10000,60,0.25-0.49,0.25-0.49,Busqueda Vecindario Variable,No óptimo
Hard2,149.867,60.8,0.852,30173.333,1.583,0.9,59,56,0,3,1.00E+05,200,0.00-0.24,0.25-0.49,Hill Climbing Reducido,No óptimo
hBPP814,123.867,85.467,0.908,24973.333,1.589,0.933,84,81,0,3,1000,200,0.75-1.00,0.25-0.49,Hill Climbing Reducido,No óptimo
N4c3w2_i,336.367,202.133,0.96,168683.333,25.28,0.97,201,198,0,3,150,500,0.50-0.74,0.25-0.49,Hill Climbing Reducido,No óptimo
N4c3w2_s,322,201.3,0.955,161500,24.225,0.973,199,196,0,3,150,500,0.50-0.74,0.25-0.49,Hill Climbing Reducido,No óptimo
t249_05,178.233,89.267,0.887,44629.1,2.956,0.943,86,83,0,3,10000,249,0.25-0.49,0.25-0.49,Hill Climbing Reducido,No óptimo
t249_06,202.367,89,0.892,50638.3,3.363,0.941,86,83,0,3,10000,249,0.25-0.49,0.25-0.49,Hill Climbing Reducido,No óptimo
Hard2,501,60.933,0.849,100200,10.402,0.899,59,56,0,3,1.00E+05,200,0.00-0.24,0.25-0.49,Recocido Simulado,No óptimo
N4c1w1_l,501,262,0.943,250500,65.428,0.949,261,258,0,3,100,500,0.75-1.00,0.50-0.74,Recocido Simulado,No óptimo
N4c2w1_c,501,217.367,0.962,250500,62.867,0.971,216,213,0,3,120,500,0.75-1.00,0.25-0.49,Recocido Simulado,No óptimo
N4c2w1_k,501,214.733,0.962,250500,62.683,0.973,213,210,0,3,120,500,0.75-1.00,0.25-0.49,Recocido Simulado,No óptimo
N4c2w2_q,501,261.333,0.933,250500,65.337,0.942,260,257,0,3,120,500,0.50-0.74,0.50-0.74,Recocido Simulado,No óptimo
N4w2b2r0,501,106.267,0.899,250500,52.995,0.934,104,101,0,3,1000,500,0.00-0.24,0.00-0.24,Recocido Simulado,No óptimo
t249_06,501,88.1,0.909,124749,16.33,0.943,86,83,0,3,10000,249,0.25-0.49,0.25-0.49,Recocido Simulado,No óptimo
u500_06,501,211.133,0.966,250500,76.188,0.974,210,207,0,3,150,500,0.50-0.74,0.25-0.49,Recocido Simulado,No óptimo
hBPP900,94.967,80.8,0.879,12875.9,1.324,0.929,78,75,0,3,1000,200,0.50-0.74,0.25-0.49,Búsqueda Tabú,No óptimo
N3c1w1_k,86.1,107.167,0.875,11735.633,1.286,0.908,105,102,0,3,100,200,0.75-1.00,0.50-0.74,Búsqueda Tabú,No óptimo
N3c1w2_g,61.1,137.1,0.835,8538.3,0.982,0.856,135,132,0,3,100,200,0.75-1.00,0.50-0.74,Búsqueda Tabú,No óptimo
N3c1w4_a,54.3,153.033,0.78,7671.533,0.915,0.79,152,149,0,3,100,200,0.50-0.74,0.50-0.74,Búsqueda Tabú,No óptimo
N3c2w1_n,82.5,96.467,0.83,11290.267,1.223,0.868,94,91,0,3,120,200,0.75-1.00,0.25-0.49,Búsqueda Tabú,No óptimo
N3c2w4_a,95.067,118,0.822,12887.667,1.458,0.845,116,113,0,3,120,200,0.50-0.74,0.50-0.74,Búsqueda Tabú,No óptimo
N3c3w2_b,98.6,85.933,0.902,13350.3,1.41,0.933,84,81,0,3,150,200,0.50-0.74,0.25-0.49,Búsqueda Tabú,No óptimo
N3c3w2_d,87.9,83.267,0.901,11963.933,1.247,0.925,82,79,0,3,150,200,0.50-0.74,0.25-0.49,Búsqueda Tabú,No óptimo
N3c3w4_j,101.167,92.867,0.89,13681.667,1.464,0.919,91,88,0,3,150,200,0.25-0.49,0.25-0.49,Búsqueda Tabú,No óptimo
N3c3w4_t,108.167,89.367,0.897,14559.8,1.523,0.92,88,85,0,3,150,200,0.25-0.49,0.25-0.49,Búsqueda Tabú,No óptimo
N3w1b2r0,103.867,71.8,0.875,14012.8,1.416,0.913,70,67,0,3,1000,200,0.25-0.49,0.25-0.49,Búsqueda Tabú,No óptimo
N4c1w1_e,251.9,277.2,0.882,84996.2,22.998,0.895,275,272,0,3,100,500,0.75-1.00,0.50-0.74,Búsqueda Tabú,No óptimo
N4c1w2_m,223.567,334.233,0.849,75950.967,21.301,0.855,333,330,0,3,100,500,0.75-1.00,0.50-0.74,Búsqueda Tabú,No óptimo
N4c1w4_s,163.1,364.933,0.796,56593.233,16.268,0.808,362,359,0,3,100,500,0.50-0.74,0.50-0.74,Búsqueda Tabú,No óptimo
N4w2b2r0,186.767,106.867,0.889,64141.7,14.566,0.932,104,101,0,3,1000,500,0.00-0.24,0.00-0.24,Búsqueda Tabú,No óptimo
u250_01,123.9,104.967,0.904,20912.4,2.702,0.932,103,100,0,3,150,250,0.50-0.74,0.25-0.49,Búsqueda Tabú,No óptimo
Hard2,134.4,60.7,0.855,26880,2.633,0.897,59,56,0,3,1.00E+05,200,0.00-0.24,0.25-0.49,GRASP,No óptimo
hBPP814,69.2,85,0.916,13840,1.327,0.937,84,81,0,3,1000,200,0.75-1.00,0.25-0.49,GRASP,No óptimo
N4c2w1_c,122.733,218.2,0.953,61366.667,15.436,0.97,216,213,0,3,120,500,0.75-1.00,0.25-0.49,GRASP,No óptimo
N4c3w2_s,242.967,200.2,0.964,121483.333,30.479,0.974,199,196,0,3,150,500,0.50-0.74,0.25-0.49,GRASP,No óptimo
N4c3w4_c,311.5,222.3,0.956,155750,41.569,0.965,221,218,0,3,150,500,0.25-0.49,0.25-0.49,GRASP,No óptimo
N4c3w4_m,309.633,220.333,0.955,154816.667,39.391,0.965,219,216,0,3,150,500,0.25-0.49,0.25-0.49,GRASP,No óptimo
t249_05,182.567,88.667,0.898,45459.1,5.589,0.941,86,83,0,3,10000,249,0.25-0.49,0.25-0.49,GRASP,No óptimo
t249_06,181.667,88.633,0.898,45235,7.653,0.941,86,83,0,3,10000,249,0.25-0.49,0.25-0.49,GRASP,No óptimo
u500_06,280.5,211.5,0.962,140250,34.136,0.974,210,207,0,3,150,500,0.50-0.74,0.25-0.49,GRASP,No óptimo
N2c1w1_d,65.5,51.567,0.881,6556,0.609,0.841,53,50,0,3,100,100,0.75-1.00,0.25-0.49,Busqueda Vecindario Variable,No óptimo
N2c1w1_s,60.933,46.967,0.896,6099.333,0.566,0.863,48,45,0,3,100,100,0.75-1.00,0.25-0.49,Busqueda Vecindario Variable,No óptimo
N2c1w2_o,61.533,65.933,0.839,6159.333,0.611,0.816,67,64,0,3,100,100,0.75-1.00,0.50-0.74,Busqueda Vecindario Variable,No óptimo
N2c2w1_e,60.167,42.567,0.882,6022.667,0.561,0.864,43,40,0,3,120,100,0.75-1.00,0.25-0.49,Busqueda Vecindario Variable,No óptimo
N2c2w2_b,70.367,57.233,0.835,7042.667,0.671,0.792,59,56,0.1,3,120,100,0.50-0.74,0.50-0.74,Busqueda Vecindario Variable,No óptimo
N2c3w1_d,63.033,38.567,0.906,6309.333,0.575,0.851,40,37,0,3,150,100,0.50-0.74,0.25-0.49,Busqueda Vecindario Variable,No óptimo
N2c3w2_q,68.033,42.733,0.896,6809.333,0.611,0.854,44,41,0,3,150,100,0.50-0.74,0.25-0.49,Busqueda Vecindario Variable,No óptimo
N2c3w4_i,74.633,45.7,0.907,7469.333,0.686,0.871,47,44,0,3,150,100,0.25-0.49,0.25-0.49,Busqueda Vecindario Variable,No óptimo
N2w1b2r0,77.267,38.067,0.854,7732.667,0.644,0.821,39,36,0,3,1000,100,0.25-0.49,0.25-0.49,Busqueda Vecindario Variable,No óptimo
N2w1b3r2,70.467,36.833,0.91,7052.667,0.595,0.863,38,35,0,3,1000,100,0.50-0.74,0.25-0.49,Busqueda Vecindario Variable,No óptimo
N3c3w1_g,104.3,66.6,0.938,20865.833,3.347,0.908,68,65,0.033333333,3,150,200,0.50-0.74,0.25-0.49,Busqueda Vecindario Variable,No óptimo
N3w1b3r5,119.667,66.433,0.938,23939.167,3.851,0.903,68,65,0.033333333,3,1000,200,0.50-0.74,0.25-0.49,Busqueda Vecindario Variable,No óptimo
N3w2b1r0,104.667,42.967,0.887,20939.333,3.249,0.852,44,41,0,3,1000,200,0.00-0.24,0.00-0.24,Busqueda Vecindario Variable,No óptimo
N4w3b1r3,178.733,73.2,0.923,89372.667,32.632,0.91,74,71,0,3,1000,500,0.00-0.24,0.00-0.24,Busqueda Vecindario Variable,No óptimo
N4w3b3r9,171.567,73.2,0.931,85789.167,31.348,0.909,74,71,0.033333333,3,1000,500,0.25-0.49,0.00-0.24,Busqueda Vecindario Variable,No óptimo
u120_00,81.933,50.167,0.9,9838,2.294,0.876,51,48,0,3,150,120,0.50-0.74,0.25-0.49,Busqueda Vecindario Variable,No óptimo
N4c2w1_c,318.333,219.667,0.943,159666.667,24.621,0.961,217,213,0,4,120,500,0.75-1.00,0.25-0.49,Hill Climbing Reducido,No óptimo
N4c2w2_q,358.333,263.333,0.92,179666.667,29.136,0.934,261,257,0,4,120,500,0.50-0.74,0.50-0.74,Hill Climbing Reducido,No óptimo
N4c3w4_c,367,223.7,0.947,184000,26.939,0.959,222,218,0,4,150,500,0.25-0.49,0.25-0.49,Hill Climbing Reducido,No óptimo
N4c3w4_m,367.267,221.733,0.947,184133.333,28.381,0.959,220,216,0,4,150,500,0.25-0.49,0.25-0.49,Hill Climbing Reducido,No óptimo
u500_06,363.367,212.1,0.958,182183.333,27.673,0.967,211,207,0,4,150,500,0.50-0.74,0.25-0.49,Hill Climbing Reducido,No óptimo
t249_05,501,88.3,0.906,124749,16.382,0.928,87,83,0,4,10000,249,0.25-0.49,0.25-0.49,Recocido Simulado,No óptimo
Hard2,119.267,61.233,0.84,15971.633,1.564,0.876,60,56,0,4,1.00E+05,200,0.00-0.24,0.25-0.49,Búsqueda Tabú,No óptimo
hBPP419,101.467,85.867,0.883,13707.167,1.454,0.915,84,80,0,4,1000,200,0.75-1.00,0.25-0.49,Búsqueda Tabú,No óptimo
N3c1w1_c,80.733,104.333,0.873,11044.833,1.207,0.896,103,99,0,4,100,200,0.75-1.00,0.25-0.49,Búsqueda Tabú,No óptimo
N3c2w1_q,84.4,87.767,0.875,11522.533,1.216,0.907,86,82,0,4,120,200,0.75-1.00,0.25-0.49,Búsqueda Tabú,No óptimo
N4c3w1_b,215.1,170.567,0.936,73230.167,17.776,0.949,169,165,0,4,150,500,0.50-0.74,0.25-0.49,Búsqueda Tabú,No óptimo
N4w1b3r1,268.333,177.067,0.934,90243.833,22.296,0.952,175,171,0,4,1000,500,0.50-0.74,0.25-0.49,Búsqueda Tabú,No óptimo
t249_05,163.8,89.333,0.884,27177.6,3.397,0.922,87,83,0,4,10000,249,0.25-0.49,0.25-0.49,Búsqueda Tabú,No óptimo
t249_06,163.567,89.7,0.878,27137.267,3.371,0.922,87,83,0,4,10000,249,0.25-0.49,0.25-0.49,Búsqueda Tabú,No óptimo
u250_07,123.533,109.633,0.895,20884.1,2.741,0.93,107,103,0,4,150,250,0.50-0.74,0.25-0.49,Búsqueda Tabú,No óptimo
N4c1w1_l,94.967,264.633,0.926,47483.333,12.375,0.942,262,258,0,4,100,500,0.75-1.00,0.50-0.74,GRASP,No óptimo
N4c2w1_k,110.333,216.133,0.95,55166.667,13.915,0.967,214,210,0,4,120,500,0.75-1.00,0.25-0.49,GRASP,No óptimo
N4c2w2_a,175.7,258.9,0.942,87850,22.817,0.954,257,253,0,4,120,500,0.50-0.74,0.50-0.74,GRASP,No óptimo
N4w1b1r0,335.867,173.367,0.911,167933.333,41.217,0.931,171,167,0,4,1000,500,0.00-0.24,0.25-0.49,GRASP,No óptimo
N4w1b2r5,326.867,167.533,0.934,163433.333,39.516,0.956,165,161,0,4,1000,500,0.25-0.49,0.25-0.49,GRASP,No óptimo
N4w2b1r1,165.633,106.5,0.901,82816.667,18.754,0.929,105,101,0,4,1000,500,0.00-0.24,0.00-0.24,GRASP,No óptimo
u1000_00,496.7,404.533,0.974,496700,244.504,0.979,403,399,0,4,150,1000,0.50-0.74,0.25-0.49,GRASP,No óptimo
u1000_13,490.6,401.5,0.973,490600,238.462,0.979,400,396,0,4,150,1000,0.50-0.74,0.25-0.49,GRASP,No óptimo
N2c2w1_d,63.4,44.433,0.889,6346,0.582,0.833,46,42,0,4,120,100,0.75-1.00,0.25-0.49,Busqueda Vecindario Variable,No óptimo
N2c2w2_f,66.967,50.2,0.877,6702.667,0.617,0.825,52,48,0,4,120,100,0.50-0.74,0.25-0.49,Busqueda Vecindario Variable,No óptimo
N2c2w4_r,65.733,58.367,0.831,6579.333,0.63,0.795,60,56,0,4,120,100,0.50-0.74,0.50-0.74,Busqueda Vecindario Variable,No óptimo
N2c3w2_a,66.7,42.9,0.895,6676,0.602,0.827,45,41,0,4,150,100,0.50-0.74,0.25-0.49,Busqueda Vecindario Variable,No óptimo
N2c3w4_m,71.567,46.167,0.88,7162.667,0.662,0.824,48,44,0,4,150,100,0.25-0.49,0.25-0.49,Busqueda Vecindario Variable,No óptimo
N3c1w2_g,104.8,134.3,0.866,20966,3.919,0.848,136,132,0,4,100,200,0.75-1.00,0.50-0.74,Busqueda Vecindario Variable,No óptimo
N3c1w4_j,94.867,144.167,0.815,18979.333,3.585,0.795,146,142,0,4,100,200,0.50-0.74,0.50-0.74,Busqueda Vecindario Variable,No óptimo
N3c2w1_n,119.1,94.233,0.866,23826,4.485,0.854,95,91,0,4,120,200,0.75-1.00,0.25-0.49,Busqueda Vecindario Variable,No óptimo
N3c2w4_d,122.867,116.033,0.856,24579.333,4.191,0.831,118,114,0.033333333,4,120,200,0.50-0.74,0.50-0.74,Busqueda Vecindario Variable,No óptimo
N3c3w1_d,103.8,65.433,0.935,20766,3.282,0.899,67,63,0,4,150,200,0.50-0.74,0.25-0.49,Busqueda Vecindario Variable,No óptimo
N3c3w2_d,128.267,81.333,0.938,25659.333,4.167,0.911,83,79,0,4,150,200,0.50-0.74,0.25-0.49,Busqueda Vecindario Variable,No óptimo
N3c3w4_j,143.5,91.133,0.92,28706,4.717,0.907,92,88,0,4,150,200,0.25-0.49,0.25-0.49,Busqueda Vecindario Variable,No óptimo
N3w1b1r7,161.933,69.167,0.898,32392.667,5.201,0.86,71,67,0,4,1000,200,0.00-0.24,0.25-0.49,Busqueda Vecindario Variable,No óptimo
N4c3w1_b,271.6,167.733,0.964,135806,53.045,0.953,169,165,0,4,150,500,0.50-0.74,0.25-0.49,Busqueda Vecindario Variable,No óptimo
N4w1b3r1,359.833,173.833,0.965,179922.667,70.501,0.955,175,171,0,4,1000,500,0.50-0.74,0.25-0.49,Busqueda Vecindario Variable,No óptimo
N4w3b2r3,176.733,73.933,0.914,88372.667,32.326,0.895,75,71,0,4,1000,500,0.00-0.24,0.00-0.24,Busqueda Vecindario Variable,No óptimo
t120_06,102.7,43.067,0.883,12330,1.23,0.85,44,40,0,4,10000,120,0.00-0.24,0.25-0.49,Busqueda Vecindario Variable,No óptimo
t120_17,113.1,42.833,0.894,13578,1.328,0.856,44,40,0,4,10000,120,0.25-0.49,0.25-0.49,Busqueda Vecindario Variable,No óptimo
u120_05,79,50.367,0.904,9486,2.245,0.863,52,48,0,4,150,120,0.50-0.74,0.25-0.49,Busqueda Vecindario Variable,No óptimo
N4c1w1_l,301.333,264.533,0.926,151166.667,53.638,0.937,263,258,0,5,100,500,0.75-1.00,0.50-0.74,Hill Climbing Reducido,No óptimo
N4c2w1_k,319.333,216.933,0.944,160166.667,24.67,0.958,215,210,0,5,120,500,0.75-1.00,0.25-0.49,Hill Climbing Reducido,No óptimo
N4w1b1r0,375.467,174.633,0.9,188233.333,25.288,0.923,172,167,0,5,1000,500,0.00-0.24,0.25-0.49,Hill Climbing Reducido,No óptimo
N4c2w2_a,501,259.8,0.937,250500,65.426,0.948,258,253,0,5,120,500,0.50-0.74,0.50-0.74,Recocido Simulado,No óptimo
N4w1b1r0,501,174.067,0.905,250500,60.258,0.923,172,167,0,5,1000,500,0.00-0.24,0.25-0.49,Recocido Simulado,No óptimo
N4w1b2r5,501,169.567,0.916,250500,56.396,0.947,166,161,0,5,1000,500,0.25-0.49,0.25-0.49,Recocido Simulado,No óptimo
N4w2b1r1,501,107.7,0.883,250500,53.044,0.908,106,101,0,5,1000,500,0.00-0.24,0.00-0.24,Recocido Simulado,No óptimo
hBPP814,92.933,87.533,0.87,12609.067,1.33,0.897,86,81,0,5,1000,200,0.75-1.00,0.25-0.49,Búsqueda Tabú,No óptimo
N3c2w2_g,96.333,108.7,0.853,13053.967,1.438,0.878,107,102,0,5,120,200,0.50-0.74,0.50-0.74,Búsqueda Tabú,No óptimo
N4c1w4_b,174.367,357.033,0.816,60199.567,17.075,0.828,354,349,0,5,100,500,0.50-0.74,0.50-0.74,Búsqueda Tabú,No óptimo
N4c3w1_r,212.367,174.167,0.93,72363.833,17.737,0.95,172,167,0,5,150,500,0.50-0.74,0.25-0.49,Búsqueda Tabú,No óptimo
N4w1b1r0,322.333,174.2,0.903,107527.467,26.246,0.923,172,167,0,5,1000,500,0.00-0.24,0.25-0.49,Búsqueda Tabú,No óptimo
hBPP419,129.6,84.067,0.917,25926,3.976,0.902,85,80,0,5,1000,200,0.75-1.00,0.25-0.49,Busqueda Vecindario Variable,No óptimo
N3c1w1_c,111.933,102.4,0.903,22392.667,4.029,0.88,104,99,0,5,100,200,0.75-1.00,0.25-0.49,Busqueda Vecindario Variable,No óptimo
N3c1w1_k,115.533,105.267,0.903,23112.667,4.125,0.88,107,102,0,5,100,200,0.75-1.00,0.50-0.74,Busqueda Vecindario Variable,No óptimo
N3c2w2_s,133.867,109.367,0.877,26779.167,4.822,0.841,112,107,0.033333333,5,120,200,0.50-0.74,0.50-0.74,Busqueda Vecindario Variable,No óptimo
N3c3w2_b,131.8,84.333,0.932,26366,4.311,0.906,86,81,0,5,150,200,0.50-0.74,0.25-0.49,Busqueda Vecindario Variable,No óptimo
N3c3w4_t,142.367,87.967,0.923,28479.333,4.682,0.891,90,85,0,5,150,200,0.25-0.49,0.25-0.49,Busqueda Vecindario Variable,No óptimo
N4c1w1_e,298.167,273.967,0.901,149089,61.576,0.884,277,272,0.066666667,5,100,500,0.75-1.00,0.50-0.74,Busqueda Vecindario Variable,No óptimo
N4c3w1_r,263.3,170.5,0.964,131656,51.705,0.95,172,167,0,5,150,500,0.50-0.74,0.25-0.49,Busqueda Vecindario Variable,No óptimo
u250_01,161.333,102.833,0.937,40339.333,19.171,0.908,105,100,0,5,150,250,0.50-0.74,0.25-0.49,Busqueda Vecindario Variable,No óptimo
u250_07,169.067,106.933,0.934,42272.667,20.271,0.92,108,103,0,5,150,250,0.50-0.74,0.25-0.49,Busqueda Vecindario Variable,No óptimo
N4w2b1r1,188.567,108.6,0.869,94783.333,11.225,0.897,107,101,0,6,1000,500,0.00-0.24,0.00-0.24,Hill Climbing Reducido,No óptimo
t501_02,501,177.967,0.902,251001,67.247,0.943,173,167,0,6,10000,501,0.25-0.49,0.25-0.49,Recocido Simulado,No óptimo
t501_19,501,178.167,0.901,251001,66.971,0.944,173,167,0,6,10000,501,0.25-0.49,0.25-0.49,Recocido Simulado,No óptimo
N4c1w2_k,231.7,319.767,0.869,78536.267,21.766,0.881,317,311,0,6,100,500,0.75-1.00,0.50-0.74,Búsqueda Tabú,No óptimo
N4c2w4_b,271.733,290.1,0.848,91342.833,24.903,0.863,287,281,0,6,120,500,0.50-0.74,0.50-0.74,Búsqueda Tabú,No óptimo
N4c2w4_d,251.733,303.3,0.824,84940.033,23.309,0.834,301,295,0,6,120,500,0.50-0.74,0.50-0.74,Búsqueda Tabú,No óptimo
N4c3w2_i,267.1,206.233,0.927,89867.333,22.579,0.944,204,198,0,6,150,500,0.50-0.74,0.25-0.49,Búsqueda Tabú,No óptimo
N4w2b1r1,168.633,108.167,0.875,58363.2,13.29,0.897,107,101,0,6,1000,500,0.00-0.24,0.00-0.24,Búsqueda Tabú,No óptimo
u500_13,269.033,204.333,0.927,90441.633,22.88,0.946,202,196,0,6,150,500,0.50-0.74,0.25-0.49,Búsqueda Tabú,No óptimo
Hard2,180.2,60.567,0.856,36046,5.695,0.819,62,56,0,6,1.00E+05,200,0.00-0.24,0.25-0.49,Busqueda Vecindario Variable,No óptimo
hBPP814,132.667,85.667,0.905,26539.333,4.073,0.884,87,81,0,6,1000,200,0.75-1.00,0.25-0.49,Busqueda Vecindario Variable,No óptimo
hBPP900,136.8,79,0.915,27366,4.171,0.879,81,75,0,6,1000,200,0.50-0.74,0.25-0.49,Busqueda Vecindario Variable,No óptimo
N3c2w1_q,116.033,85.767,0.911,23212.667,4.111,0.87,88,82,0,6,120,200,0.75-1.00,0.25-0.49,Busqueda Vecindario Variable,No óptimo
N3c2w2_g,134.267,105.8,0.894,26859.333,4.74,0.863,108,102,0,6,120,200,0.50-0.74,0.50-0.74,Busqueda Vecindario Variable,No óptimo
N3w1b2r0,145.367,71.133,0.891,29079.333,4.683,0.854,73,67,0,6,1000,200,0.25-0.49,0.25-0.49,Busqueda Vecindario Variable,No óptimo
N4c1w2_k,285.6,314.6,0.894,142806,60.404,0.883,317,311,0,6,100,500,0.75-1.00,0.50-0.74,Busqueda Vecindario Variable,No óptimo
N4c2w4_b,329.7,284.4,0.878,164856,69.002,0.865,287,281,0,6,120,500,0.50-0.74,0.50-0.74,Busqueda Vecindario Variable,No óptimo
N4c2w4_d,288.133,298.333,0.848,144072.667,60.952,0.835,301,295,0,6,120,500,0.50-0.74,0.50-0.74,Busqueda Vecindario Variable,No óptimo
N4w2b2r0,225.567,106.333,0.895,112789.333,42.113,0.887,107,101,0,6,1000,500,0.00-0.24,0.00-0.24,Busqueda Vecindario Variable,No óptimo
N4w2b3r0,237.267,104.533,0.936,118639.333,44.282,0.899,107,101,0,6,1000,500,0.25-0.49,0.00-0.24,Busqueda Vecindario Variable,No óptimo
u500_13,338.733,200.433,0.96,169372.667,127.446,0.949,202,196,0,6,150,500,0.50-0.74,0.25-0.49,Busqueda Vecindario Variable,No óptimo
N4c2w2_a,344.633,262.6,0.92,172816.667,28.167,0.936,260,253,0,7,120,500,0.50-0.74,0.50-0.74,Hill Climbing Reducido,No óptimo
N4w1b2r5,369.733,169.867,0.912,185366.667,24.913,0.929,168,161,0,7,1000,500,0.25-0.49,0.25-0.49,Hill Climbing Reducido,No óptimo
u1000_13,501,405.6,0.956,501000,158.418,0.965,403,396,0,7,150,1000,0.50-0.74,0.25-0.49,Hill Climbing Reducido,No óptimo
N4c3w2_s,283.8,205.233,0.924,95216.533,23.893,0.941,203,196,0,7,150,500,0.50-0.74,0.25-0.49,Búsqueda Tabú,No óptimo
N4c3w4_c,314.367,227.333,0.921,105029.133,27.991,0.936,225,218,0,7,150,500,0.25-0.49,0.25-0.49,Búsqueda Tabú,No óptimo
N4w1b2r5,314.333,171.133,0.898,104914.4,25.578,0.925,168,161,0,7,1000,500,0.25-0.49,0.25-0.49,Búsqueda Tabú,No óptimo
N4c1w4_b,219.467,352.067,0.836,109739.333,47.507,0.82,356,349,0,7,100,500,0.50-0.74,0.50-0.74,Busqueda Vecindario Variable,No óptimo
N4c3w2_i,335.133,202.067,0.96,167572.667,66.752,0.939,205,198,0,7,150,500,0.50-0.74,0.25-0.49,Busqueda Vecindario Variable,No óptimo
t501_02,430.167,178.833,0.894,216014.5,29.628,0.925,175,167,0,8,10000,501,0.25-0.49,0.25-0.49,Hill Climbing Reducido,No óptimo
t501_19,432.5,179.033,0.893,217183.5,29.872,0.926,175,167,0,8,10000,501,0.25-0.49,0.25-0.49,Hill Climbing Reducido,No óptimo
u1000_00,501,408.733,0.956,501000,159.82,0.963,407,399,0,8,150,1000,0.50-0.74,0.25-0.49,Hill Climbing Reducido,No óptimo
u1000_00,501,409.1,0.955,501000,238.003,0.962,407,399,0,8,150,1000,0.50-0.74,0.25-0.49,Recocido Simulado,No óptimo
u1000_13,501,405.3,0.957,501000,237.33,0.963,404,396,0,8,150,1000,0.50-0.74,0.25-0.49,Recocido Simulado,No óptimo
N4c1w1_l,254.267,269.6,0.896,85739.267,22.978,0.916,266,258,0,8,100,500,0.75-1.00,0.50-0.74,Búsqueda Tabú,No óptimo
N4c3w4_m,308.333,225.567,0.919,103036.967,27.274,0.93,224,216,0,8,150,500,0.25-0.49,0.25-0.49,Búsqueda Tabú,No óptimo
u500_06,291.733,216.633,0.924,97726.167,25.031,0.935,215,207,0,8,150,500,0.50-0.74,0.25-0.49,Búsqueda Tabú,No óptimo
t501_19,429.433,177.5,0.906,215146.1,126.895,0.927,175,167,0,8,10000,501,0.25-0.49,0.25-0.49,GRASP,No óptimo
N4c2w2_q,360.7,263,0.922,180356,74.565,0.911,265,257,0,8,120,500,0.50-0.74,0.50-0.74,Busqueda Vecindario Variable,No óptimo
N4c3w2_s,338.667,201.1,0.957,169339.333,67.486,0.937,204,196,0,8,150,500,0.50-0.74,0.25-0.49,Busqueda Vecindario Variable,No óptimo
N4c3w4_c,369.633,223.9,0.946,184822.667,70.393,0.932,226,218,0,8,150,500,0.25-0.49,0.25-0.49,Busqueda Vecindario Variable,No óptimo
N4c3w4_m,369.967,221.3,0.949,184989.333,72.573,0.931,224,216,0,8,150,500,0.25-0.49,0.25-0.49,Busqueda Vecindario Variable,No óptimo
N4w2b1r1,221.033,107.6,0.883,110522.667,41.574,0.864,109,101,0,8,1000,500,0.00-0.24,0.00-0.24,Busqueda Vecindario Variable,No óptimo
t249_05,209.6,88.8,0.894,52196.4,10.359,0.859,91,83,0,8,10000,249,0.25-0.49,0.25-0.49,Busqueda Vecindario Variable,No óptimo
t249_06,225.6,88.9,0.894,56180.4,11.133,0.862,91,83,0,8,10000,249,0.25-0.49,0.25-0.49,Busqueda Vecindario Variable,No óptimo
u500_06,360.533,212.833,0.953,180272.667,69.84,0.937,215,207,0,8,150,500,0.50-0.74,0.25-0.49,Busqueda Vecindario Variable,No óptimo
N4c2w2_q,301.033,268.5,0.889,100656.467,26.804,0.903,266,257,0,9,120,500,0.50-0.74,0.50-0.74,Búsqueda Tabú,No óptimo
t501_02,377.6,178.767,0.892,124499.367,30.711,0.915,176,167,0,9,10000,501,0.25-0.49,0.25-0.49,Búsqueda Tabú,No óptimo
t501_19,374,179.1,0.89,123400.9,30.567,0.917,176,167,0,9,10000,501,0.25-0.49,0.25-0.49,Búsqueda Tabú,No óptimo
t501_02,405,177.933,0.902,202905,79.909,0.918,176,167,0,9,10000,501,0.25-0.49,0.25-0.49,GRASP,No óptimo
N4w1b1r0,385.833,174.333,0.902,192922.667,75.645,0.886,176,167,0,9,1000,500,0.00-0.24,0.25-0.49,Busqueda Vecindario Variable,No óptimo
N4c2w1_c,252.2,225.2,0.903,85081.4,21.884,0.919,223,213,0,10,120,500,0.75-1.00,0.25-0.49,Búsqueda Tabú,No óptimo
N4c2w1_k,255.367,222.267,0.905,86119.967,22.072,0.921,220,210,0,10,120,500,0.75-1.00,0.25-0.49,Búsqueda Tabú,No óptimo
N4c2w2_a,293.133,267.8,0.888,98173.2,26.259,0.913,263,253,0,10,120,500,0.50-0.74,0.50-0.74,Búsqueda Tabú,No óptimo
N4c1w1_l,305.5,265.133,0.923,152756,63.056,0.904,268,258,0,10,100,500,0.75-1.00,0.50-0.74,Busqueda Vecindario Variable,No óptimo
N4c2w1_c,319.5,219.733,0.943,159756,64.541,0.919,223,213,0,10,120,500,0.75-1.00,0.25-0.49,Busqueda Vecindario Variable,No óptimo
N4c2w1_k,317.4,217.433,0.941,158706,63.914,0.923,220,210,0,10,120,500,0.75-1.00,0.25-0.49,Busqueda Vecindario Variable,No óptimo
u1000_13,507.933,405.5,0.956,507939.333,395.641,0.952,407,396,0,11,150,1000,0.50-0.74,0.25-0.49,Busqueda Vecindario Variable,No óptimo
u1000_13,500,411.8,0.932,337415.7,169.628,0.945,408,396,0,12,150,1000,0.50-0.74,0.25-0.49,Búsqueda Tabú,No óptimo
N4c2w2_a,361.167,262.233,0.922,180589.333,74.519,0.906,265,253,0,12,120,500,0.50-0.74,0.50-0.74,Busqueda Vecindario Variable,No óptimo
N4w1b2r5,385.3,169.867,0.912,192656,75.293,0.885,173,161,0,12,1000,500,0.25-0.49,0.25-0.49,Busqueda Vecindario Variable,No óptimo
u1000_00,508.4,409.367,0.954,508406,404.591,0.945,412,399,0,13,150,1000,0.50-0.74,0.25-0.49,Busqueda Vecindario Variable,No óptimo
u1000_00,500,415.333,0.931,337445.967,169.918,0.939,413,399,0,14,150,1000,0.50-0.74,0.25-0.49,Búsqueda Tabú,No óptimo
t501_02,444.567,179,0.892,222733.9,132.665,0.866,182,167,0,15,10000,501,0.25-0.49,0.25-0.49,Busqueda Vecindario Variable,No óptimo
t501_19,459.767,178.8,0.895,230349.1,90.618,0.861,183,167,0,16,10000,501,0.25-0.49,0.25-0.49,Busqueda Vecindario Variable,No óptimo
