Iteración, Número Contenedores, FBPP, Solución, Representación, Pesos, Total Vecinos Visitados, Evaluaciones, Tiempo Ejecución 
148, 74, 0.8592707432432432, [43; 39; 123; 119; 69; 40; 198; 132; 174; 0; 2; 155; 64; 97; 157; 98; 52; 57; 106; 144; 195; 92; 11; 181; 108; 61; 186; 56; 32; 173; 102; 13; 10; 126; 166; 15; 26; 188; 87; 24; 28; 73; 51; 129; 34; 148; 46; 115; 154; 135; 140; 194; 147; 170; 131; 4; 150; 151; 12; 31; 38; 179; 70; 60; 8; 9; 176; 65; 75; 161; 137; 7; 6; 63; 163; 85; 16; 185; 99; 117; 53; 139; 37; 125; 152; 112; 50; 149; 168; 93; 45; 48; 127; 172; 3; 113; 103; 91; 121; 21; 167; 104; 76; 136; 81; 142; 86; 30; 29; 18; 19; 80; 187; 33; 100; 66; 143; 164; 82; 67; 101; 153; 55; 83; 118; 107; 74; 72; 68; 84; 162; 58; 124; 130; 109; 25; 169; 41; 42; 89; 160; 59; 122; 177; 1; 5; 20; 189; 94; 156; 138; 14; 17; 49; 146; 116; 171; 96; 44; 111; 35; 158; 110; 77; 78; 183; 47; 120; 145; 105; 128; 79; 114; 165; 27; 36; 90; 178; 71; 184; 54; 191; 88; 22; 23; 182; 62; 190; 175; 95; 193; 141; 180; 134; 133; 159; 192; 196; 197; 199], [[43; 39]; [123; 119]; [69; 40; 198]; [132; 174]; [0; 2]; [155; 64; 97]; [157; 98; 52]; [57; 106; 144]; [195; 92]; [11; 181; 108]; [61; 186; 56]; [32; 173; 102]; [13; 10]; [126; 166; 15]; [26; 188; 87]; [24; 28]; [73; 51]; [129; 34; 148]; [46; 115; 154]; [135; 140; 194; 147]; [170; 131; 4]; [150; 151; 12]; [31; 38]; [179; 70; 60]; [8; 9]; [176; 65; 75]; [161; 137]; [7; 6]; [63; 163; 85]; [16; 185; 99]; [117; 53; 139]; [37; 125; 152]; [112; 50; 149]; [168; 93]; [45; 48]; [127; 172; 3]; [113; 103; 91]; [121; 21; 167]; [104; 76; 136]; [81; 142; 86]; [30; 29]; [18; 19]; [80; 187; 33]; [100; 66; 143]; [164; 82; 67]; [101; 153; 55]; [83; 118; 107]; [74; 72]; [68; 84; 162]; [58; 124; 130]; [109; 25; 169]; [41; 42]; [89; 160; 59]; [122; 177]; [1; 5]; [20; 189; 94]; [156; 138]; [14; 17]; [49; 146; 116]; [171; 96; 44]; [111; 35; 158]; [110; 77]; [78; 183]; [47; 120; 145]; [105; 128; 79]; [114; 165; 27]; [36; 90; 178]; [71; 184; 54]; [191; 88]; [22; 23]; [182; 62; 190; 175]; [95; 193; 141; 180]; [134; 133; 159; 192]; [196; 197; 199]], [86700; 61000; 100000; 50900; 98000; 100000; 99900; 100000; 52600; 100000; 99800; 99900; 95100; 100000; 100000; 90800; 81100; 100000; 100000; 100000; 100000; 99900; 88500; 99800; 95800; 100000; 52000; 96300; 100000; 99900; 100000; 100000; 100000; 57600; 85300; 100000; 100000; 99800; 99700; 99900; 89800; 93600; 100000; 100000; 100000; 100000; 100000; 78100; 100000; 100000; 100000; 87000; 100000; 51200; 97200; 100000; 53400; 94200; 100000; 100000; 100000; 70400; 57900; 100000; 99700; 100000; 99900; 100000; 54200; 91800; 99900; 100000; 100000; 51300], 2965100, 2965101, 154.4762830734253
146, 72, 0.8978715138888886, [91; 175; 40; 39; 29; 28; 45; 51; 56; 139; 109; 20; 117; 171; 151; 89; 78; 67; 48; 193; 24; 18; 9; 174; 121; 6; 103; 190; 27; 166; 113; 72; 68; 138; 170; 118; 191; 183; 34; 86; 192; 197; 31; 184; 134; 12; 159; 92; 73; 154; 74; 136; 107; 0; 1; 26; 155; 131; 176; 108; 14; 105; 181; 163; 128; 15; 19; 55; 61; 186; 161; 189; 143; 120; 96; 41; 173; 2; 4; 10; 195; 94; 32; 116; 158; 50; 54; 199; 114; 177; 11; 137; 160; 126; 3; 172; 123; 153; 36; 13; 152; 148; 5; 8; 53; 64; 37; 38; 119; 144; 47; 16; 100; 182; 23; 25; 43; 42; 111; 135; 65; 125; 101; 83; 77; 106; 97; 156; 58; 142; 110; 66; 82; 165; 98; 130; 81; 146; 44; 122; 150; 141; 180; 149; 145; 140; 22; 132; 87; 93; 35; 30; 79; 169; 62; 178; 71; 187; 33; 80; 21; 88; 194; 46; 76; 188; 162; 129; 17; 63; 70; 179; 57; 168; 84; 133; 69; 112; 60; 164; 85; 115; 49; 147; 7; 198; 95; 157; 90; 59; 52; 185; 75; 104; 99; 102; 124; 127; 167; 196], [[91; 175]; [40; 39]; [29; 28]; [45; 51]; [56; 139; 109]; [20; 117; 171]; [151; 89; 78]; [67; 48; 193]; [24; 18]; [9; 174; 121]; [6; 103; 190]; [27; 166; 113]; [72; 68]; [138; 170; 118; 191]; [183; 34; 86]; [192; 197; 31; 184]; [134; 12; 159]; [92; 73; 154]; [74; 136; 107]; [0; 1]; [26; 155; 131]; [176; 108]; [14; 105; 181]; [163; 128]; [15; 19]; [55; 61; 186]; [161; 189; 143; 120]; [96; 41; 173]; [2; 4]; [10; 195; 94]; [32; 116; 158]; [50; 54; 199]; [114; 177]; [11; 137; 160]; [126; 3; 172]; [123; 153; 36]; [13; 152; 148]; [5; 8]; [53; 64]; [37; 38]; [119; 144; 47]; [16; 100; 182]; [23; 25]; [43; 42]; [111; 135; 65]; [125; 101; 83]; [77; 106]; [97; 156]; [58; 142; 110]; [66; 82; 165]; [98; 130; 81]; [146; 44; 122]; [150; 141; 180; 149]; [145; 140; 22]; [132; 87; 93]; [35; 30]; [79; 169]; [62; 178; 71]; [187; 33; 80]; [21; 88; 194]; [46; 76; 188]; [162; 129; 17]; [63; 70; 179]; [57; 168; 84]; [133; 69; 112]; [60; 164; 85]; [115; 49; 147]; [7; 198; 95]; [157; 90; 59]; [52; 185; 75]; [104; 99; 102]; [124; 127; 167; 196]], [56600; 87000; 89900; 85000; 100000; 100000; 100000; 100000; 92600; 100000; 100000; 99900; 78800; 99700; 100000; 100000; 100000; 100000; 100000; 98100; 100000; 53700; 100000; 52900; 94000; 100000; 100000; 99900; 97200; 100000; 100000; 100000; 52500; 99700; 100000; 100000; 100000; 96300; 81800; 87600; 100000; 100000; 91300; 86700; 100000; 100000; 71100; 59600; 99700; 100000; 100000; 100000; 100000; 100000; 100000; 89100; 60000; 100000; 100000; 99800; 100000; 100000; 99700; 99900; 100000; 100000; 100000; 100000; 100000; 100000; 99800; 100000], 2925300, 2925301, 149.98211431503296
151, 72, 0.899423902777778, [43; 32; 98; 191; 10; 9; 129; 148; 35; 15; 17; 165; 30; 111; 150; 110; 52; 58; 116; 138; 3; 2; 120; 93; 97; 6; 156; 147; 73; 173; 44; 107; 157; 13; 14; 83; 153; 79; 86; 96; 131; 76; 38; 194; 112; 167; 26; 53; 50; 141; 134; 34; 62; 61; 189; 63; 100; 149; 103; 177; 22; 162; 122; 146; 104; 57; 51; 168; 91; 160; 108; 41; 106; 166; 36; 115; 1; 184; 172; 27; 105; 89; 127; 95; 128; 154; 29; 48; 193; 67; 118; 151; 40; 132; 139; 183; 0; 117; 113; 180; 135; 181; 114; 176; 121; 199; 5; 4; 197; 75; 37; 18; 16; 21; 19; 78; 192; 39; 55; 74; 179; 125; 155; 28; 25; 142; 82; 85; 8; 7; 46; 171; 94; 80; 188; 33; 88; 64; 159; 11; 12; 59; 56; 186; 174; 72; 65; 102; 143; 190; 175; 119; 130; 123; 126; 60; 45; 47; 54; 84; 170; 49; 198; 164; 196; 185; 92; 24; 99; 178; 187; 90; 23; 77; 71; 169; 69; 161; 81; 163; 68; 66; 87; 158; 42; 136; 137; 101; 140; 70; 20; 144; 145; 31; 133; 152; 195; 124; 109; 182], [[43; 32]; [98; 191]; [10; 9]; [129; 148; 35]; [15; 17]; [165; 30; 111]; [150; 110; 52]; [58; 116; 138]; [3; 2]; [120; 93; 97]; [6; 156; 147]; [73; 173]; [44; 107; 157]; [13; 14]; [83; 153; 79]; [86; 96; 131]; [76; 38; 194]; [112; 167; 26]; [53; 50]; [141; 134; 34]; [62; 61; 189]; [63; 100; 149]; [103; 177]; [22; 162; 122]; [146; 104; 57]; [51; 168; 91]; [160; 108; 41]; [106; 166; 36]; [115; 1; 184]; [172; 27; 105]; [89; 127; 95]; [128; 154; 29]; [48; 193; 67]; [118; 151]; [40; 132; 139]; [183; 0; 117]; [113; 180; 135; 181]; [114; 176; 121; 199]; [5; 4]; [197; 75; 37]; [18; 16]; [21; 19]; [78; 192; 39]; [55; 74; 179]; [125; 155]; [28; 25]; [142; 82; 85]; [8; 7]; [46; 171; 94]; [80; 188; 33]; [88; 64; 159]; [11; 12]; [59; 56; 186]; [174; 72]; [65; 102; 143]; [190; 175; 119; 130]; [123; 126; 60]; [45; 47]; [54; 84; 170]; [49; 198; 164; 196]; [185; 92]; [24; 99; 178]; [187; 90; 23]; [77; 71; 169]; [69; 161; 81]; [163; 68]; [66; 87; 158]; [42; 136; 137]; [101; 140; 70]; [20; 144; 145]; [31; 133; 152]; [195; 124; 109; 182]], [87800; 52400; 95500; 100000; 94100; 100000; 100000; 100000; 97200; 99900; 100000; 61000; 100000; 94700; 100000; 99800; 100000; 99900; 83700; 100000; 99200; 100000; 54300; 100000; 100000; 100000; 100000; 100000; 100000; 100000; 99900; 100000; 100000; 57000; 100000; 100000; 99900; 100000; 96700; 100000; 93700; 93000; 100000; 100000; 55500; 90500; 100000; 96100; 99900; 100000; 100000; 95000; 99900; 60800; 100000; 100000; 100000; 85500; 100000; 100000; 54500; 99900; 99900; 100000; 100000; 63300; 100000; 100000; 100000; 100000; 100000; 99400], 3024800, 3024801, 154.743417263031
139, 73, 0.8787491917808219, [171; 117; 18; 20; 72; 114; 128; 188; 48; 74; 181; 0; 119; 180; 55; 73; 198; 21; 81; 122; 61; 127; 58; 162; 90; 153; 132; 26; 25; 164; 13; 133; 7; 169; 126; 136; 111; 65; 102; 131; 76; 143; 94; 89; 199; 10; 16; 17; 19; 99; 148; 177; 186; 138; 147; 163; 174; 96; 28; 178; 121; 140; 49; 30; 195; 79; 173; 125; 5; 4; 70; 179; 60; 190; 159; 189; 75; 43; 191; 77; 6; 8; 142; 50; 118; 154; 9; 150; 157; 12; 135; 105; 110; 91; 103; 193; 1; 2; 22; 23; 69; 108; 137; 172; 101; 31; 29; 194; 15; 93; 97; 156; 59; 151; 120; 45; 146; 44; 123; 54; 113; 139; 53; 63; 92; 78; 144; 115; 107; 87; 46; 51; 67; 52; 192; 68; 56; 184; 175; 24; 104; 80; 40; 182; 27; 187; 86; 88; 95; 129; 82; 170; 57; 83; 85; 141; 100; 145; 66; 41; 39; 109; 160; 36; 34; 35; 33; 32; 112; 161; 165; 14; 130; 116; 47; 152; 3; 134; 168; 42; 124; 149; 11; 183; 106; 71; 158; 185; 196; 37; 38; 64; 176; 62; 84; 167; 98; 155; 197; 166], [[171; 117]; [18; 20]; [72; 114; 128]; [188; 48; 74]; [181; 0; 119]; [180; 55; 73]; [198; 21; 81]; [122; 61; 127]; [58; 162; 90]; [153; 132]; [26; 25]; [164; 13; 133]; [7; 169; 126]; [136; 111; 65]; [102; 131]; [76; 143; 94]; [89; 199]; [10; 16]; [17; 19]; [99; 148; 177; 186]; [138; 147; 163; 174]; [96; 28; 178]; [121; 140; 49]; [30; 195; 79]; [173; 125]; [5; 4]; [70; 179; 60]; [190; 159; 189; 75]; [43; 191; 77]; [6; 8]; [142; 50; 118]; [154; 9; 150]; [157; 12; 135]; [105; 110; 91]; [103; 193]; [1; 2]; [22; 23]; [69; 108; 137]; [172; 101]; [31; 29]; [194; 15; 93]; [97; 156; 59]; [151; 120; 45]; [146; 44; 123]; [54; 113; 139]; [53; 63]; [92; 78; 144]; [115; 107; 87]; [46; 51]; [67; 52; 192]; [68; 56; 184]; [175; 24; 104]; [80; 40; 182]; [27; 187; 86]; [88; 95; 129]; [82; 170; 57]; [83; 85; 141]; [100; 145; 66]; [41; 39]; [109; 160]; [36; 34]; [35; 33]; [32; 112; 161]; [165; 14; 130]; [116; 47; 152]; [3; 134; 168]; [42; 124; 149]; [11; 183; 106]; [71; 158; 185; 196]; [37; 38]; [64; 176]; [62; 84; 167]; [98; 155; 197; 166]], [53400; 93400; 99900; 100000; 99900; 100000; 100000; 100000; 99800; 55000; 90800; 100000; 100000; 100000; 62600; 100000; 52400; 94600; 93700; 100000; 99900; 100000; 99900; 100000; 51900; 96700; 99800; 100000; 100000; 96200; 100000; 99900; 100000; 100000; 51200; 97700; 91800; 100000; 55500; 89700; 99800; 100000; 100000; 100000; 99900; 81800; 100000; 100000; 84800; 99800; 100000; 100000; 100000; 99900; 99900; 99700; 100000; 100000; 87000; 56100; 88200; 88700; 100000; 100000; 99900; 99800; 100000; 100000; 100000; 87600; 61400; 99900; 100000], 2786000, 2786001, 142.8474838733673
129, 73, 0.8798794109589042, [95; 170; 46; 66; 105; 140; 43; 40; 160; 86; 65; 78; 198; 31; 33; 135; 108; 73; 62; 126; 123; 75; 197; 23; 191; 90; 35; 145; 133; 89; 24; 189; 181; 61; 67; 85; 76; 156; 93; 77; 146; 72; 53; 178; 117; 1; 152; 161; 104; 121; 81; 113; 111; 80; 82; 144; 83; 45; 112; 155; 25; 102; 177; 34; 37; 186; 169; 192; 59; 184; 68; 57; 130; 125; 58; 131; 167; 9; 10; 6; 124; 174; 195; 13; 92; 157; 39; 110; 30; 26; 196; 5; 97; 141; 159; 2; 20; 18; 47; 98; 164; 158; 150; 165; 151; 107; 32; 168; 51; 49; 122; 4; 175; 127; 116; 60; 79; 172; 71; 54; 183; 137; 138; 41; 3; 153; 154; 74; 193; 21; 139; 148; 69; 50; 190; 119; 136; 55; 142; 129; 42; 52; 162; 96; 48; 44; 19; 16; 56; 180; 70; 109; 173; 22; 182; 84; 38; 27; 166; 114; 15; 17; 171; 106; 28; 115; 91; 100; 36; 128; 143; 188; 8; 103; 118; 179; 0; 7; 88; 101; 120; 134; 149; 29; 163; 132; 14; 11; 99; 187; 147; 176; 199; 87; 12; 94; 194; 185; 63; 64], [[95; 170; 46]; [66; 105; 140]; [43; 40]; [160; 86; 65]; [78; 198]; [31; 33]; [135; 108; 73]; [62; 126; 123]; [75; 197]; [23; 191; 90]; [35; 145; 133]; [89; 24; 189]; [181; 61; 67]; [85; 76; 156]; [93; 77; 146]; [72; 53]; [178; 117]; [1; 152; 161]; [104; 121; 81]; [113; 111; 80]; [82; 144; 83]; [45; 112; 155]; [25; 102; 177]; [34; 37]; [186; 169; 192; 59]; [184; 68; 57]; [130; 125; 58]; [131; 167]; [9; 10]; [6; 124; 174]; [195; 13; 92]; [157; 39; 110]; [30; 26]; [196; 5; 97]; [141; 159; 2]; [20; 18]; [47; 98; 164]; [158; 150; 165; 151]; [107; 32; 168]; [51; 49]; [122; 4; 175]; [127; 116]; [60; 79; 172]; [71; 54; 183]; [137; 138; 41]; [3; 153; 154]; [74; 193]; [21; 139; 148]; [69; 50; 190]; [119; 136; 55]; [142; 129; 42]; [52; 162; 96]; [48; 44]; [19; 16]; [56; 180; 70]; [109; 173; 22]; [182; 84; 38]; [27; 166; 114]; [15; 17]; [171; 106; 28]; [115; 91; 100]; [36; 128; 143]; [188; 8; 103]; [118; 179]; [0; 7]; [88; 101; 120]; [134; 149; 29]; [163; 132]; [14; 11]; [99; 187; 147; 176]; [199; 87]; [12; 94; 194]; [185; 63; 64]], [100000; 100000; 86700; 100000; 55300; 89300; 100000; 100000; 56100; 99600; 100000; 100000; 100000; 100000; 99800; 80700; 51600; 98900; 100000; 100000; 100000; 100000; 99900; 88100; 100000; 100000; 99900; 52300; 95500; 100000; 100000; 99700; 90200; 99900; 100000; 93400; 100000; 100000; 100000; 84100; 100000; 60800; 100000; 100000; 99700; 100000; 56900; 100000; 100000; 100000; 99900; 100000; 85500; 93700; 100000; 100000; 99900; 99900; 94100; 100000; 100000; 100000; 100000; 51000; 97300; 100000; 99900; 52800; 94900; 100000; 52800; 100000; 99800], 2587000, 2587001, 133.8484275341034
138, 73, 0.8801126164383561, [95; 75; 149; 148; 12; 13; 45; 100; 163; 115; 175; 14; 15; 4; 187; 104; 176; 128; 0; 81; 43; 181; 65; 46; 196; 16; 17; 49; 188; 71; 78; 121; 116; 141; 108; 64; 113; 182; 1; 6; 84; 190; 29; 112; 138; 59; 22; 193; 86; 21; 33; 109; 38; 157; 130; 161; 19; 93; 146; 76; 178; 85; 44; 154; 151; 7; 10; 118; 57; 134; 110; 52; 150; 159; 63; 88; 139; 102; 197; 172; 194; 97; 8; 11; 170; 91; 48; 2; 122; 177; 42; 80; 184; 82; 191; 30; 129; 169; 5; 68; 145; 99; 74; 53; 89; 162; 56; 9; 164; 136; 105; 140; 66; 50; 126; 135; 67; 179; 61; 127; 123; 199; 94; 3; 36; 35; 168; 32; 107; 131; 26; 155; 166; 114; 153; 185; 40; 198; 70; 51; 39; 160; 27; 119; 28; 103; 174; 125; 87; 98; 73; 47; 192; 111; 171; 24; 23; 124; 158; 195; 77; 34; 133; 144; 54; 60; 189; 62; 167; 83; 180; 72; 55; 120; 147; 165; 186; 92; 183; 25; 132; 156; 31; 137; 142; 79; 173; 58; 143; 106; 90; 117; 101; 18; 20; 96; 152; 69; 41; 37], [[95; 75]; [149; 148]; [12; 13]; [45; 100; 163]; [115; 175]; [14; 15]; [4; 187; 104]; [176; 128; 0]; [81; 43; 181]; [65; 46; 196]; [16; 17]; [49; 188; 71]; [78; 121; 116]; [141; 108; 64]; [113; 182]; [1; 6]; [84; 190; 29]; [112; 138; 59]; [22; 193; 86]; [21; 33]; [109; 38; 157]; [130; 161; 19]; [93; 146; 76]; [178; 85; 44]; [154; 151]; [7; 10]; [118; 57; 134]; [110; 52; 150]; [159; 63; 88]; [139; 102; 197; 172]; [194; 97]; [8; 11]; [170; 91; 48]; [2; 122; 177]; [42; 80; 184]; [82; 191; 30]; [129; 169; 5]; [68; 145; 99]; [74; 53]; [89; 162; 56]; [9; 164; 136]; [105; 140; 66]; [50; 126; 135]; [67; 179]; [61; 127; 123]; [199; 94; 3]; [36; 35]; [168; 32; 107]; [131; 26; 155]; [166; 114; 153; 185]; [40; 198; 70]; [51; 39]; [160; 27; 119]; [28; 103; 174]; [125; 87; 98]; [73; 47; 192]; [111; 171; 24]; [23; 124; 158]; [195; 77]; [34; 133; 144]; [54; 60; 189]; [62; 167; 83]; [180; 72; 55]; [120; 147; 165; 186]; [92; 183]; [25; 132; 156]; [31; 137; 142]; [79; 173]; [58; 143; 106]; [90; 117; 101]; [18; 20]; [96; 152; 69]; [41; 37]], [73700; 52900; 94800; 100000; 52800; 94500; 99900; 99700; 99800; 100000; 93800; 100000; 100000; 99900; 51200; 97100; 99900; 100000; 100000; 90700; 100000; 100000; 99900; 99900; 52000; 95800; 100000; 100000; 100000; 100000; 52100; 95600; 99900; 100000; 100000; 100000; 100000; 100000; 80600; 100000; 99700; 100000; 100000; 60000; 100000; 100000; 88200; 100000; 100000; 100000; 99900; 85500; 99900; 100000; 100000; 99900; 99800; 100000; 55900; 100000; 100000; 100000; 100000; 99600; 54800; 100000; 100000; 59500; 100000; 99900; 93400; 100000; 87400], 2766100, 2766101, 141.77673602104187
145, 73, 0.8773205068493151, [130; 79; 106; 37; 36; 94; 176; 34; 128; 148; 44; 81; 180; 140; 157; 4; 78; 195; 33; 35; 38; 39; 104; 172; 28; 53; 177; 84; 147; 52; 111; 29; 31; 150; 151; 9; 8; 85; 76; 109; 168; 30; 170; 12; 122; 174; 103; 27; 137; 144; 88; 77; 154; 56; 87; 165; 65; 181; 64; 13; 14; 132; 131; 32; 161; 112; 69; 71; 55; 90; 162; 63; 67; 119; 83; 108; 163; 142; 0; 89; 194; 20; 135; 164; 7; 54; 93; 160; 40; 42; 107; 182; 10; 145; 139; 22; 124; 143; 43; 126; 62; 125; 113; 129; 70; 49; 189; 141; 2; 159; 105; 188; 3; 146; 116; 50; 6; 1; 19; 15; 197; 47; 60; 158; 133; 16; 183; 102; 96; 155; 66; 121; 86; 100; 156; 97; 190; 173; 57; 178; 75; 171; 17; 120; 95; 191; 18; 24; 23; 74; 91; 153; 136; 138; 25; 26; 149; 115; 51; 199; 41; 68; 196; 59; 48; 72; 73; 11; 187; 99; 184; 5; 110; 45; 80; 179; 117; 46; 152; 101; 114; 92; 21; 198; 82; 192; 166; 167; 98; 123; 61; 127; 134; 118; 58; 186; 185; 169; 175; 193], [[130; 79; 106]; [37; 36]; [94; 176]; [34; 128; 148]; [44; 81; 180]; [140; 157; 4]; [78; 195]; [33; 35]; [38; 39]; [104; 172; 28]; [53; 177; 84]; [147; 52; 111]; [29; 31]; [150; 151]; [9; 8]; [85; 76]; [109; 168; 30]; [170; 12; 122]; [174; 103]; [27; 137; 144]; [88; 77; 154]; [56; 87; 165]; [65; 181; 64]; [13; 14]; [132; 131]; [32; 161; 112]; [69; 71]; [55; 90; 162]; [63; 67]; [119; 83; 108]; [163; 142; 0]; [89; 194; 20]; [135; 164; 7]; [54; 93; 160]; [40; 42]; [107; 182; 10]; [145; 139; 22]; [124; 143; 43]; [126; 62; 125]; [113; 129]; [70; 49; 189]; [141; 2; 159]; [105; 188; 3]; [146; 116; 50]; [6; 1]; [19; 15]; [197; 47; 60]; [158; 133]; [16; 183; 102]; [96; 155; 66]; [121; 86; 100]; [156; 97; 190; 173]; [57; 178; 75]; [171; 17; 120]; [95; 191; 18]; [24; 23]; [74; 91; 153]; [136; 138]; [25; 26]; [149; 115; 51]; [199; 41; 68]; [196; 59; 48]; [72; 73]; [11; 187; 99]; [184; 5; 110]; [45; 80; 179]; [117; 46; 152]; [101; 114; 92]; [21; 198; 82]; [192; 166; 167; 98]; [123; 61; 127]; [134; 118; 58]; [186; 185; 169; 175; 193]], [99600; 87900; 56000; 100000; 100000; 99900; 55700; 88700; 87200; 99900; 99100; 99900; 89700; 52500; 95800; 74700; 99800; 100000; 55000; 99900; 100000; 100000; 100000; 94700; 58400; 100000; 78600; 100000; 80000; 99900; 99900; 100000; 100000; 99900; 87000; 100000; 100000; 100000; 99800; 60800; 100000; 100000; 99900; 100000; 97100; 94000; 100000; 53200; 100000; 99900; 100000; 100000; 100000; 100000; 100000; 91600; 100000; 56500; 90800; 99800; 100000; 100000; 78200; 99900; 100000; 100000; 100000; 100000; 100000; 98700; 100000; 100000; 100000], 2905400, 2905401, 150.7306091785431
132, 73, 0.8777543424657536, [97; 22; 183; 47; 87; 175; 108; 106; 95; 91; 163; 193; 166; 93; 198; 3; 5; 133; 53; 128; 130; 121; 63; 149; 78; 37; 131; 145; 185; 62; 61; 114; 64; 138; 177; 116; 6; 7; 17; 14; 20; 21; 18; 19; 151; 109; 52; 42; 40; 137; 150; 24; 23; 126; 148; 36; 142; 80; 86; 16; 105; 180; 96; 194; 10; 169; 77; 71; 171; 125; 8; 9; 191; 140; 174; 107; 92; 154; 73; 160; 70; 81; 83; 184; 38; 94; 182; 186; 147; 76; 75; 44; 89; 176; 143; 100; 66; 26; 25; 35; 110; 162; 32; 31; 168; 90; 45; 49; 12; 11; 88; 98; 122; 85; 161; 65; 179; 173; 72; 188; 48; 129; 135; 68; 127; 120; 50; 51; 27; 28; 139; 165; 0; 103; 153; 55; 57; 134; 119; 15; 144; 152; 117; 30; 159; 199; 197; 192; 4; 2; 123; 118; 74; 113; 156; 43; 33; 172; 101; 29; 79; 195; 141; 58; 115; 178; 82; 46; 56; 146; 104; 39; 41; 164; 132; 13; 136; 157; 158; 34; 111; 60; 189; 54; 102; 124; 84; 67; 69; 112; 167; 181; 155; 1; 196; 99; 59; 170; 187; 190], [[97; 22; 183]; [47; 87; 175]; [108; 106; 95]; [91; 163; 193; 166]; [93; 198]; [3; 5]; [133; 53; 128]; [130; 121; 63]; [149; 78]; [37; 131; 145]; [185; 62; 61]; [114; 64; 138]; [177; 116]; [6; 7]; [17; 14]; [20; 21]; [18; 19]; [151; 109; 52]; [42; 40]; [137; 150]; [24; 23]; [126; 148; 36]; [142; 80; 86]; [16; 105; 180]; [96; 194; 10]; [169; 77; 71]; [171; 125]; [8; 9]; [191; 140; 174; 107]; [92; 154; 73]; [160; 70; 81]; [83; 184; 38]; [94; 182; 186; 147]; [76; 75]; [44; 89; 176]; [143; 100; 66]; [26; 25]; [35; 110; 162]; [32; 31]; [168; 90]; [45; 49]; [12; 11]; [88; 98; 122]; [85; 161; 65]; [179; 173; 72; 188]; [48; 129; 135]; [68; 127; 120]; [50; 51]; [27; 28]; [139; 165; 0]; [103; 153; 55]; [57; 134; 119]; [15; 144; 152]; [117; 30; 159]; [199; 197; 192]; [4; 2]; [123; 118; 74]; [113; 156; 43]; [33; 172; 101]; [29; 79; 195]; [141; 58; 115]; [178; 82; 46]; [56; 146; 104]; [39; 41]; [164; 132]; [13; 136; 157]; [158; 34; 111]; [60; 189; 54]; [102; 124; 84]; [67; 69]; [112; 167; 181; 155]; [1; 196; 99]; [59; 170; 187; 190]], [100000; 99900; 100000; 100000; 51900; 96700; 100000; 100000; 64600; 99800; 100000; 99800; 52300; 96300; 94200; 92800; 93600; 100000; 87000; 54400; 91600; 100000; 100000; 99800; 100000; 100000; 52300; 95800; 100000; 100000; 100000; 100000; 99900; 77400; 100000; 100000; 90800; 100000; 89400; 58200; 85100; 95000; 100000; 100000; 99900; 100000; 100000; 84100; 90100; 99900; 99900; 100000; 100000; 100000; 52300; 97200; 100000; 100000; 100000; 100000; 99200; 100000; 100000; 87000; 52700; 100000; 100000; 100000; 100000; 79200; 100000; 99800; 100000], 2646700, 2646701, 136.12098479270935
129, 73, 0.877295, [95; 101; 114; 120; 170; 130; 195; 106; 0; 193; 149; 181; 141; 147; 98; 118; 91; 78; 167; 74; 75; 113; 28; 164; 133; 155; 24; 23; 44; 145; 124; 110; 70; 134; 132; 160; 19; 8; 163; 136; 11; 12; 45; 40; 172; 51; 83; 69; 159; 92; 184; 148; 188; 144; 27; 137; 87; 94; 131; 17; 14; 30; 191; 81; 33; 109; 165; 121; 15; 171; 65; 140; 105; 47; 46; 90; 123; 97; 38; 36; 107; 16; 178; 153; 55; 100; 117; 52; 142; 5; 169; 129; 13; 176; 115; 102; 173; 31; 29; 35; 34; 166; 63; 84; 119; 156; 37; 126; 127; 199; 161; 185; 7; 108; 49; 64; 189; 80; 32; 43; 192; 76; 196; 79; 26; 103; 175; 53; 143; 111; 42; 41; 88; 162; 59; 60; 158; 89; 112; 179; 4; 1; 96; 68; 154; 21; 22; 67; 182; 57; 186; 61; 85; 174; 50; 194; 48; 66; 139; 72; 99; 20; 18; 9; 6; 190; 62; 56; 125; 58; 128; 198; 93; 3; 104; 187; 151; 25; 138; 177; 116; 10; 183; 54; 71; 39; 122; 150; 77; 152; 82; 73; 157; 86; 197; 180; 146; 135; 2; 168], [[95; 101; 114]; [120; 170; 130; 195]; [106; 0; 193]; [149; 181; 141; 147]; [98; 118; 91]; [78; 167]; [74; 75]; [113; 28; 164]; [133; 155]; [24; 23]; [44; 145; 124]; [110; 70; 134]; [132; 160; 19]; [8; 163; 136]; [11; 12]; [45; 40]; [172; 51]; [83; 69; 159]; [92; 184; 148; 188]; [144; 27; 137]; [87; 94; 131]; [17; 14]; [30; 191; 81]; [33; 109; 165]; [121; 15; 171]; [65; 140; 105]; [47; 46]; [90; 123; 97]; [38; 36]; [107; 16; 178]; [153; 55; 100]; [117; 52; 142]; [5; 169; 129]; [13; 176; 115]; [102; 173]; [31; 29]; [35; 34]; [166; 63; 84]; [119; 156; 37]; [126; 127; 199; 161]; [185; 7; 108]; [49; 64]; [189; 80; 32]; [43; 192; 76]; [196; 79]; [26; 103; 175]; [53; 143; 111]; [42; 41]; [88; 162; 59]; [60; 158; 89]; [112; 179]; [4; 1]; [96; 68; 154]; [21; 22]; [67; 182]; [57; 186; 61]; [85; 174; 50]; [194; 48; 66]; [139; 72; 99]; [20; 18]; [9; 6]; [190; 62; 56]; [125; 58; 128]; [198; 93]; [3; 104; 187]; [151; 25; 138]; [177; 116; 10]; [183; 54; 71]; [39; 122; 150]; [77; 152]; [82; 73; 157]; [86; 197; 180; 146]; [135; 2; 168]], [99700; 100000; 99800; 100000; 100000; 61300; 77900; 100000; 54600; 91600; 100000; 99900; 100000; 100000; 95000; 86500; 64100; 100000; 100000; 99900; 100000; 94200; 100000; 100000; 100000; 100000; 85300; 99900; 87700; 100000; 100000; 99900; 100000; 100000; 55300; 89700; 88400; 100000; 100000; 99700; 100000; 82300; 100000; 100000; 54900; 100000; 100000; 87000; 100000; 100000; 51700; 97300; 100000; 92200; 59500; 99800; 100000; 100000; 100000; 93400; 96000; 99400; 99900; 51900; 99900; 99800; 100000; 100000; 100000; 64500; 100000; 100000; 100000], 2587000, 2587001, 134.03136801719666
140, 73, 0.880185904109589, [152; 125; 36; 40; 193; 52; 195; 168; 149; 63; 102; 18; 24; 65; 183; 59; 107; 177; 21; 131; 10; 167; 78; 58; 176; 85; 165; 60; 197; 77; 31; 32; 158; 69; 84; 57; 184; 68; 13; 8; 127; 115; 72; 46; 175; 88; 145; 35; 133; 147; 66; 99; 82; 143; 83; 101; 7; 190; 29; 146; 136; 178; 109; 12; 111; 139; 55; 50; 140; 121; 137; 163; 4; 156; 151; 114; 179; 5; 25; 174; 106; 126; 144; 37; 51; 71; 39; 196; 116; 19; 173; 67; 199; 43; 97; 198; 2; 6; 90; 172; 47; 103; 166; 44; 164; 118; 23; 26; 181; 100; 20; 95; 122; 94; 108; 187; 1; 0; 154; 119; 42; 81; 182; 171; 117; 169; 161; 189; 62; 170; 188; 80; 141; 87; 185; 86; 33; 142; 49; 124; 14; 15; 192; 89; 16; 17; 180; 113; 3; 159; 9; 138; 153; 132; 28; 22; 162; 123; 27; 30; 129; 148; 34; 79; 186; 41; 76; 194; 38; 105; 91; 110; 112; 96; 98; 150; 93; 75; 73; 155; 92; 157; 45; 104; 160; 135; 11; 61; 53; 54; 130; 128; 70; 191; 48; 64; 74; 134; 120; 56], [[152; 125]; [36; 40]; [193; 52; 195; 168]; [149; 63; 102]; [18; 24]; [65; 183; 59]; [107; 177; 21]; [131; 10; 167]; [78; 58; 176]; [85; 165; 60]; [197; 77]; [31; 32]; [158; 69; 84]; [57; 184; 68]; [13; 8]; [127; 115; 72]; [46; 175; 88]; [145; 35; 133]; [147; 66; 99]; [82; 143; 83]; [101; 7; 190]; [29; 146; 136]; [178; 109; 12]; [111; 139; 55]; [50; 140; 121]; [137; 163]; [4; 156; 151]; [114; 179; 5]; [25; 174; 106]; [126; 144]; [37; 51]; [71; 39; 196]; [116; 19; 173]; [67; 199; 43]; [97; 198]; [2; 6]; [90; 172; 47]; [103; 166; 44]; [164; 118]; [23; 26]; [181; 100; 20]; [95; 122; 94]; [108; 187]; [1; 0]; [154; 119]; [42; 81; 182]; [171; 117; 169; 161]; [189; 62; 170; 188]; [80; 141; 87]; [185; 86; 33]; [142; 49; 124]; [14; 15]; [192; 89]; [16; 17]; [180; 113; 3]; [159; 9; 138]; [153; 132; 28]; [22; 162; 123]; [27; 30]; [129; 148; 34]; [79; 186; 41]; [76; 194; 38]; [105; 91; 110]; [112; 96; 98]; [150; 93; 75]; [73; 155; 92]; [157; 45; 104]; [160; 135; 11]; [61; 53]; [54; 130; 128]; [70; 191; 48]; [64; 74]; [134; 120; 56]], [56100; 87500; 99900; 100000; 92600; 100000; 99800; 100000; 100000; 99900; 55600; 89400; 100000; 100000; 95400; 100000; 100000; 100000; 100000; 100000; 100000; 99900; 100000; 99800; 99900; 51700; 99900; 100000; 99900; 56200; 85900; 100000; 100000; 99800; 51400; 97000; 100000; 99800; 54300; 91100; 99900; 99800; 51200; 98100; 56600; 99900; 99700; 100000; 100000; 100000; 99300; 94500; 53900; 93800; 100000; 99900; 100000; 100000; 90000; 100000; 100000; 100000; 100000; 100000; 100000; 99700; 100000; 100000; 81900; 99700; 100000; 79200; 100000], 2805900, 2805901, 144.77001905441284
145, 72, 0.8993686805555559, [120; 175; 8; 13; 117; 167; 21; 116; 169; 150; 125; 38; 94; 81; 136; 196; 16; 88; 36; 161; 109; 30; 39; 102; 177; 25; 23; 113; 170; 130; 148; 35; 49; 112; 149; 140; 163; 0; 2; 185; 114; 121; 189; 168; 126; 10; 50; 188; 71; 24; 138; 152; 47; 191; 72; 27; 186; 87; 84; 103; 123; 82; 129; 98; 5; 4; 3; 164; 137; 69; 179; 61; 37; 106; 165; 111; 166; 28; 151; 104; 51; 157; 99; 162; 52; 96; 75; 76; 32; 115; 160; 92; 31; 180; 93; 173; 43; 171; 11; 124; 83; 190; 29; 178; 44; 85; 55; 143; 108; 15; 18; 48; 54; 6; 7; 40; 41; 172; 60; 79; 91; 187; 22; 45; 65; 198; 73; 70; 20; 19; 141; 107; 63; 59; 66; 182; 17; 101; 183; 1; 159; 142; 147; 64; 105; 77; 155; 86; 181; 33; 89; 57; 53; 194; 42; 46; 95; 135; 80; 97; 174; 34; 132; 146; 68; 184; 56; 26; 128; 156; 110; 139; 62; 197; 144; 154; 122; 74; 67; 176; 131; 78; 58; 118; 134; 158; 133; 14; 12; 90; 199; 9; 153; 127; 145; 193; 100; 119; 192; 195], [[120; 175]; [8; 13]; [117; 167]; [21; 116; 169]; [150; 125; 38]; [94; 81; 136]; [196; 16; 88]; [36; 161; 109]; [30; 39]; [102; 177; 25]; [23; 113; 170]; [130; 148; 35]; [49; 112; 149]; [140; 163]; [0; 2]; [185; 114; 121; 189]; [168; 126; 10]; [50; 188; 71]; [24; 138; 152]; [47; 191; 72]; [27; 186; 87]; [84; 103; 123]; [82; 129; 98]; [5; 4]; [3; 164; 137]; [69; 179; 61]; [37; 106; 165]; [111; 166; 28]; [151; 104]; [51; 157; 99]; [162; 52; 96]; [75; 76]; [32; 115; 160]; [92; 31; 180]; [93; 173; 43]; [171; 11; 124]; [83; 190; 29]; [178; 44; 85]; [55; 143; 108]; [15; 18]; [48; 54]; [6; 7]; [40; 41]; [172; 60; 79]; [91; 187; 22]; [45; 65; 198]; [73; 70]; [20; 19]; [141; 107; 63]; [59; 66; 182]; [17; 101; 183]; [1; 159; 142]; [147; 64; 105]; [77; 155; 86]; [181; 33; 89]; [57; 53; 194]; [42; 46]; [95; 135; 80]; [97; 174]; [34; 132; 146]; [68; 184; 56]; [26; 128; 156]; [110; 139; 62]; [197; 144; 154; 122]; [74; 67; 176]; [131; 78]; [58; 118; 134]; [158; 133]; [14; 12]; [90; 199; 9]; [153; 127; 145; 193]; [100; 119; 192; 195]], [52200; 95400; 54200; 99900; 100000; 99900; 100000; 100000; 88400; 99900; 99700; 100000; 100000; 50900; 98000; 100000; 100000; 100000; 100000; 100000; 100000; 100000; 100000; 96700; 100000; 99900; 100000; 100000; 59000; 99800; 100000; 77400; 100000; 100000; 99900; 100000; 100000; 99900; 100000; 94000; 83400; 96300; 87000; 100000; 99900; 100000; 78400; 93400; 100000; 100000; 100000; 100000; 99500; 100000; 100000; 100000; 86300; 100000; 56000; 100000; 100000; 99900; 99600; 99900; 100000; 67400; 100000; 53200; 94700; 100000; 99900; 100000], 2905400, 2905401, 148.50844955444336
136, 72, 0.8994299583333333, [45; 100; 163; 41; 35; 10; 11; 124; 177; 1; 67; 82; 164; 63; 65; 60; 193; 54; 25; 23; 186; 3; 107; 147; 113; 51; 132; 61; 121; 176; 37; 93; 191; 189; 88; 141; 56; 165; 87; 150; 155; 5; 2; 183; 52; 76; 153; 128; 30; 44; 39; 101; 16; 184; 133; 151; 28; 103; 174; 69; 135; 109; 126; 170; 7; 187; 81; 32; 160; 190; 197; 62; 118; 46; 149; 66; 131; 40; 42; 31; 26; 169; 22; 112; 55; 68; 185; 20; 24; 136; 144; 27; 92; 182; 139; 157; 4; 97; 188; 17; 47; 86; 175; 145; 152; 12; 13; 158; 9; 137; 15; 14; 105; 172; 29; 108; 85; 116; 122; 142; 48; 72; 199; 192; 154; 156; 89; 73; 58; 106; 143; 36; 127; 148; 95; 123; 94; 178; 75; 194; 168; 38; 196; 74; 171; 70; 77; 21; 179; 99; 134; 49; 129; 180; 59; 71; 98; 91; 120; 138; 167; 0; 102; 198; 146; 80; 83; 57; 90; 161; 50; 43; 159; 33; 114; 130; 79; 104; 111; 78; 125; 110; 34; 162; 119; 173; 8; 195; 96; 18; 19; 84; 64; 166; 140; 53; 117; 181; 6; 115], [[45; 100; 163]; [41; 35]; [10; 11]; [124; 177; 1]; [67; 82; 164]; [63; 65]; [60; 193; 54]; [25; 23]; [186; 3; 107]; [147; 113; 51]; [132; 61; 121]; [176; 37; 93]; [191; 189; 88; 141]; [56; 165; 87]; [150; 155]; [5; 2]; [183; 52; 76]; [153; 128; 30]; [44; 39]; [101; 16; 184]; [133; 151]; [28; 103; 174]; [69; 135; 109]; [126; 170; 7]; [187; 81; 32]; [160; 190; 197; 62]; [118; 46; 149]; [66; 131]; [40; 42]; [31; 26]; [169; 22; 112]; [55; 68; 185]; [20; 24]; [136; 144]; [27; 92; 182]; [139; 157; 4]; [97; 188; 17]; [47; 86; 175]; [145; 152]; [12; 13]; [158; 9; 137]; [15; 14]; [105; 172; 29]; [108; 85; 116]; [122; 142; 48]; [72; 199; 192; 154]; [156; 89; 73]; [58; 106; 143]; [36; 127; 148]; [95; 123; 94]; [178; 75; 194; 168]; [38; 196; 74]; [171; 70; 77]; [21; 179; 99]; [134; 49; 129]; [180; 59; 71]; [98; 91; 120]; [138; 167]; [0; 102; 198]; [146; 80; 83]; [57; 90; 161]; [50; 43]; [159; 33; 114]; [130; 79; 104]; [111; 78; 125]; [110; 34; 162]; [119; 173]; [8; 195; 96]; [18; 19]; [84; 64; 166]; [140; 53; 117]; [181; 6; 115]], [100000; 87700; 95300; 100000; 100000; 80100; 99300; 91300; 99900; 100000; 100000; 99900; 100000; 100000; 51800; 97100; 99900; 100000; 86700; 100000; 55300; 100000; 99900; 100000; 100000; 100000; 100000; 69100; 87000; 90100; 99900; 99900; 92400; 55100; 99900; 99900; 99900; 100000; 52800; 94800; 100000; 94500; 99800; 100000; 99600; 100000; 100000; 100000; 100000; 99800; 100000; 100000; 100000; 100000; 100000; 99700; 100000; 51200; 99700; 100000; 99900; 85300; 100000; 99700; 99900; 100000; 52700; 100000; 93600; 100000; 100000; 99500], 2726300, 2726301, 139.966872215271
140, 73, 0.8790716575342468, [52; 146; 113; 32; 189; 80; 128; 152; 31; 34; 37; 36; 75; 68; 72; 71; 174; 112; 79; 119; 100; 6; 192; 81; 58; 172; 188; 101; 9; 143; 183; 138; 155; 51; 118; 141; 27; 176; 99; 107; 28; 170; 83; 33; 186; 190; 25; 87; 24; 22; 30; 29; 54; 151; 106; 164; 70; 198; 180; 26; 82; 193; 137; 105; 73; 74; 96; 148; 182; 59; 65; 126; 173; 2; 7; 110; 53; 149; 66; 102; 144; 161; 98; 50; 43; 44; 196; 94; 8; 10; 114; 147; 49; 76; 185; 184; 103; 15; 19; 48; 136; 130; 167; 86; 55; 124; 97; 89; 150; 175; 93; 195; 62; 69; 179; 39; 156; 117; 90; 40; 177; 38; 153; 121; 159; 133; 17; 11; 12; 116; 181; 1; 0; 115; 35; 162; 140; 122; 47; 78; 77; 57; 60; 21; 18; 109; 111; 85; 42; 41; 187; 4; 104; 67; 84; 163; 139; 108; 64; 23; 191; 88; 158; 56; 91; 160; 132; 16; 142; 154; 134; 145; 178; 157; 3; 171; 129; 63; 199; 45; 127; 61; 123; 92; 194; 13; 14; 5; 166; 135; 95; 169; 46; 20; 125; 165; 120; 131; 168; 197], [[52; 146; 113]; [32; 189; 80]; [128; 152]; [31; 34]; [37; 36]; [75; 68]; [72; 71; 174]; [112; 79; 119]; [100; 6; 192]; [81; 58; 172]; [188; 101; 9]; [143; 183; 138; 155]; [51; 118; 141]; [27; 176; 99]; [107; 28; 170]; [83; 33; 186]; [190; 25; 87]; [24; 22]; [30; 29]; [54; 151; 106]; [164; 70; 198; 180]; [26; 82; 193]; [137; 105; 73]; [74; 96; 148]; [182; 59; 65]; [126; 173]; [2; 7]; [110; 53; 149]; [66; 102; 144]; [161; 98; 50]; [43; 44]; [196; 94]; [8; 10]; [114; 147]; [49; 76; 185]; [184; 103]; [15; 19]; [48; 136; 130]; [167; 86; 55]; [124; 97; 89]; [150; 175; 93; 195]; [62; 69; 179]; [39; 156; 117]; [90; 40; 177]; [38; 153; 121]; [159; 133; 17]; [11; 12]; [116; 181]; [1; 0]; [115; 35; 162]; [140; 122; 47]; [78; 77]; [57; 60]; [21; 18]; [109; 111; 85]; [42; 41]; [187; 4; 104]; [67; 84; 163]; [139; 108; 64]; [23; 191; 88]; [158; 56; 91]; [160; 132]; [16; 142; 154]; [134; 145; 178; 157]; [3; 171; 129]; [63; 199; 45]; [127; 61; 123]; [92; 194]; [13; 14]; [5; 166; 135]; [95; 169; 46]; [20; 125; 165]; [120; 131; 168; 197]], [99800; 100000; 55400; 89000; 87900; 78600; 100000; 99900; 99900; 99400; 99900; 100000; 100000; 99900; 100000; 100000; 100000; 91800; 89800; 100000; 100000; 99900; 100000; 100000; 100000; 51400; 96900; 100000; 100000; 100000; 86400; 52100; 95700; 58000; 100000; 53000; 94000; 100000; 100000; 100000; 100000; 99900; 99900; 99900; 100000; 100000; 95000; 51200; 98100; 99400; 100000; 76600; 80900; 93000; 100000; 87000; 99900; 99900; 100000; 100000; 99900; 53200; 99800; 100000; 100000; 100000; 100000; 52900; 94700; 100000; 100000; 100000; 100000], 2805900, 2805901, 144.1010491847992
152, 71, 0.9195521549295776, [74; 147; 96; 146; 97; 72; 154; 92; 185; 182; 122; 113; 78; 140; 199; 82; 186; 30; 31; 133; 55; 124; 87; 95; 132; 65; 104; 139; 58; 160; 90; 11; 13; 5; 4; 64; 188; 168; 192; 75; 198; 36; 116; 62; 135; 143; 123; 45; 79; 169; 66; 40; 41; 194; 51; 67; 25; 86; 191; 17; 149; 145; 9; 138; 158; 21; 157; 129; 34; 35; 166; 134; 7; 152; 52; 110; 77; 153; 88; 53; 44; 49; 161; 98; 148; 80; 81; 28; 174; 103; 8; 6; 10; 176; 117; 70; 56; 180; 54; 63; 187; 155; 84; 83; 170; 18; 118; 126; 144; 38; 23; 19; 181; 115; 2; 0; 141; 108; 59; 125; 127; 150; 164; 137; 172; 121; 178; 1; 142; 131; 37; 42; 73; 177; 179; 184; 26; 29; 60; 197; 47; 136; 48; 128; 175; 76; 61; 102; 151; 105; 89; 114; 130; 71; 112; 16; 15; 43; 165; 101; 171; 119; 12; 14; 107; 100; 99; 69; 91; 156; 189; 94; 20; 33; 32; 24; 193; 85; 3; 111; 183; 195; 46; 68; 167; 50; 93; 120; 27; 159; 162; 106; 39; 196; 190; 57; 163; 173; 109; 22], [[74; 147; 96]; [146; 97; 72]; [154; 92; 185; 182]; [122; 113; 78]; [140; 199; 82; 186]; [30; 31]; [133; 55; 124]; [87; 95; 132]; [65; 104; 139]; [58; 160; 90]; [11; 13]; [5; 4]; [64; 188; 168; 192]; [75; 198; 36]; [116; 62; 135]; [143; 123; 45]; [79; 169; 66]; [40; 41]; [194; 51; 67]; [25; 86; 191]; [17; 149; 145]; [9; 138; 158]; [21; 157; 129]; [34; 35]; [166; 134; 7]; [152; 52; 110]; [77; 153; 88]; [53; 44]; [49; 161; 98]; [148; 80; 81]; [28; 174; 103]; [8; 6]; [10; 176; 117]; [70; 56; 180]; [54; 63; 187]; [155; 84; 83]; [170; 18; 118]; [126; 144; 38]; [23; 19]; [181; 115]; [2; 0]; [141; 108]; [59; 125; 127]; [150; 164; 137; 172]; [121; 178; 1]; [142; 131]; [37; 42]; [73; 177; 179; 184]; [26; 29]; [60; 197; 47]; [136; 48; 128]; [175; 76]; [61; 102; 151]; [105; 89; 114]; [130; 71; 112]; [16; 15]; [43; 165; 101]; [171; 119]; [12; 14]; [107; 100; 99]; [69; 91; 156]; [189; 94; 20]; [33; 32]; [24; 193; 85]; [3; 111; 183]; [195; 46; 68]; [167; 50; 93]; [120; 27; 159]; [162; 106; 39]; [196; 190; 57; 163]; [173; 109; 22]], [100000; 100000; 100000; 99900; 99700; 89700; 100000; 100000; 100000; 100000; 95000; 96700; 100000; 100000; 100000; 99900; 99900; 87000; 99600; 100000; 100000; 100000; 99700; 88400; 100000; 99800; 100000; 84800; 100000; 100000; 100000; 96200; 100000; 100000; 100000; 98600; 100000; 99900; 92600; 51300; 98000; 59700; 99900; 100000; 99900; 56300; 87400; 100000; 90200; 100000; 100000; 59900; 99900; 99900; 100000; 94100; 100000; 53100; 94700; 99600; 99900; 100000; 89100; 99900; 99800; 100000; 100000; 99900; 100000; 100000; 100000], 3044700, 3044701, 156.60577058792114
139, 71, 0.9188566901408449, [180; 85; 38; 111; 51; 150; 89; 194; 20; 171; 59; 179; 198; 119; 157; 28; 183; 61; 65; 120; 160; 166; 173; 52; 164; 95; 39; 130; 141; 136; 134; 43; 191; 184; 188; 185; 197; 67; 165; 109; 155; 50; 199; 31; 77; 88; 161; 60; 10; 94; 195; 153; 34; 125; 97; 83; 79; 105; 127; 151; 124; 37; 36; 103; 66; 144; 118; 154; 42; 40; 46; 53; 15; 14; 193; 62; 167; 187; 91; 21; 189; 78; 106; 133; 32; 25; 156; 126; 27; 24; 115; 168; 72; 99; 139; 145; 142; 22; 122; 13; 170; 63; 90; 159; 76; 100; 137; 107; 82; 123; 190; 69; 49; 101; 192; 3; 6; 86; 129; 96; 102; 29; 174; 11; 9; 44; 45; 92; 41; 175; 2; 1; 181; 93; 26; 23; 19; 138; 117; 55; 158; 143; 0; 68; 182; 56; 35; 33; 114; 132; 70; 104; 146; 58; 7; 8; 176; 121; 5; 48; 116; 149; 64; 74; 17; 18; 169; 131; 4; 75; 57; 178; 148; 152; 12; 81; 140; 87; 135; 108; 73; 163; 30; 112; 80; 196; 162; 172; 177; 47; 84; 147; 110; 54; 113; 71; 128; 186; 98; 16], [[180; 85; 38]; [111; 51; 150]; [89; 194; 20]; [171; 59; 179; 198]; [119; 157; 28]; [183; 61; 65]; [120; 160; 166; 173]; [52; 164; 95]; [39; 130; 141]; [136; 134]; [43; 191; 184; 188]; [185; 197; 67; 165]; [109; 155; 50]; [199; 31; 77]; [88; 161; 60]; [10; 94; 195]; [153; 34; 125]; [97; 83]; [79; 105; 127]; [151; 124]; [37; 36]; [103; 66; 144]; [118; 154]; [42; 40]; [46; 53]; [15; 14]; [193; 62; 167; 187]; [91; 21; 189]; [78; 106; 133]; [32; 25]; [156; 126; 27]; [24; 115; 168]; [72; 99; 139]; [145; 142; 22]; [122; 13; 170]; [63; 90; 159]; [76; 100; 137]; [107; 82; 123]; [190; 69; 49]; [101; 192]; [3; 6]; [86; 129; 96]; [102; 29; 174]; [11; 9]; [44; 45]; [92; 41; 175]; [2; 1]; [181; 93; 26]; [23; 19]; [138; 117; 55]; [158; 143; 0]; [68; 182; 56]; [35; 33]; [114; 132; 70]; [104; 146; 58]; [7; 8]; [176; 121; 5]; [48; 116; 149]; [64; 74]; [17; 18]; [169; 131; 4]; [75; 57; 178]; [148; 152; 12]; [81; 140; 87]; [135; 108; 73]; [163; 30; 112]; [80; 196; 162; 172]; [177; 47; 84]; [147; 110; 54]; [113; 71; 128]; [186; 98; 16]], [100000; 100000; 100000; 100000; 100000; 99900; 100000; 100000; 100000; 57000; 100000; 99800; 99700; 100000; 100000; 100000; 100000; 70900; 99900; 56300; 87900; 99900; 56600; 87000; 84400; 94500; 100000; 100000; 100000; 90100; 99900; 100000; 100000; 99800; 100000; 99600; 100000; 99500; 100000; 51700; 96600; 99900; 100000; 95400; 86200; 100000; 97700; 100000; 92600; 100000; 100000; 100000; 88700; 100000; 100000; 96100; 100000; 100000; 79200; 93700; 100000; 100000; 100000; 100000; 100000; 100000; 100000; 100000; 99600; 100000; 99800], 2786000, 2786001, 142.46723890304565
137, 73, 0.8793383972602741, [102; 165; 43; 47; 191; 73; 37; 35; 124; 154; 36; 23; 18; 137; 133; 42; 108; 159; 128; 173; 1; 0; 59; 196; 48; 119; 131; 58; 168; 84; 97; 94; 114; 88; 106; 143; 20; 145; 132; 26; 155; 45; 46; 198; 90; 12; 17; 19; 16; 181; 105; 13; 11; 31; 30; 76; 39; 193; 21; 197; 83; 49; 139; 121; 53; 63; 118; 127; 71; 8; 9; 28; 29; 70; 151; 96; 50; 113; 149; 166; 135; 4; 6; 103; 51; 158; 152; 3; 156; 56; 157; 95; 72; 68; 176; 89; 195; 15; 164; 129; 161; 171; 142; 144; 116; 178; 5; 7; 75; 163; 57; 104; 148; 61; 55; 186; 146; 122; 44; 69; 134; 110; 153; 22; 138; 60; 65; 182; 34; 101; 170; 74; 123; 120; 194; 27; 80; 187; 99; 10; 179; 188; 126; 112; 125; 174; 2; 189; 107; 82; 87; 140; 190; 52; 67; 147; 77; 92; 117; 115; 79; 98; 136; 150; 62; 100; 32; 33; 167; 81; 64; 109; 24; 172; 130; 41; 141; 91; 175; 160; 185; 199; 169; 183; 54; 162; 86; 66; 25; 184; 93; 78; 192; 40; 14; 177; 111; 38; 85; 180], [[102; 165; 43]; [47; 191; 73]; [37; 35]; [124; 154; 36]; [23; 18]; [137; 133]; [42; 108; 159]; [128; 173]; [1; 0]; [59; 196; 48]; [119; 131]; [58; 168; 84]; [97; 94]; [114; 88; 106]; [143; 20; 145]; [132; 26; 155]; [45; 46]; [198; 90; 12]; [17; 19]; [16; 181; 105]; [13; 11]; [31; 30]; [76; 39; 193]; [21; 197; 83]; [49; 139; 121]; [53; 63]; [118; 127; 71]; [8; 9]; [28; 29]; [70; 151; 96]; [50; 113; 149]; [166; 135]; [4; 6]; [103; 51; 158]; [152; 3; 156]; [56; 157; 95]; [72; 68; 176]; [89; 195]; [15; 164; 129]; [161; 171; 142; 144]; [116; 178]; [5; 7]; [75; 163]; [57; 104; 148]; [61; 55; 186]; [146; 122; 44]; [69; 134; 110]; [153; 22; 138]; [60; 65; 182]; [34; 101; 170]; [74; 123; 120]; [194; 27; 80]; [187; 99; 10]; [179; 188; 126; 112]; [125; 174]; [2; 189; 107]; [82; 87; 140]; [190; 52; 67]; [147; 77; 92]; [117; 115]; [79; 98; 136]; [150; 62; 100]; [32; 33]; [167; 81; 64]; [109; 24; 172]; [130; 41; 141]; [91; 175; 160; 185]; [199; 169; 183; 54]; [162; 86; 66]; [25; 184; 93]; [78; 192; 40]; [14; 177; 111]; [38; 85; 180]], [100000; 100000; 88100; 99900; 92600; 57200; 100000; 51200; 98100; 100000; 60000; 99900; 69100; 100000; 100000; 100000; 85800; 99900; 93700; 99600; 95000; 89700; 99900; 100000; 99900; 81800; 99500; 95800; 89900; 100000; 100000; 51700; 96600; 99400; 99800; 99600; 100000; 53100; 100000; 100000; 51800; 96400; 62500; 99900; 100000; 100000; 100000; 99900; 99900; 100000; 100000; 99700; 100000; 99900; 51700; 100000; 100000; 100000; 100000; 62500; 100000; 100000; 89100; 100000; 100000; 100000; 100000; 100000; 99800; 100000; 100000; 100000; 100000], 2746200, 2746201, 143.89176607131958
153, 71, 0.919179985915493, [154; 158; 107; 195; 94; 111; 100; 80; 40; 184; 161; 188; 101; 160; 83; 140; 86; 34; 186; 82; 172; 96; 43; 132; 162; 15; 16; 6; 7; 49; 64; 26; 25; 179; 22; 102; 198; 20; 85; 193; 76; 41; 99; 156; 54; 153; 174; 112; 177; 164; 52; 95; 10; 8; 149; 104; 55; 37; 46; 60; 135; 116; 181; 91; 30; 142; 152; 18; 59; 182; 67; 175; 87; 47; 32; 166; 109; 73; 63; 129; 89; 92; 33; 90; 180; 17; 19; 36; 29; 48; 190; 71; 21; 157; 127; 130; 42; 141; 118; 108; 81; 145; 123; 44; 78; 189; 173; 38; 97; 75; 74; 50; 58; 196; 110; 65; 138; 167; 70; 79; 84; 199; 197; 126; 9; 143; 155; 4; 131; 170; 45; 148; 121; 103; 192; 1; 5; 133; 163; 12; 11; 128; 119; 66; 115; 77; 122; 106; 114; 88; 69; 98; 146; 28; 27; 134; 56; 120; 51; 113; 147; 35; 137; 139; 24; 23; 93; 53; 165; 39; 124; 150; 0; 159; 144; 169; 31; 105; 3; 178; 117; 14; 13; 2; 136; 168; 191; 187; 171; 57; 72; 68; 176; 151; 125; 183; 194; 62; 61; 185], [[154; 158; 107; 195]; [94; 111; 100]; [80; 40; 184]; [161; 188; 101; 160]; [83; 140; 86]; [34; 186; 82]; [172; 96; 43]; [132; 162]; [15; 16]; [6; 7]; [49; 64]; [26; 25]; [179; 22; 102]; [198; 20; 85]; [193; 76; 41]; [99; 156; 54]; [153; 174; 112; 177]; [164; 52; 95]; [10; 8]; [149; 104; 55]; [37; 46]; [60; 135; 116]; [181; 91; 30]; [142; 152; 18]; [59; 182; 67]; [175; 87; 47]; [32; 166; 109]; [73; 63]; [129; 89; 92]; [33; 90; 180]; [17; 19]; [36; 29]; [48; 190; 71]; [21; 157; 127]; [130; 42; 141]; [118; 108; 81]; [145; 123]; [44; 78; 189]; [173; 38; 97]; [75; 74]; [50; 58; 196]; [110; 65; 138]; [167; 70; 79]; [84; 199; 197; 126]; [9; 143; 155]; [4; 131; 170]; [45; 148; 121]; [103; 192]; [1; 5]; [133; 163]; [12; 11]; [128; 119; 66]; [115; 77; 122]; [106; 114; 88]; [69; 98; 146]; [28; 27]; [134; 56; 120]; [51; 113; 147]; [35; 137; 139]; [24; 23]; [93; 53; 165]; [39; 124; 150]; [0; 159; 144]; [169; 31; 105]; [3; 178; 117]; [14; 13]; [2; 136; 168]; [191; 187; 171; 57]; [72; 68; 176]; [151; 125; 183; 194]; [62; 61; 185]], [100000; 99900; 100000; 100000; 100000; 99800; 99800; 53000; 94100; 96300; 82300; 90800; 99600; 99900; 99900; 100000; 100000; 100000; 95700; 100000; 86700; 100000; 100000; 100000; 99900; 99900; 100000; 79300; 100000; 100000; 93700; 88900; 100000; 99900; 100000; 100000; 56900; 100000; 99900; 77900; 100000; 100000; 100000; 100000; 100000; 100000; 100000; 51600; 97200; 52700; 95000; 100000; 100000; 100000; 100000; 90100; 100000; 100000; 99600; 91600; 99800; 99900; 99900; 100000; 100000; 94700; 100000; 100000; 100000; 93700; 100000], 3064600, 3064601, 157.28156638145447
141, 74, 0.8574447702702704, [184; 76; 50; 71; 188; 111; 3; 181; 132; 129; 55; 159; 58; 90; 110; 19; 176; 22; 23; 101; 88; 119; 83; 69; 160; 97; 167; 44; 40; 148; 166; 186; 116; 146; 0; 157; 172; 115; 21; 59; 175; 78; 10; 9; 120; 174; 11; 12; 37; 42; 17; 127; 163; 65; 63; 66; 134; 113; 156; 142; 198; 122; 177; 81; 48; 173; 99; 33; 8; 7; 64; 60; 164; 109; 34; 195; 49; 61; 57; 106; 144; 82; 87; 139; 79; 192; 32; 30; 46; 145; 121; 96; 85; 128; 168; 133; 5; 191; 103; 43; 45; 138; 38; 137; 196; 197; 70; 151; 189; 67; 53; 158; 117; 31; 107; 74; 136; 152; 73; 92; 112; 100; 153; 35; 125; 54; 102; 155; 56; 178; 75; 13; 14; 98; 183; 16; 15; 62; 123; 126; 179; 162; 180; 93; 131; 4; 170; 150; 104; 169; 190; 47; 143; 118; 182; 95; 25; 147; 135; 27; 194; 199; 193; 2; 6; 77; 91; 149; 124; 165; 20; 18; 161; 1; 141; 140; 84; 86; 51; 52; 185; 24; 94; 108; 171; 26; 28; 130; 154; 29; 36; 187; 80; 39; 41; 72; 68; 89; 114; 105], [[184; 76]; [50; 71; 188]; [111; 3; 181]; [132; 129; 55]; [159; 58; 90]; [110; 19; 176]; [22; 23]; [101; 88; 119]; [83; 69; 160]; [97; 167]; [44; 40]; [148; 166; 186; 116]; [146; 0; 157]; [172; 115; 21]; [59; 175; 78]; [10; 9]; [120; 174]; [11; 12]; [37; 42]; [17; 127; 163]; [65; 63]; [66; 134; 113]; [156; 142; 198; 122]; [177; 81; 48]; [173; 99; 33]; [8; 7]; [64; 60]; [164; 109; 34]; [195; 49; 61]; [57; 106; 144]; [82; 87; 139]; [79; 192]; [32; 30]; [46; 145; 121]; [96; 85; 128]; [168; 133]; [5; 191; 103]; [43; 45]; [138; 38; 137]; [196; 197; 70; 151]; [189; 67; 53]; [158; 117; 31]; [107; 74; 136]; [152; 73]; [92; 112; 100]; [153; 35; 125]; [54; 102; 155]; [56; 178; 75]; [13; 14]; [98; 183]; [16; 15]; [62; 123; 126]; [179; 162; 180; 93]; [131; 4; 170]; [150; 104; 169; 190]; [47; 143; 118]; [182; 95; 25]; [147; 135; 27]; [194; 199; 193]; [2; 6]; [77; 91; 149]; [124; 165]; [20; 18]; [161; 1; 141]; [140; 84; 86]; [51; 52]; [185; 24; 94]; [108; 171]; [26; 28]; [130; 154; 29]; [36; 187; 80]; [39; 41]; [72; 68]; [89; 114; 105]], [58200; 100000; 100000; 99300; 100000; 100000; 91800; 100000; 100000; 57400; 86700; 100000; 100000; 99700; 100000; 95500; 52500; 95000; 87400; 100000; 80100; 100000; 99700; 100000; 100000; 96100; 80500; 99800; 99900; 100000; 100000; 55900; 89500; 100000; 100000; 51900; 100000; 86200; 99900; 100000; 100000; 100000; 100000; 65200; 100000; 100000; 100000; 100000; 94700; 53700; 94100; 100000; 98900; 100000; 100000; 100000; 100000; 100000; 52500; 97000; 100000; 53500; 93400; 100000; 99900; 83700; 100000; 54800; 90300; 100000; 99500; 87000; 78800; 99900], 2825800, 2825801, 146.00218844413757
147, 70, 0.9453454142857148, [125; 41; 147; 128; 171; 4; 59; 114; 138; 0; 1; 137; 47; 131; 140; 141; 25; 18; 19; 76; 73; 170; 154; 93; 69; 15; 14; 40; 126; 146; 91; 110; 104; 100; 5; 194; 22; 197; 80; 161; 2; 139; 124; 163; 21; 86; 184; 35; 71; 61; 178; 46; 68; 195; 31; 36; 89; 62; 164; 72; 58; 179; 63; 51; 30; 29; 153; 50; 109; 150; 39; 123; 45; 49; 122; 74; 119; 172; 97; 199; 145; 55; 189; 57; 43; 44; 177; 37; 92; 20; 151; 142; 33; 90; 180; 174; 103; 28; 85; 116; 108; 94; 111; 101; 11; 9; 167; 3; 136; 81; 165; 66; 130; 144; 159; 181; 26; 188; 87; 198; 7; 95; 149; 34; 129; 117; 67; 133; 84; 53; 173; 162; 96; 52; 24; 118; 166; 16; 17; 168; 127; 10; 98; 32; 175; 12; 13; 38; 193; 77; 83; 143; 82; 134; 120; 56; 121; 79; 115; 183; 65; 60; 155; 132; 23; 27; 54; 187; 64; 78; 192; 42; 107; 113; 88; 169; 70; 182; 190; 75; 135; 106; 8; 6; 99; 158; 48; 196; 105; 112; 191; 148; 156; 160; 157; 186; 102; 152; 176; 185], [[125; 41; 147]; [128; 171; 4]; [59; 114; 138]; [0; 1]; [137; 47; 131]; [140; 141; 25]; [18; 19]; [76; 73; 170]; [154; 93; 69]; [15; 14]; [40; 126; 146]; [91; 110; 104]; [100; 5; 194]; [22; 197; 80]; [161; 2; 139]; [124; 163; 21]; [86; 184; 35]; [71; 61; 178]; [46; 68; 195]; [31; 36]; [89; 62; 164]; [72; 58; 179]; [63; 51]; [30; 29]; [153; 50; 109]; [150; 39; 123]; [45; 49]; [122; 74; 119]; [172; 97; 199; 145]; [55; 189; 57]; [43; 44]; [177; 37; 92]; [20; 151; 142]; [33; 90; 180]; [174; 103; 28]; [85; 116; 108]; [94; 111; 101]; [11; 9]; [167; 3; 136]; [81; 165; 66]; [130; 144; 159; 181]; [26; 188; 87]; [198; 7; 95]; [149; 34; 129]; [117; 67; 133]; [84; 53; 173]; [162; 96; 52]; [24; 118; 166]; [16; 17]; [168; 127; 10]; [98; 32; 175]; [12; 13]; [38; 193; 77]; [83; 143; 82]; [134; 120; 56]; [121; 79; 115]; [183; 65; 60]; [155; 132]; [23; 27]; [54; 187; 64]; [78; 192; 42]; [107; 113; 88]; [169; 70; 182; 190]; [75; 135; 106]; [8; 6]; [99; 158; 48]; [196; 105; 112; 191]; [148; 156; 160; 157]; [186; 102; 152; 176]; [185]], [100000; 100000; 100000; 98100; 99800; 100000; 93600; 100000; 100000; 94500; 99600; 100000; 99500; 100000; 100000; 99900; 100000; 100000; 100000; 88800; 99400; 99900; 82200; 89800; 100000; 100000; 85100; 100000; 99900; 100000; 86400; 100000; 99900; 100000; 100000; 100000; 99900; 95400; 99900; 100000; 99900; 100000; 100000; 99900; 100000; 100000; 100000; 99900; 93800; 100000; 100000; 94800; 100000; 100000; 100000; 99500; 99900; 54700; 90900; 100000; 100000; 99900; 99900; 100000; 96200; 100000; 100000; 100000; 99600; 19400], 2945200, 2945201, 151.19868397712708
141, 73, 0.8794554383561647, [142; 38; 131; 33; 36; 21; 18; 154; 155; 2; 1; 17; 16; 46; 45; 82; 81; 146; 48; 190; 71; 51; 64; 194; 26; 25; 47; 62; 84; 70; 157; 121; 152; 40; 94; 174; 145; 22; 139; 148; 136; 27; 179; 113; 4; 5; 85; 127; 97; 12; 149; 151; 101; 132; 80; 86; 116; 107; 164; 111; 31; 88; 50; 172; 186; 197; 108; 115; 41; 141; 130; 74; 57; 183; 34; 126; 150; 124; 58; 128; 92; 102; 112; 100; 192; 3; 6; 199; 185; 65; 161; 11; 184; 106; 187; 96; 19; 42; 43; 129; 0; 175; 72; 60; 178; 54; 138; 118; 159; 193; 195; 56; 61; 114; 137; 91; 49; 170; 32; 30; 143; 135; 29; 134; 147; 28; 191; 83; 122; 20; 167; 104; 52; 156; 79; 120; 23; 123; 160; 110; 89; 109; 119; 165; 24; 166; 133; 7; 8; 53; 117; 140; 125; 153; 35; 93; 144; 76; 173; 95; 44; 15; 13; 99; 188; 9; 10; 180; 63; 68; 171; 98; 37; 103; 168; 176; 77; 59; 189; 163; 90; 169; 14; 181; 105; 73; 39; 196; 67; 75; 78; 55; 177; 198; 162; 182; 69; 158; 87; 66], [[142; 38; 131]; [33; 36]; [21; 18]; [154; 155]; [2; 1]; [17; 16]; [46; 45]; [82; 81; 146]; [48; 190; 71]; [51; 64; 194]; [26; 25]; [47; 62]; [84; 70; 157]; [121; 152]; [40; 94; 174]; [145; 22; 139]; [148; 136; 27]; [179; 113]; [4; 5]; [85; 127; 97]; [12; 149; 151]; [101; 132; 80]; [86; 116; 107]; [164; 111; 31]; [88; 50; 172]; [186; 197; 108; 115]; [41; 141; 130]; [74; 57; 183]; [34; 126; 150]; [124; 58; 128]; [92; 102; 112]; [100; 192]; [3; 6]; [199; 185; 65; 161]; [11; 184; 106]; [187; 96; 19]; [42; 43]; [129; 0; 175]; [72; 60; 178]; [54; 138; 118]; [159; 193; 195; 56]; [61; 114; 137]; [91; 49; 170]; [32; 30]; [143; 135; 29]; [134; 147]; [28; 191; 83]; [122; 20; 167]; [104; 52; 156]; [79; 120]; [23; 123; 160]; [110; 89; 109]; [119; 165; 24]; [166; 133]; [7; 8]; [53; 117; 140]; [125; 153; 35]; [93; 144; 76]; [173; 95; 44]; [15; 13]; [99; 188]; [9; 10]; [180; 63; 68]; [171; 98]; [37; 103; 168]; [176; 77; 59]; [189; 163; 90; 169]; [14; 181; 105]; [73; 39; 196]; [67; 75]; [78; 55; 177]; [198; 162; 182; 69]; [158; 87; 66]], [100000; 88500; 93000; 51300; 97700; 93800; 85800; 100000; 100000; 100000; 90800; 82800; 100000; 56600; 100000; 100000; 100000; 51700; 96700; 100000; 100000; 99400; 100000; 100000; 100000; 100000; 100000; 99300; 100000; 100000; 100000; 51700; 96600; 100000; 100000; 100000; 86700; 99900; 99900; 100000; 100000; 99900; 99700; 89500; 100000; 55100; 100000; 99900; 99800; 68400; 100000; 99700; 100000; 52400; 96100; 100000; 100000; 100000; 99900; 94600; 52300; 95500; 100000; 56300; 100000; 100000; 100000; 100000; 99900; 78700; 100000; 100000; 100000], 2825800, 2825801, 145.54259300231934
134, 73, 0.8777125342465754, [29; 30; 113; 76; 125; 35; 37; 141; 80; 87; 120; 132; 67; 93; 189; 20; 157; 121; 146; 187; 145; 68; 99; 159; 51; 98; 83; 66; 164; 41; 38; 14; 16; 152; 133; 31; 50; 49; 106; 55; 148; 198; 89; 10; 8; 160; 44; 105; 90; 199; 4; 3; 116; 142; 52; 85; 172; 115; 135; 64; 23; 27; 92; 175; 42; 54; 94; 158; 188; 127; 101; 191; 1; 2; 183; 95; 25; 32; 33; 167; 84; 59; 58; 124; 129; 48; 110; 155; 97; 186; 19; 128; 6; 170; 78; 179; 46; 69; 194; 131; 15; 163; 56; 70; 180; 63; 60; 117; 62; 134; 71; 196; 40; 7; 122; 174; 5; 96; 197; 137; 74; 82; 195; 24; 178; 154; 91; 190; 118; 26; 161; 57; 140; 109; 100; 86; 123; 103; 185; 12; 11; 45; 39; 13; 149; 151; 22; 153; 138; 193; 21; 88; 150; 171; 104; 192; 102; 34; 169; 43; 156; 114; 28; 166; 111; 130; 144; 36; 162; 126; 17; 18; 108; 9; 182; 165; 139; 147; 168; 81; 173; 53; 143; 112; 65; 75; 176; 107; 136; 72; 73; 119; 0; 184; 177; 77; 61; 79; 47; 181], [[29; 30]; [113; 76; 125]; [35; 37]; [141; 80; 87]; [120; 132; 67]; [93; 189; 20]; [157; 121; 146; 187]; [145; 68; 99]; [159; 51; 98]; [83; 66; 164]; [41; 38]; [14; 16]; [152; 133; 31]; [50; 49]; [106; 55; 148]; [198; 89]; [10; 8]; [160; 44; 105]; [90; 199]; [4; 3]; [116; 142]; [52; 85; 172]; [115; 135; 64]; [23; 27]; [92; 175; 42]; [54; 94; 158]; [188; 127; 101; 191]; [1; 2]; [183; 95; 25]; [32; 33]; [167; 84; 59]; [58; 124; 129]; [48; 110; 155]; [97; 186; 19]; [128; 6; 170]; [78; 179]; [46; 69; 194]; [131; 15; 163]; [56; 70; 180]; [63; 60]; [117; 62; 134]; [71; 196; 40]; [7; 122; 174]; [5; 96; 197]; [137; 74]; [82; 195; 24]; [178; 154; 91; 190]; [118; 26; 161]; [57; 140; 109]; [100; 86; 123]; [103; 185]; [12; 11]; [45; 39]; [13; 149; 151]; [22; 153; 138]; [193; 21; 88]; [150; 171; 104; 192]; [102; 34; 169]; [43; 156; 114]; [28; 166; 111]; [130; 144; 36]; [162; 126]; [17; 18]; [108; 9; 182]; [165; 139; 147; 168]; [81; 173]; [53; 143; 112]; [65; 75; 176]; [107; 136]; [72; 73]; [119; 0; 184]; [177; 77; 61]; [79; 47; 181]], [89800; 100000; 88100; 100000; 99800; 100000; 100000; 100000; 100000; 100000; 87200; 94200; 100000; 84200; 100000; 52700; 95700; 100000; 52200; 96800; 58400; 100000; 100000; 90900; 100000; 100000; 100000; 97700; 100000; 89100; 100000; 100000; 99800; 100000; 99900; 58400; 100000; 100000; 100000; 80500; 100000; 100000; 100000; 100000; 67100; 100000; 100000; 100000; 100000; 99700; 52700; 95000; 86500; 100000; 99900; 99900; 99700; 100000; 100000; 100000; 100000; 53300; 93700; 100000; 100000; 58600; 99800; 100000; 61000; 78200; 99700; 99700; 100000], 2686500, 2686501, 138.3130042552948
148, 72, 0.8987191805555557, [52; 53; 165; 74; 79; 84; 64; 166; 35; 37; 186; 190; 153; 80; 44; 96; 171; 65; 46; 196; 2; 139; 161; 87; 178; 40; 14; 15; 78; 106; 133; 108; 75; 92; 126; 90; 105; 3; 187; 188; 93; 11; 98; 191; 192; 68; 51; 172; 118; 12; 13; 61; 60; 185; 31; 83; 189; 45; 43; 23; 102; 180; 58; 122; 132; 123; 4; 175; 134; 169; 1; 72; 197; 173; 174; 109; 140; 57; 17; 16; 101; 99; 104; 112; 136; 62; 125; 128; 115; 73; 127; 82; 63; 167; 149; 155; 6; 7; 130; 152; 32; 124; 113; 77; 0; 160; 143; 119; 184; 195; 110; 34; 94; 177; 19; 18; 120; 29; 162; 25; 131; 156; 42; 39; 41; 38; 81; 199; 20; 24; 71; 97; 147; 89; 103; 117; 59; 183; 66; 116; 163; 27; 48; 193; 67; 176; 107; 21; 86; 168; 54; 170; 5; 129; 154; 150; 8; 10; 114; 28; 164; 182; 142; 148; 145; 33; 30; 111; 50; 151; 47; 49; 158; 9; 138; 159; 121; 135; 198; 137; 26; 146; 55; 70; 181; 100; 69; 141; 157; 91; 56; 36; 179; 88; 76; 144; 95; 85; 194; 22], [[52; 53]; [165; 74; 79]; [84; 64; 166]; [35; 37]; [186; 190; 153; 80]; [44; 96; 171]; [65; 46; 196]; [2; 139; 161]; [87; 178; 40]; [14; 15]; [78; 106; 133]; [108; 75]; [92; 126; 90]; [105; 3; 187]; [188; 93]; [11; 98; 191]; [192; 68; 51]; [172; 118]; [12; 13]; [61; 60; 185]; [31; 83; 189]; [45; 43]; [23; 102; 180]; [58; 122; 132]; [123; 4; 175]; [134; 169; 1]; [72; 197; 173; 174]; [109; 140; 57]; [17; 16]; [101; 99; 104]; [112; 136]; [62; 125; 128]; [115; 73; 127]; [82; 63; 167]; [149; 155]; [6; 7]; [130; 152; 32]; [124; 113; 77]; [0; 160; 143]; [119; 184; 195; 110]; [34; 94; 177]; [19; 18]; [120; 29; 162]; [25; 131; 156]; [42; 39]; [41; 38]; [81; 199]; [20; 24]; [71; 97; 147]; [89; 103; 117]; [59; 183; 66]; [116; 163; 27]; [48; 193; 67]; [176; 107; 21]; [86; 168; 54]; [170; 5; 129]; [154; 150]; [8; 10]; [114; 28; 164]; [182; 142; 148; 145]; [33; 30]; [111; 50; 151]; [47; 49]; [158; 9; 138]; [159; 121; 135; 198]; [137; 26; 146]; [55; 70; 181]; [100; 69; 141]; [157; 91; 56]; [36; 179; 88]; [76; 144; 95]; [85; 194; 22]], [83300; 100000; 100000; 88100; 100000; 100000; 100000; 100000; 100000; 94500; 100000; 71400; 100000; 99900; 53500; 100000; 100000; 52900; 94800; 100000; 100000; 86200; 99300; 100000; 100000; 99900; 99900; 100000; 93800; 99800; 59900; 99600; 100000; 100000; 51900; 96300; 100000; 100000; 99900; 100000; 100000; 93600; 99500; 100000; 87000; 87200; 53500; 92400; 100000; 100000; 100000; 100000; 100000; 100000; 100000; 100000; 52100; 95700; 100000; 100000; 89400; 100000; 84600; 100000; 100000; 100000; 100000; 100000; 100000; 100000; 100000; 100000], 2965100, 2965101, 151.6804301738739
141, 72, 0.8987485416666667, [99; 1; 198; 101; 150; 61; 132; 130; 44; 135; 136; 87; 157; 67; 14; 91; 195; 175; 129; 0; 37; 35; 94; 76; 144; 72; 55; 180; 74; 73; 83; 146; 192; 190; 12; 13; 22; 169; 114; 158; 142; 3; 24; 172; 109; 120; 106; 84; 170; 46; 95; 90; 194; 18; 193; 66; 51; 36; 110; 161; 38; 126; 143; 30; 31; 173; 116; 16; 188; 97; 96; 34; 176; 29; 27; 156; 152; 2; 104; 191; 56; 58; 189; 98; 185; 20; 52; 137; 123; 48; 141; 121; 102; 151; 60; 117; 174; 15; 107; 183; 6; 7; 59; 89; 159; 54; 139; 115; 86; 57; 166; 149; 50; 112; 40; 39; 163; 127; 17; 184; 105; 9; 11; 45; 47; 138; 64; 111; 154; 28; 131; 26; 21; 108; 119; 81; 128; 160; 179; 147; 167; 82; 63; 65; 125; 124; 118; 23; 165; 133; 134; 33; 32; 49; 92; 168; 199; 71; 196; 145; 78; 85; 155; 43; 103; 164; 42; 70; 197; 69; 53; 4; 5; 186; 100; 10; 62; 68; 181; 8; 113; 178; 162; 79; 77; 75; 93; 140; 19; 153; 182; 41; 80; 122; 177; 148; 171; 88; 25; 187], [[99; 1; 198]; [101; 150; 61]; [132; 130]; [44; 135; 136]; [87; 157; 67]; [14; 91; 195]; [175; 129; 0]; [37; 35]; [94; 76; 144]; [72; 55; 180]; [74; 73]; [83; 146; 192; 190]; [12; 13]; [22; 169; 114]; [158; 142; 3]; [24; 172; 109]; [120; 106; 84]; [170; 46; 95]; [90; 194; 18]; [193; 66; 51]; [36; 110; 161]; [38; 126; 143]; [30; 31]; [173; 116]; [16; 188; 97]; [96; 34; 176]; [29; 27]; [156; 152]; [2; 104; 191]; [56; 58; 189]; [98; 185; 20]; [52; 137; 123]; [48; 141; 121]; [102; 151; 60]; [117; 174; 15]; [107; 183]; [6; 7]; [59; 89; 159]; [54; 139; 115]; [86; 57; 166]; [149; 50; 112]; [40; 39]; [163; 127; 17]; [184; 105]; [9; 11]; [45; 47]; [138; 64; 111]; [154; 28; 131]; [26; 21]; [108; 119; 81]; [128; 160; 179; 147]; [167; 82; 63]; [65; 125; 124]; [118; 23; 165]; [133; 134]; [33; 32]; [49; 92; 168]; [199; 71; 196; 145]; [78; 85; 155]; [43; 103; 164]; [42; 70; 197]; [69; 53]; [4; 5]; [186; 100; 10]; [62; 68; 181]; [8; 113; 178]; [162; 79; 77]; [75; 93]; [140; 19; 153]; [182; 41; 80]; [122; 177; 148; 171]; [88; 25; 187]], [99600; 100000; 58500; 100000; 100000; 100000; 99900; 88100; 100000; 100000; 78100; 100000; 94800; 99900; 99600; 100000; 100000; 100000; 100000; 99800; 99900; 99900; 89700; 53200; 99900; 99900; 90000; 51400; 100000; 99800; 100000; 100000; 100000; 99900; 100000; 52300; 96300; 100000; 99800; 100000; 100000; 87000; 100000; 52500; 95400; 85500; 100000; 100000; 91500; 100000; 100000; 100000; 100000; 100000; 57700; 89100; 100000; 100000; 99900; 100000; 100000; 81000; 96700; 100000; 99900; 100000; 99800; 73700; 99900; 100000; 100000; 100000], 2825800, 2825801, 144.71843099594116
117, 75, 0.8382741733333335, [179; 142; 124; 174; 29; 82; 191; 64; 149; 100; 185; 80; 38; 114; 33; 160; 102; 107; 98; 129; 145; 36; 92; 199; 6; 8; 93; 84; 120; 25; 163; 136; 103; 74; 75; 68; 184; 57; 195; 90; 17; 47; 76; 186; 188; 96; 16; 15; 9; 144; 155; 152; 153; 7; 55; 56; 189; 3; 178; 117; 148; 122; 177; 171; 131; 166; 10; 11; 59; 77; 176; 180; 97; 23; 26; 175; 71; 69; 18; 19; 157; 0; 146; 72; 73; 99; 181; 20; 21; 128; 79; 104; 108; 150; 53; 62; 111; 151; 49; 85; 170; 196; 158; 14; 119; 173; 193; 113; 167; 140; 86; 101; 121; 81; 190; 34; 91; 132; 87; 138; 88; 159; 135; 130; 192; 39; 40; 94; 164; 52; 194; 78; 31; 169; 105; 116; 1; 183; 60; 48; 198; 127; 154; 30; 28; 134; 109; 70; 63; 54; 187; 118; 51; 141; 22; 24; 123; 125; 67; 106; 156; 50; 44; 161; 32; 112; 13; 12; 66; 197; 46; 139; 165; 2; 162; 89; 58; 143; 137; 27; 168; 133; 5; 4; 83; 115; 110; 45; 95; 172; 35; 41; 65; 61; 182; 126; 147; 37; 43; 42], [[179; 142; 124; 174]; [29; 82; 191]; [64; 149; 100]; [185; 80; 38]; [114; 33; 160]; [102; 107; 98]; [129; 145; 36]; [92; 199]; [6; 8]; [93; 84]; [120; 25; 163]; [136; 103]; [74; 75]; [68; 184; 57]; [195; 90; 17]; [47; 76; 186]; [188; 96]; [16; 15]; [9; 144; 155]; [152; 153; 7]; [55; 56; 189]; [3; 178; 117]; [148; 122; 177; 171]; [131; 166]; [10; 11]; [59; 77; 176]; [180; 97]; [23; 26]; [175; 71; 69]; [18; 19]; [157; 0; 146]; [72; 73]; [99; 181]; [20; 21]; [128; 79; 104]; [108; 150]; [53; 62]; [111; 151; 49]; [85; 170; 196; 158]; [14; 119; 173]; [193; 113; 167; 140]; [86; 101; 121]; [81; 190; 34]; [91; 132]; [87; 138; 88]; [159; 135; 130; 192]; [39; 40]; [94; 164; 52]; [194; 78]; [31; 169; 105]; [116; 1; 183]; [60; 48; 198]; [127; 154]; [30; 28]; [134; 109; 70]; [63; 54; 187]; [118; 51; 141]; [22; 24]; [123; 125; 67]; [106; 156]; [50; 44]; [161; 32; 112]; [13; 12]; [66; 197; 46]; [139; 165; 2]; [162; 89; 58]; [143; 137; 27]; [168; 133]; [5; 4]; [83; 115; 110]; [45; 95; 172]; [35; 41]; [65; 61; 182]; [126; 147; 37]; [43; 42]], [99100; 100000; 100000; 99900; 100000; 100000; 100000; 51900; 96200; 71300; 99900; 61700; 77900; 100000; 99800; 99900; 53200; 94100; 100000; 100000; 100000; 100000; 100000; 52500; 95300; 100000; 54400; 91100; 100000; 93600; 100000; 78200; 53500; 92800; 99700; 58800; 81900; 100000; 100000; 100000; 99800; 100000; 99400; 64400; 99900; 100000; 87000; 100000; 56000; 100000; 99900; 99700; 55300; 89900; 100000; 100000; 100000; 91800; 100000; 58000; 85300; 100000; 94800; 99900; 99500; 100000; 99900; 51900; 96700; 100000; 99900; 87700; 99900; 99900; 86700], 2348200, 2348201, 122.31768083572388
142, 75, 0.8396321200000002, [53; 56; 194; 35; 107; 167; 160; 36; 110; 162; 68; 84; 99; 191; 6; 156; 147; 132; 3; 169; 129; 81; 98; 115; 122; 77; 66; 104; 140; 51; 49; 109; 24; 172; 176; 113; 14; 125; 175; 2; 4; 61; 54; 189; 128; 13; 166; 152; 141; 19; 17; 95; 52; 165; 32; 31; 135; 112; 57; 58; 96; 70; 151; 78; 74; 120; 108; 73; 72; 7; 11; 142; 134; 33; 37; 94; 41; 174; 178; 114; 8; 40; 43; 185; 63; 59; 173; 71; 75; 124; 150; 38; 85; 180; 133; 34; 145; 137; 168; 0; 196; 100; 44; 46; 144; 155; 10; 79; 116; 117; 30; 170; 106; 105; 149; 55; 138; 64; 111; 50; 139; 121; 158; 119; 27; 164; 195; 62; 187; 26; 23; 102; 45; 163; 76; 193; 42; 118; 1; 179; 86; 199; 15; 16; 188; 88; 25; 65; 87; 159; 157; 12; 136; 97; 184; 21; 20; 69; 67; 92; 89; 131; 127; 146; 197; 143; 47; 91; 171; 101; 192; 5; 28; 29; 123; 60; 126; 183; 80; 39; 148; 154; 9; 103; 186; 177; 82; 48; 182; 93; 22; 190; 90; 130; 161; 18; 83; 153; 181; 198], [[53; 56; 194]; [35; 107; 167]; [160; 36; 110]; [162; 68; 84]; [99; 191]; [6; 156; 147]; [132; 3; 169]; [129; 81; 98]; [115; 122; 77]; [66; 104; 140]; [51; 49]; [109; 24; 172]; [176; 113; 14]; [125; 175]; [2; 4]; [61; 54; 189]; [128; 13; 166]; [152; 141]; [19; 17]; [95; 52; 165]; [32; 31]; [135; 112]; [57; 58]; [96; 70; 151]; [78; 74]; [120; 108]; [73; 72]; [7; 11]; [142; 134]; [33; 37]; [94; 41; 174]; [178; 114; 8]; [40; 43]; [185; 63; 59]; [173; 71; 75]; [124; 150]; [38; 85; 180]; [133; 34; 145]; [137; 168]; [0; 196; 100]; [44; 46]; [144; 155; 10]; [79; 116; 117]; [30; 170; 106]; [105; 149; 55]; [138; 64; 111]; [50; 139; 121]; [158; 119; 27]; [164; 195; 62; 187]; [26; 23]; [102; 45; 163]; [76; 193; 42]; [118; 1; 179]; [86; 199]; [15; 16]; [188; 88; 25]; [65; 87; 159]; [157; 12; 136]; [97; 184]; [21; 20]; [69; 67]; [92; 89; 131]; [127; 146; 197; 143]; [47; 91; 171]; [101; 192; 5]; [28; 29]; [123; 60; 126]; [183; 80; 39]; [148; 154]; [9; 103; 186]; [177; 82; 48]; [182; 93]; [22; 190; 90]; [130; 161; 18]; [83; 153; 181; 198]], [100000; 99900; 100000; 100000; 52000; 100000; 100000; 100000; 100000; 100000; 84100; 100000; 100000; 51400; 97200; 100000; 100000; 53300; 93700; 99900; 89400; 59900; 81200; 100000; 77200; 63300; 78200; 95700; 55700; 88400; 100000; 100000; 86700; 100000; 100000; 56400; 100000; 100000; 50900; 99900; 86000; 99900; 100000; 100000; 100000; 100000; 99900; 100000; 100000; 91100; 100000; 99900; 99900; 52900; 94100; 100000; 99900; 100000; 54000; 92800; 79200; 99900; 100000; 100000; 100000; 89900; 100000; 100000; 52300; 100000; 100000; 54500; 99900; 100000; 99400], 2845700, 2845701, 146.46508526802063
141, 72, 0.8983826250000002, [47; 101; 158; 195; 68; 46; 83; 168; 56; 22; 185; 96; 17; 19; 55; 60; 186; 11; 13; 166; 24; 118; 92; 175; 40; 88; 160; 64; 25; 94; 182; 143; 129; 36; 134; 153; 23; 89; 189; 39; 120; 155; 119; 177; 7; 93; 198; 6; 148; 183; 126; 117; 69; 91; 76; 150; 61; 172; 82; 109; 151; 52; 33; 32; 190; 114; 188; 116; 58; 71; 179; 63; 163; 85; 127; 154; 31; 30; 98; 81; 130; 14; 16; 72; 181; 57; 8; 10; 21; 176; 107; 100; 192; 5; 105; 159; 44; 122; 12; 170; 51; 50; 133; 136; 45; 48; 178; 111; 9; 37; 34; 128; 80; 99; 74; 75; 90; 184; 29; 84; 66; 164; 162; 1; 139; 103; 142; 67; 125; 123; 124; 174; 3; 4; 59; 113; 137; 2; 199; 97; 54; 121; 135; 27; 95; 180; 187; 79; 38; 115; 87; 104; 65; 140; 144; 152; 15; 43; 41; 102; 42; 167; 145; 165; 110; 193; 0; 147; 161; 146; 26; 138; 49; 112; 149; 141; 62; 108; 73; 191; 197; 156; 35; 196; 77; 20; 18; 70; 78; 169; 131; 132; 53; 86; 173; 157; 194; 28; 171; 106], [[47; 101; 158]; [195; 68; 46]; [83; 168; 56]; [22; 185; 96]; [17; 19]; [55; 60; 186]; [11; 13]; [166; 24; 118]; [92; 175; 40]; [88; 160; 64]; [25; 94; 182]; [143; 129; 36]; [134; 153]; [23; 89; 189]; [39; 120; 155]; [119; 177; 7]; [93; 198]; [6; 148; 183]; [126; 117; 69]; [91; 76; 150]; [61; 172; 82]; [109; 151; 52]; [33; 32]; [190; 114; 188; 116]; [58; 71; 179]; [63; 163; 85]; [127; 154]; [31; 30]; [98; 81; 130]; [14; 16]; [72; 181; 57]; [8; 10]; [21; 176; 107]; [100; 192; 5]; [105; 159; 44]; [122; 12; 170]; [51; 50]; [133; 136]; [45; 48]; [178; 111; 9]; [37; 34]; [128; 80; 99]; [74; 75]; [90; 184; 29]; [84; 66; 164]; [162; 1; 139]; [103; 142]; [67; 125; 123]; [124; 174]; [3; 4]; [59; 113; 137]; [2; 199; 97]; [54; 121; 135]; [27; 95; 180]; [187; 79; 38]; [115; 87]; [104; 65; 140]; [144; 152; 15]; [43; 41]; [102; 42; 167]; [145; 165; 110; 193]; [0; 147; 161]; [146; 26; 138]; [49; 112; 149]; [141; 62; 108]; [73; 191; 197; 156]; [35; 196; 77]; [20; 18]; [70; 78; 169]; [131; 132; 53]; [86; 173; 157; 194]; [28; 171; 106]], [100000; 100000; 100000; 99900; 93700; 100000; 95000; 99900; 100000; 100000; 100000; 100000; 54400; 100000; 99800; 99900; 51900; 94400; 100000; 100000; 99100; 100000; 89100; 100000; 100000; 100000; 55300; 89700; 100000; 94200; 99600; 95700; 100000; 100000; 100000; 100000; 84100; 57500; 85300; 100000; 88100; 99700; 77900; 100000; 99900; 100000; 60400; 100000; 51800; 96800; 100000; 99900; 100000; 100000; 100000; 67400; 100000; 100000; 86700; 100000; 100000; 99600; 100000; 100000; 100000; 100000; 99900; 93400; 99900; 100000; 100000; 100000], 2825800, 2825801, 145.83888125419617
138, 74, 0.8590372297297302, [119; 177; 6; 109; 108; 90; 122; 116; 36; 195; 76; 81; 130; 98; 68; 118; 127; 165; 129; 12; 24; 131; 101; 83; 199; 96; 1; 3; 67; 74; 176; 52; 48; 137; 59; 113; 64; 159; 94; 156; 72; 89; 95; 182; 185; 152; 86; 18; 198; 100; 92; 112; 45; 120; 151; 58; 196; 49; 71; 183; 54; 31; 32; 121; 60; 132; 110; 26; 171; 102; 190; 7; 65; 70; 87; 194; 21; 123; 147; 25; 141; 139; 175; 53; 188; 192; 82; 169; 57; 56; 104; 146; 145; 143; 20; 34; 33; 51; 111; 150; 22; 91; 189; 114; 124; 77; 75; 78; 153; 148; 8; 16; 181; 80; 43; 27; 172; 105; 2; 193; 103; 157; 138; 9; 19; 40; 44; 187; 97; 17; 0; 164; 142; 135; 144; 30; 107; 38; 163; 35; 42; 39; 41; 180; 15; 106; 46; 47; 178; 66; 69; 125; 167; 14; 28; 85; 140; 84; 155; 149; 5; 4; 161; 136; 10; 126; 115; 73; 158; 173; 168; 117; 37; 99; 170; 88; 197; 13; 166; 128; 134; 11; 162; 154; 133; 23; 29; 160; 93; 62; 191; 174; 184; 63; 179; 79; 50; 186; 61; 55], [[119; 177; 6]; [109; 108; 90]; [122; 116]; [36; 195; 76]; [81; 130; 98]; [68; 118; 127]; [165; 129]; [12; 24]; [131; 101; 83]; [199; 96]; [1; 3]; [67; 74; 176]; [52; 48]; [137; 59; 113]; [64; 159; 94]; [156; 72; 89]; [95; 182; 185; 152]; [86; 18; 198]; [100; 92; 112]; [45; 120; 151]; [58; 196; 49]; [71; 183; 54]; [31; 32]; [121; 60; 132]; [110; 26; 171]; [102; 190; 7]; [65; 70]; [87; 194; 21]; [123; 147]; [25; 141; 139]; [175; 53; 188; 192]; [82; 169; 57]; [56; 104; 146]; [145; 143; 20]; [34; 33]; [51; 111; 150]; [22; 91; 189]; [114; 124; 77]; [75; 78]; [153; 148]; [8; 16]; [181; 80; 43]; [27; 172; 105]; [2; 193; 103]; [157; 138]; [9; 19]; [40; 44]; [187; 97; 17]; [0; 164; 142]; [135; 144; 30]; [107; 38; 163]; [35; 42]; [39; 41]; [180; 15; 106]; [46; 47]; [178; 66; 69]; [125; 167]; [14; 28]; [85; 140; 84]; [155; 149]; [5; 4]; [161; 136; 10]; [126; 115; 73]; [158; 173; 168; 117]; [37; 99; 170]; [88; 197]; [13; 166; 128]; [134; 11; 162]; [154; 133]; [23; 29]; [160; 93; 62]; [191; 174; 184; 63]; [179; 79; 50]; [186; 61; 55]], [100000; 100000; 61500; 100000; 100000; 100000; 52700; 93200; 99200; 51300; 97300; 100000; 84000; 100000; 99000; 100000; 100000; 100000; 100000; 100000; 100000; 100000; 89400; 100000; 99600; 100000; 79200; 100000; 56700; 100000; 100000; 99700; 100000; 100000; 88700; 100000; 99800; 100000; 77100; 52300; 94900; 99900; 100000; 100000; 52300; 94600; 86700; 99900; 99800; 100000; 99900; 87700; 87000; 100000; 85300; 99800; 53100; 92300; 100000; 51900; 96700; 100000; 100000; 99900; 99900; 53000; 100000; 100000; 54900; 90700; 99100; 100000; 99900; 100000], 2766100, 2766101, 142.70471858978271
164, 72, 0.8996694583333336, [47; 154; 111; 112; 148; 51; 85; 197; 180; 147; 59; 127; 124; 4; 128; 171; 2; 174; 126; 45; 68; 196; 9; 179; 110; 163; 6; 137; 87; 50; 173; 34; 38; 42; 39; 73; 55; 184; 0; 109; 188; 41; 160; 108; 29; 28; 105; 5; 186; 141; 151; 20; 119; 156; 37; 83; 72; 159; 142; 155; 10; 8; 172; 130; 3; 95; 82; 136; 145; 65; 102; 91; 150; 76; 56; 177; 77; 97; 190; 14; 17; 58; 131; 122; 134; 153; 16; 175; 116; 78; 166; 178; 194; 139; 92; 79; 21; 168; 120; 198; 191; 60; 157; 66; 193; 49; 80; 84; 143; 185; 15; 101; 165; 129; 13; 199; 88; 24; 27; 162; 52; 96; 125; 103; 81; 115; 167; 25; 36; 94; 176; 71; 138; 107; 19; 18; 67; 48; 93; 46; 169; 144; 106; 57; 98; 146; 69; 31; 170; 104; 64; 62; 192; 114; 182; 1; 7; 26; 161; 118; 35; 32; 54; 187; 63; 135; 158; 11; 12; 132; 100; 86; 75; 133; 22; 23; 44; 43; 183; 90; 30; 117; 53; 140; 152; 99; 61; 121; 123; 70; 40; 195; 74; 33; 181; 89; 113; 149; 164; 189], [[47; 154; 111]; [112; 148; 51]; [85; 197; 180; 147]; [59; 127; 124]; [4; 128; 171]; [2; 174; 126]; [45; 68; 196]; [9; 179; 110]; [163; 6; 137]; [87; 50; 173]; [34; 38]; [42; 39]; [73; 55; 184]; [0; 109; 188]; [41; 160; 108]; [29; 28]; [105; 5; 186]; [141; 151; 20]; [119; 156; 37]; [83; 72; 159]; [142; 155]; [10; 8]; [172; 130; 3]; [95; 82; 136]; [145; 65; 102]; [91; 150; 76]; [56; 177; 77]; [97; 190]; [14; 17]; [58; 131; 122]; [134; 153]; [16; 175; 116]; [78; 166; 178; 194]; [139; 92; 79]; [21; 168; 120]; [198; 191; 60; 157]; [66; 193; 49]; [80; 84; 143]; [185; 15; 101]; [165; 129]; [13; 199; 88]; [24; 27]; [162; 52; 96]; [125; 103; 81]; [115; 167; 25]; [36; 94; 176]; [71; 138; 107]; [19; 18]; [67; 48]; [93; 46; 169]; [144; 106; 57]; [98; 146; 69]; [31; 170; 104]; [64; 62; 192]; [114; 182]; [1; 7]; [26; 161; 118]; [35; 32]; [54; 187; 63]; [135; 158]; [11; 12]; [132; 100; 86]; [75; 133]; [22; 23]; [44; 43]; [183; 90; 30]; [117; 53; 140]; [152; 99; 61]; [121; 123; 70]; [40; 195; 74]; [33; 181; 89]; [113; 149; 164; 189]], [100000; 100000; 100000; 100000; 100000; 100000; 100000; 100000; 99900; 100000; 87900; 87000; 99600; 100000; 100000; 89900; 100000; 100000; 100000; 99700; 52600; 95700; 99800; 99900; 100000; 100000; 100000; 52800; 94200; 100000; 54400; 99600; 99800; 100000; 99800; 100000; 99900; 100000; 100000; 52700; 100000; 90900; 100000; 100000; 100000; 100000; 99900; 93600; 82100; 100000; 100000; 100000; 100000; 98800; 51200; 97000; 100000; 88800; 100000; 52500; 95000; 98700; 68000; 91800; 86400; 100000; 100000; 100000; 100000; 100000; 100000; 100000], 3283500, 3283501, 167.6952338218689
138, 72, 0.8993875138888888, [72; 73; 63; 50; 54; 155; 101; 44; 154; 119; 15; 146; 151; 118; 135; 190; 171; 81; 191; 30; 56; 104; 147; 120; 161; 26; 82; 178; 46; 45; 43; 18; 22; 145; 36; 130; 128; 71; 114; 87; 141; 80; 16; 13; 59; 182; 66; 58; 160; 90; 123; 127; 60; 168; 78; 74; 96; 42; 173; 25; 183; 93; 185; 55; 67; 124; 88; 99; 180; 159; 184; 85; 17; 144; 149; 21; 126; 157; 179; 86; 38; 75; 199; 33; 29; 170; 136; 0; 62; 52; 193; 167; 116; 23; 24; 148; 77; 69; 176; 70; 138; 32; 140; 152; 142; 19; 188; 102; 9; 3; 1; 14; 111; 177; 125; 169; 5; 6; 34; 40; 97; 196; 4; 47; 49; 27; 166; 115; 133; 165; 11; 10; 64; 129; 121; 100; 143; 65; 150; 110; 41; 174; 94; 107; 189; 156; 164; 95; 163; 53; 106; 12; 181; 192; 92; 20; 61; 113; 137; 103; 112; 91; 162; 84; 68; 7; 8; 39; 79; 186; 98; 195; 2; 187; 108; 76; 35; 197; 134; 139; 37; 158; 117; 31; 122; 57; 131; 89; 172; 48; 153; 28; 132; 51; 175; 83; 105; 194; 109; 198], [[72; 73]; [63; 50]; [54; 155; 101]; [44; 154; 119]; [15; 146; 151]; [118; 135; 190; 171]; [81; 191; 30]; [56; 104; 147]; [120; 161; 26]; [82; 178; 46]; [45; 43]; [18; 22]; [145; 36; 130]; [128; 71; 114]; [87; 141; 80]; [16; 13]; [59; 182; 66]; [58; 160; 90]; [123; 127; 60]; [168; 78; 74]; [96; 42; 173]; [25; 183; 93]; [185; 55; 67]; [124; 88; 99]; [180; 159; 184; 85]; [17; 144; 149]; [21; 126; 157]; [179; 86; 38]; [75; 199]; [33; 29]; [170; 136; 0]; [62; 52; 193]; [167; 116]; [23; 24]; [148; 77]; [69; 176; 70]; [138; 32; 140]; [152; 142; 19]; [188; 102; 9]; [3; 1]; [14; 111; 177]; [125; 169]; [5; 6]; [34; 40]; [97; 196; 4]; [47; 49]; [27; 166; 115]; [133; 165]; [11; 10]; [64; 129; 121]; [100; 143; 65]; [150; 110]; [41; 174; 94]; [107; 189; 156; 164]; [95; 163; 53]; [106; 12; 181]; [192; 92; 20]; [61; 113; 137]; [103; 112; 91]; [162; 84; 68]; [7; 8]; [39; 79; 186]; [98; 195]; [2; 187; 108]; [76; 35; 197]; [134; 139; 37]; [158; 117; 31]; [122; 57; 131]; [89; 172; 48]; [153; 28; 132]; [51; 175; 83]; [105; 194; 109; 198]], [78200; 82300; 100000; 99800; 100000; 100000; 100000; 99900; 100000; 100000; 86200; 92800; 100000; 100000; 100000; 94300; 100000; 100000; 100000; 100000; 99900; 100000; 100000; 99500; 100000; 100000; 99900; 100000; 55700; 89400; 100000; 99900; 54400; 91600; 64900; 99900; 100000; 100000; 99900; 97300; 100000; 52400; 96500; 87700; 100000; 84600; 99800; 52500; 95300; 100000; 100000; 58300; 100000; 100000; 100000; 100000; 100000; 99900; 100000; 100000; 96100; 100000; 51500; 100000; 99900; 99800; 100000; 100000; 100000; 100000; 100000; 99800], 2766100, 2766101, 141.37125778198242
151, 73, 0.8807967260273971, [180; 101; 18; 17; 159; 114; 33; 169; 126; 7; 79; 161; 76; 129; 5; 170; 63; 199; 195; 155; 80; 26; 193; 185; 98; 19; 21; 82; 144; 84; 167; 95; 49; 158; 128; 20; 182; 191; 93; 142; 31; 115; 162; 96; 74; 148; 145; 27; 138; 157; 108; 43; 44; 135; 136; 40; 124; 149; 174; 131; 0; 2; 196; 16; 88; 12; 13; 73; 50; 188; 117; 164; 25; 120; 163; 177; 87; 45; 137; 104; 72; 171; 110; 23; 118; 165; 36; 143; 130; 178; 6; 116; 83; 168; 57; 166; 133; 10; 11; 152; 48; 112; 113; 192; 160; 151; 156; 3; 150; 154; 55; 100; 69; 175; 71; 4; 106; 187; 53; 58; 194; 183; 68; 59; 197; 89; 14; 15; 35; 77; 198; 134; 147; 29; 22; 24; 102; 173; 32; 125; 103; 81; 38; 176; 92; 107; 189; 1; 8; 85; 186; 30; 140; 105; 66; 39; 42; 184; 62; 70; 47; 90; 172; 41; 46; 56; 132; 122; 94; 179; 28; 75; 64; 127; 123; 60; 146; 91; 78; 190; 99; 9; 54; 111; 141; 65; 153; 97; 121; 139; 37; 34; 52; 51; 181; 67; 61; 86; 109; 119], [[180; 101]; [18; 17]; [159; 114; 33]; [169; 126; 7]; [79; 161; 76]; [129; 5; 170]; [63; 199; 195; 155]; [80; 26; 193]; [185; 98]; [19; 21]; [82; 144; 84]; [167; 95; 49]; [158; 128; 20]; [182; 191; 93; 142]; [31; 115; 162]; [96; 74; 148]; [145; 27; 138]; [157; 108; 43]; [44; 135; 136]; [40; 124; 149]; [174; 131]; [0; 2]; [196; 16; 88]; [12; 13]; [73; 50; 188]; [117; 164]; [25; 120; 163]; [177; 87; 45]; [137; 104; 72]; [171; 110]; [23; 118; 165]; [36; 143; 130]; [178; 6; 116]; [83; 168; 57]; [166; 133]; [10; 11]; [152; 48; 112]; [113; 192; 160; 151]; [156; 3; 150]; [154; 55; 100]; [69; 175; 71]; [4; 106; 187]; [53; 58; 194]; [183; 68; 59]; [197; 89]; [14; 15]; [35; 77; 198]; [134; 147; 29]; [22; 24]; [102; 173; 32]; [125; 103; 81]; [38; 176; 92]; [107; 189]; [1; 8]; [85; 186; 30]; [140; 105; 66]; [39; 42]; [184; 62; 70]; [47; 90; 172]; [41; 46]; [56; 132; 122]; [94; 179; 28]; [75; 64]; [127; 123; 60]; [146; 91; 78]; [190; 99; 9]; [54; 111; 141]; [65; 153; 97]; [121; 139]; [37; 34]; [52; 51]; [181; 67; 61]; [86; 109; 119]], [53500; 93700; 100000; 100000; 100000; 100000; 100000; 100000; 53400; 93000; 99900; 100000; 100000; 100000; 100000; 100000; 99900; 99900; 100000; 100000; 50900; 98000; 100000; 94800; 99900; 54600; 99900; 100000; 100000; 54300; 100000; 100000; 100000; 100000; 52400; 95300; 99900; 100000; 100000; 100000; 100000; 99800; 100000; 99800; 52800; 94500; 99700; 100000; 91800; 99900; 100000; 100000; 51200; 96900; 100000; 100000; 87000; 99300; 100000; 86300; 100000; 100000; 79100; 100000; 100000; 99900; 100000; 100000; 57800; 88100; 83700; 100000; 99000], 3024800, 3024801, 156.91271948814392
