Iteración VNS,Iteraciones totales,Numero Contenedores,FBPP,Solución,Representación,Pesos,Total Vecinos Visitados,Evaluaciones,Tiempo Ejecución 
6,77,38,0.9263730994152045,[10; 48; 59; 20; 71; 91; 74; 35; 16; 56; 68; 63; 90; 79; 89; 95; 7; 51; 44; 15; 58; 46; 64; 29; 72; 66; 9; 69; 86; 60; 0; 93; 42; 99; 31; 19; 40; 57; 1; 78; 62; 27; 23; 37; 45; 12; 43; 36; 94; 97; 28; 75; 22; 49; 88; 21; 41; 65; 83; 17; 25; 33; 11; 61; 34; 26; 55; 81; 32; 96; 70; 47; 84; 82; 80; 3; 52; 4; 5; 53; 50; 6; 76; 18; 98; 73; 38; 30; 14; 67; 85; 24; 39; 92; 77; 13; 87; 8; 2; 54],[[10; 48]; [59; 20]; [71; 91; 74; 35]; [16; 56]; [68; 63; 90; 79; 89; 95]; [7; 51]; [44; 15]; [58; 46; 64]; [29; 72; 66]; [9; 69; 86]; [60; 0]; [93; 42; 99; 31]; [19; 40]; [57; 1]; [78; 62; 27]; [23; 37]; [45; 12]; [43; 36; 94; 97]; [28; 75]; [22; 49; 88]; [21; 41]; [65; 83; 17]; [25; 33]; [11; 61]; [34; 26]; [55; 81; 32]; [96; 70; 47; 84]; [82; 80; 3]; [52; 4]; [5; 53]; [50; 6]; [76; 18; 98; 73]; [38; 30]; [14; 67; 85]; [24; 39]; [92; 77; 13; 87]; [8]; [2; 54]],[14800; 13100; 15000; 13600; 14400; 14600; 15000; 14600; 14900; 14800; 14400; 15000; 15000; 14700; 15000; 14900; 15000; 14700; 10500; 14900; 14500; 15000; 15000; 13600; 15000; 15000; 12600; 15000; 15000; 14800; 14900; 14900; 14500; 14900; 14600; 14600; 9200; 14700],7706,7707,0.6718649864196777
6,62,38,0.9260830409356725,[68; 92; 86; 19; 87; 78; 11; 89; 50; 15; 66; 71; 80; 63; 70; 74; 24; 60; 1; 75; 34; 57; 16; 43; 23; 76; 64; 95; 44; 99; 27; 3; 65; 30; 31; 36; 26; 25; 39; 98; 96; 79; 9; 93; 18; 45; 67; 42; 59; 38; 22; 83; 13; 5; 51; 12; 46; 35; 28; 81; 0; 2; 56; 94; 10; 61; 85; 33; 48; 47; 8; 72; 7; 55; 49; 62; 88; 17; 54; 4; 52; 40; 21; 20; 53; 91; 90; 41; 69; 73; 97; 58; 37; 82; 14; 29; 32; 84; 6; 77],[[68; 92; 86; 19]; [87; 78; 11; 89]; [50; 15]; [66; 71; 80; 63]; [70; 74; 24]; [60; 1]; [75; 34; 57]; [16; 43]; [23; 76; 64]; [95; 44; 99; 27]; [3; 65]; [30; 31]; [36; 26]; [25; 39; 98]; [96; 79; 9; 93]; [18; 45]; [67; 42; 59]; [38; 22]; [83; 13]; [5; 51]; [12; 46]; [35; 28]; [81; 0]; [2; 56]; [94; 10; 61]; [85; 33; 48]; [47; 8]; [72; 7]; [55; 49; 62]; [88; 17; 54]; [4; 52]; [40; 21]; [20; 53; 91]; [90; 41; 69; 73]; [97; 58; 37; 82]; [14]; [29; 32]; [84; 6; 77]],[15000; 14900; 14400; 14800; 14600; 14400; 15000; 15000; 14900; 14800; 13700; 15000; 14800; 14900; 13800; 14400; 15000; 15000; 11500; 15000; 14700; 14800; 12500; 14500; 14600; 15000; 14800; 12600; 15000; 14900; 15000; 14600; 14800; 14700; 14800; 8900; 14900; 14700],6206,6207,0.5784239768981934
6,58,38,0.9289859649122808,[56; 92; 9; 67; 90; 89; 35; 93; 98; 18; 45; 63; 1; 99; 40; 23; 61; 91; 10; 78; 69; 28; 96; 51; 14; 83; 19; 66; 81; 31; 57; 15; 54; 87; 27; 47; 30; 29; 74; 85; 0; 65; 75; 3; 60; 44; 71; 58; 97; 76; 94; 88; 49; 16; 43; 6; 59; 95; 13; 50; 33; 32; 52; 4; 39; 34; 24; 36; 84; 7; 73; 21; 46; 25; 38; 48; 12; 77; 8; 80; 2; 55; 79; 22; 68; 82; 11; 72; 26; 37; 20; 41; 86; 70; 64; 53; 62; 5; 42; 17],[[56; 92; 9]; [67; 90; 89; 35; 93; 98]; [18; 45]; [63; 1; 99]; [40; 23]; [61; 91; 10]; [78; 69; 28; 96]; [51; 14]; [83; 19; 66]; [81; 31; 57]; [15; 54]; [87; 27; 47]; [30; 29]; [74; 85; 0]; [65; 75]; [3; 60]; [44; 71; 58; 97]; [76; 94; 88; 49]; [16; 43]; [6; 59; 95]; [13; 50]; [33; 32]; [52; 4]; [39; 34]; [24; 36]; [84; 7; 73]; [21; 46]; [25; 38]; [48; 12]; [77; 8; 80]; [2; 55]; [79; 22; 68]; [82; 11; 72]; [26; 37]; [20; 41]; [86; 70; 64; 53]; [62; 5]; [42; 17]],[15000; 15000; 14400; 14400; 14400; 14900; 15000; 14300; 14900; 14900; 13900; 15000; 15000; 15000; 6900; 14200; 14900; 10700; 15000; 15000; 14500; 14700; 15000; 14100; 14900; 14800; 13700; 14700; 14600; 14900; 14700; 14600; 15000; 14800; 14900; 15000; 14100; 14900],5806,5807,0.5469975471496582
6,65,39,0.8926849002849,[78; 92; 98; 19; 84; 12; 45; 39; 35; 76; 5; 82; 31; 71; 94; 79; 43; 16; 58; 88; 17; 0; 57; 46; 10; 67; 66; 36; 29; 62; 74; 25; 20; 7; 50; 30; 44; 27; 33; 61; 91; 14; 34; 85; 48; 38; 22; 49; 2; 65; 11; 64; 23; 37; 77; 52; 75; 70; 6; 54; 59; 83; 89; 42; 56; 93; 9; 24; 68; 72; 1; 73; 99; 87; 47; 13; 81; 8; 86; 96; 97; 4; 55; 18; 69; 3; 53; 51; 90; 95; 32; 21; 40; 26; 80; 63; 41; 28; 15; 60],[[78; 92; 98; 19; 84]; [12; 45]; [39; 35]; [76; 5; 82]; [31; 71; 94; 79]; [43; 16]; [58; 88; 17]; [0; 57]; [46; 10]; [67; 66; 36]; [29; 62; 74]; [25]; [20]; [7; 50]; [30; 44]; [27; 33]; [61; 91; 14]; [34; 85; 48]; [38; 22]; [49]; [2; 65]; [11; 64]; [23; 37]; [77; 52; 75; 70]; [6; 54]; [59; 83; 89; 42]; [56; 93; 9]; [24; 68; 72]; [1; 73; 99; 87]; [47; 13]; [81; 8; 86; 96; 97]; [4; 55]; [18; 69]; [3; 53]; [51; 90; 95; 32]; [21; 40]; [26; 80; 63]; [41; 28]; [15; 60]],[15000; 15000; 14000; 15000; 14800; 15000; 14600; 14700; 14900; 15000; 15000; 7700; 8400; 14700; 13600; 15000; 14600; 15000; 15000; 5500; 13700; 13300; 14900; 15000; 14400; 14900; 15000; 15000; 14900; 14600; 14900; 14600; 12200; 14900; 14900; 14600; 14900; 14100; 13400],6506,6507,0.6427984237670898
6,70,38,0.9260292397660819,[96; 84; 13; 79; 46; 7; 98; 58; 5; 38; 22; 42; 67; 60; 57; 0; 44; 18; 8; 49; 35; 24; 6; 51; 63; 39; 43; 16; 70; 25; 37; 23; 56; 14; 95; 32; 28; 41; 94; 72; 64; 50; 10; 93; 74; 54; 47; 3; 87; 91; 86; 12; 55; 11; 76; 75; 9; 48; 17; 45; 77; 21; 66; 99; 68; 92; 31; 53; 2; 81; 26; 80; 97; 89; 62; 20; 85; 36; 78; 90; 88; 83; 19; 40; 15; 61; 1; 59; 29; 30; 82; 34; 33; 65; 71; 73; 27; 69; 52; 4],[[96; 84; 13; 79]; [46; 7]; [98; 58; 5]; [38; 22]; [42; 67; 60]; [57; 0]; [44; 18]; [8; 49]; [35; 24]; [6; 51]; [63; 39]; [43; 16]; [70; 25]; [37; 23]; [56; 14; 95]; [32; 28]; [41; 94; 72; 64]; [50; 10]; [93; 74; 54; 47]; [3; 87; 91; 86]; [12; 55]; [11; 76; 75]; [9; 48]; [17; 45]; [77; 21; 66; 99]; [68; 92; 31]; [53; 2]; [81; 26; 80; 97; 89]; [62; 20; 85]; [36; 78; 90; 88; 83]; [19; 40]; [15; 61]; [1; 59]; [29; 30]; [82; 34]; [33; 65; 71]; [73; 27; 69]; [52; 4]],[15000; 14900; 14700; 15000; 14800; 14700; 14500; 14700; 15000; 14800; 11200; 15000; 11500; 14900; 14600; 15000; 15000; 14700; 14600; 14400; 14000; 14900; 14800; 14500; 15000; 12300; 14900; 14900; 15000; 15000; 15000; 13400; 14600; 15000; 9800; 14900; 14700; 15000],7006,7007,0.5983622074127197
6,67,39,0.8940797720797719,[78; 62; 36; 97; 37; 23; 94; 86; 95; 85; 61; 91; 80; 54; 32; 81; 44; 15; 57; 20; 96; 93; 40; 22; 79; 25; 2; 59; 51; 11; 64; 19; 8; 69; 31; 56; 82; 48; 6; 27; 33; 99; 55; 92; 18; 98; 17; 41; 46; 14; 58; 38; 74; 26; 35; 84; 70; 16; 34; 28; 63; 3; 87; 39; 42; 24; 67; 75; 68; 89; 1; 53; 5; 45; 12; 29; 0; 90; 72; 4; 52; 30; 88; 77; 73; 65; 9; 76; 47; 43; 71; 13; 10; 49; 60; 21; 83; 7; 50; 66],[[78; 62; 36; 97]; [37; 23]; [94; 86; 95; 85; 61; 91; 80]; [54; 32; 81]; [44; 15]; [57; 20; 96; 93]; [40; 22]; [79; 25]; [2; 59]; [51; 11]; [64; 19]; [8; 69]; [31; 56; 82]; [48; 6]; [27; 33]; [99; 55; 92; 18; 98]; [17; 41]; [46; 14]; [58; 38; 74]; [26; 35]; [84; 70; 16]; [34; 28]; [63; 3]; [87; 39; 42]; [24; 67; 75]; [68; 89; 1]; [53; 5]; [45; 12]; [29]; [0; 90; 72]; [4; 52]; [30; 88; 77; 73]; [65; 9]; [76; 47; 43]; [71; 13]; [10; 49]; [60; 21; 83]; [7; 50]; [66]],[14900; 14900; 14200; 15000; 15000; 15000; 14600; 10500; 14400; 14500; 12600; 13000; 14800; 15000; 15000; 14900; 15000; 14600; 14700; 14900; 15000; 14900; 14100; 14900; 14600; 15000; 14800; 15000; 7500; 14500; 15000; 15000; 13200; 14700; 12600; 14700; 15000; 14700; 4000],6706,6707,0.599982500076294
6,59,39,0.8930153846153843,[77; 46; 96; 23; 35; 26; 53; 21; 81; 70; 20; 41; 47; 9; 11; 98; 54; 19; 62; 85; 0; 55; 67; 5; 91; 42; 28; 14; 51; 63; 87; 71; 90; 89; 80; 92; 7; 59; 43; 16; 52; 13; 64; 1; 27; 36; 33; 40; 93; 69; 57; 72; 76; 4; 15; 44; 12; 45; 84; 56; 30; 65; 83; 18; 32; 29; 73; 66; 31; 22; 38; 74; 86; 2; 50; 61; 60; 95; 99; 3; 78; 88; 68; 17; 82; 10; 34; 25; 8; 49; 48; 6; 79; 94; 24; 75; 97; 39; 37; 58],[[77; 46; 96]; [23; 35]; [26; 53]; [21; 81; 70]; [20; 41]; [47; 9]; [11; 98; 54]; [19; 62; 85]; [0; 55]; [67; 5; 91]; [42; 28]; [14; 51]; [63; 87; 71; 90; 89; 80]; [92; 7; 59]; [43; 16]; [52; 13]; [64; 1]; [27; 36]; [33; 40; 93]; [69; 57; 72; 76]; [4]; [15; 44]; [12; 45]; [84; 56; 30]; [65; 83; 18]; [32; 29]; [73; 66; 31]; [22; 38]; [74; 86; 2]; [50; 61; 60]; [95; 99; 3; 78; 88]; [68; 17; 82]; [10]; [34; 25]; [8; 49]; [48; 6]; [79; 94; 24; 75; 97]; [39; 37]; [58]],[9400; 15000; 12900; 14400; 14900; 14800; 14500; 15000; 14900; 14700; 14000; 14300; 15000; 14900; 15000; 14400; 14100; 14800; 14900; 14900; 9600; 15000; 15000; 14700; 14900; 14900; 14700; 15000; 14500; 14500; 14900; 14800; 9200; 15000; 14700; 15000; 14900; 13900; 4700],5906,5907,0.567450761795044
6,61,38,0.924969590643275,[13; 45; 50; 11; 55; 93; 38; 97; 91; 88; 59; 61; 78; 35; 32; 15; 75; 53; 79; 41; 90; 4; 73; 89; 0; 68; 51; 9; 12; 52; 37; 23; 47; 98; 20; 83; 29; 16; 87; 60; 1; 54; 39; 22; 48; 6; 27; 36; 30; 31; 18; 40; 24; 95; 76; 34; 25; 74; 58; 94; 69; 81; 46; 99; 10; 33; 26; 7; 65; 85; 8; 71; 96; 5; 62; 56; 2; 80; 70; 86; 42; 72; 14; 82; 17; 92; 49; 44; 67; 66; 64; 19; 84; 3; 57; 28; 77; 63; 21; 43],[[13; 45]; [50; 11]; [55; 93; 38; 97; 91]; [88; 59; 61; 78]; [35; 32]; [15; 75]; [53; 79; 41]; [90; 4; 73]; [89; 0; 68]; [51; 9]; [12; 52]; [37; 23]; [47; 98; 20]; [83; 29]; [16; 87; 60]; [1; 54]; [39; 22]; [48; 6]; [27; 36]; [30; 31]; [18; 40]; [24; 95; 76]; [34; 25]; [74; 58; 94; 69; 81]; [46; 99; 10]; [33; 26]; [7; 65]; [85; 8; 71]; [96; 5; 62]; [56; 2]; [80; 70; 86; 42]; [72; 14; 82]; [17; 92; 49]; [44; 67; 66]; [64; 19; 84]; [3; 57]; [28; 77; 63]; [21; 43]],[15000; 14600; 14700; 13400; 14600; 11800; 14500; 14000; 15000; 14600; 14400; 14900; 14400; 10000; 15000; 14900; 14800; 15000; 14800; 15000; 15000; 11600; 15000; 15000; 15000; 15000; 13200; 14900; 14900; 14500; 14800; 14800; 15000; 14000; 15000; 14500; 14900; 14200],6106,6107,0.5782201290130615
6,61,39,0.8890974358974361,[8; 80; 5; 64; 26; 47; 89; 82; 4; 75; 16; 43; 42; 18; 40; 9; 85; 76; 15; 57; 35; 25; 56; 3; 77; 74; 22; 92; 30; 36; 50; 95; 23; 44; 19; 62; 78; 27; 17; 41; 14; 69; 87; 60; 45; 63; 71; 51; 79; 81; 49; 13; 28; 37; 93; 55; 38; 67; 99; 24; 73; 2; 46; 10; 88; 11; 66; 61; 1; 6; 54; 33; 98; 34; 39; 21; 32; 94; 90; 52; 0; 58; 59; 97; 48; 70; 12; 86; 65; 7; 84; 72; 83; 20; 68; 91; 31; 96; 53; 29],[[8; 80]; [5; 64]; [26; 47; 89]; [82; 4; 75]; [16; 43]; [42; 18]; [40]; [9; 85; 76]; [15; 57]; [35; 25]; [56; 3]; [77; 74; 22; 92]; [30; 36]; [50; 95; 23]; [44; 19]; [62; 78; 27]; [17; 41]; [14; 69; 87]; [60; 45; 63]; [71; 51; 79; 81]; [49; 13]; [28; 37]; [93; 55; 38]; [67; 99; 24; 73]; [2]; [46; 10]; [88; 11; 66]; [61; 1]; [6; 54]; [33; 98; 34]; [39; 21]; [32; 94; 90; 52]; [0; 58]; [59; 97; 48; 70]; [12; 86; 65]; [7; 84; 72]; [83; 20; 68]; [91; 31; 96; 53]; [29]],[12000; 13800; 14600; 15000; 15000; 14800; 6600; 14200; 13700; 14900; 14500; 14900; 14600; 14200; 14500; 15000; 15000; 14400; 14900; 14400; 14500; 14700; 13000; 15000; 9700; 14900; 14500; 14400; 14400; 15000; 14800; 14900; 14600; 14600; 14800; 15000; 14700; 14700; 7500],6106,6107,0.5626721382141113
6,65,38,0.9287005847953214,[21; 60; 7; 47; 55; 96; 8; 70; 80; 6; 49; 5; 56; 23; 35; 14; 74; 83; 3; 79; 92; 15; 69; 85; 36; 27; 68; 0; 53; 18; 9; 98; 64; 93; 25; 90; 44; 12; 97; 51; 86; 29; 75; 94; 1; 81; 84; 39; 72; 59; 41; 66; 62; 37; 30; 28; 33; 4; 52; 63; 45; 95; 77; 43; 16; 32; 31; 34; 73; 61; 26; 38; 58; 13; 89; 20; 67; 99; 82; 57; 40; 71; 19; 42; 46; 10; 91; 22; 48; 50; 17; 11; 87; 65; 76; 78; 88; 24; 2; 54],[[21; 60]; [7; 47]; [55; 96; 8]; [70; 80]; [6; 49]; [5; 56]; [23; 35]; [14; 74; 83]; [3; 79; 92]; [15; 69; 85]; [36; 27]; [68; 0]; [53; 18]; [9; 98; 64; 93]; [25; 90; 44]; [12; 97; 51]; [86; 29; 75; 94]; [1; 81; 84]; [39; 72; 59]; [41; 66; 62]; [37; 30]; [28; 33]; [4; 52]; [63; 45; 95; 77]; [43; 16]; [32; 31]; [34; 73; 61]; [26; 38]; [58; 13; 89]; [20; 67; 99; 82]; [57; 40; 71]; [19; 42]; [46; 10]; [91; 22; 48]; [50; 17]; [11; 87; 65]; [76; 78; 88; 24]; [2; 54]],[12500; 14800; 15000; 6600; 14900; 14400; 15000; 14400; 13500; 14800; 14800; 13700; 13600; 14800; 15000; 14900; 13100; 14900; 14900; 15000; 14600; 14900; 15000; 14200; 15000; 14900; 15000; 14700; 15000; 14900; 15000; 14800; 14900; 14800; 14000; 14800; 14900; 14700],6506,6507,0.6672024726867676
6,70,39,0.8963794871794869,[45; 12; 48; 6; 51; 3; 54; 31; 41; 94; 29; 37; 67; 81; 33; 90; 63; 84; 21; 56; 82; 25; 20; 74; 99; 73; 14; 88; 38; 22; 30; 11; 68; 85; 35; 24; 70; 76; 28; 26; 34; 7; 57; 93; 0; 55; 19; 77; 71; 98; 65; 2; 13; 64; 40; 27; 46; 8; 32; 62; 80; 10; 50; 1; 69; 89; 9; 79; 83; 15; 47; 97; 60; 17; 91; 16; 44; 4; 52; 61; 43; 66; 49; 72; 92; 58; 95; 75; 78; 18; 53; 5; 39; 42; 86; 23; 96; 59; 87; 36],[[45; 12]; [48; 6]; [51]; [3; 54]; [31; 41; 94]; [29; 37]; [67; 81; 33; 90]; [63; 84; 21]; [56; 82; 25]; [20; 74; 99; 73]; [14; 88]; [38; 22]; [30]; [11; 68; 85]; [35; 24]; [70; 76; 28]; [26; 34]; [7; 57; 93]; [0; 55]; [19; 77; 71]; [98; 65; 2]; [13; 64]; [40; 27]; [46; 8]; [32; 62; 80]; [10; 50]; [1; 69; 89]; [9; 79; 83]; [15; 47; 97]; [60; 17; 91]; [16; 44]; [4; 52]; [61; 43; 66]; [49; 72; 92; 58]; [95; 75; 78; 18]; [53; 5]; [39; 42; 86]; [23; 96; 59; 87]; [36]],[15000; 15000; 5400; 14700; 14900; 14600; 15000; 14800; 15000; 14700; 10300; 15000; 7500; 15000; 15000; 14300; 15000; 15000; 14900; 14900; 14100; 13200; 14300; 14900; 14700; 14700; 15000; 14500; 15000; 14200; 14900; 15000; 14700; 14600; 15000; 14800; 15000; 15000; 7100],7006,7007,0.5827686786651611
6,80,38,0.9281181286549708,[83; 79; 8; 77; 17; 72; 81; 97; 35; 71; 92; 11; 67; 4; 53; 19; 80; 65; 10; 86; 12; 45; 89; 82; 73; 22; 50; 56; 62; 41; 28; 94; 99; 74; 49; 43; 29; 38; 52; 88; 34; 96; 60; 66; 46; 15; 61; 90; 48; 7; 24; 36; 31; 84; 55; 26; 33; 47; 6; 13; 95; 57; 42; 18; 58; 3; 64; 2; 1; 59; 30; 20; 40; 76; 87; 9; 93; 0; 54; 63; 25; 75; 14; 44; 21; 98; 78; 70; 91; 69; 32; 85; 51; 5; 68; 16; 39; 27; 23; 37],[[83; 79; 8]; [77; 17; 72]; [81; 97; 35; 71; 92]; [11; 67]; [4; 53]; [19; 80]; [65; 10; 86]; [12; 45]; [89; 82; 73; 22]; [50; 56; 62]; [41; 28; 94]; [99; 74; 49; 43]; [29; 38]; [52; 88; 34; 96]; [60; 66; 46]; [15; 61; 90]; [48; 7]; [24; 36]; [31; 84; 55]; [26; 33]; [47; 6]; [13; 95; 57]; [42; 18]; [58; 3]; [64; 2]; [1; 59]; [30]; [20; 40]; [76; 87; 9; 93]; [0; 54]; [63; 25; 75]; [14; 44]; [21; 98; 78; 70]; [91; 69; 32; 85]; [51; 5]; [68; 16]; [39; 27]; [23; 37]],[14500; 14800; 14900; 13000; 14800; 11200; 15000; 15000; 15000; 14800; 15000; 14800; 14500; 14900; 14200; 14600; 14800; 14900; 14900; 15000; 15000; 14700; 14800; 14400; 13900; 14600; 7500; 15000; 14800; 14900; 15000; 15000; 15000; 14500; 15000; 12600; 14500; 14900],8006,8007,0.7192718982696533
6,51,40,0.8514299999999999,[60; 99; 90; 16; 98; 3; 52; 7; 62; 25; 81; 47; 86; 31; 17; 20; 42; 10; 57; 26; 37; 12; 15; 46; 54; 64; 89; 67; 69; 93; 6; 14; 55; 43; 18; 5; 48; 96; 97; 58; 77; 87; 21; 56; 59; 11; 4; 53; 82; 40; 38; 33; 74; 8; 79; 41; 61; 65; 34; 27; 19; 78; 80; 0; 66; 2; 94; 72; 45; 13; 1; 68; 91; 76; 63; 49; 92; 35; 23; 71; 75; 85; 95; 50; 39; 29; 73; 88; 83; 24; 32; 30; 22; 84; 70; 51; 9; 28; 36; 44],[[60; 99; 90; 16; 98]; [3]; [52; 7]; [62; 25; 81]; [47; 86; 31]; [17]; [20; 42]; [10; 57]; [26; 37]; [12]; [15; 46]; [54; 64; 89; 67]; [69; 93; 6]; [14; 55]; [43; 18]; [5]; [48; 96; 97; 58; 77]; [87; 21; 56]; [59; 11]; [4; 53]; [82; 40]; [38; 33]; [74; 8; 79]; [41; 61; 65]; [34; 27]; [19; 78; 80]; [0; 66]; [2; 94; 72]; [45; 13]; [1; 68; 91]; [76; 63; 49; 92]; [35; 23]; [71; 75; 85; 95; 50]; [39; 29]; [73; 88; 83; 24]; [32; 30]; [22; 84; 70]; [51; 9]; [28; 36]; [44]],[15000; 9700; 14600; 14800; 14900; 8500; 14800; 14000; 14800; 9000; 14600; 14400; 14200; 13900; 14600; 9600; 14500; 14500; 13800; 14800; 9100; 14300; 15000; 15000; 15000; 14000; 13900; 14000; 15000; 14900; 13800; 15000; 15000; 14300; 14900; 14900; 14200; 14600; 14700; 6100],5106,5107,0.4558529853820801
6,55,39,0.8971111111111109,[1; 8; 52; 79; 70; 20; 93; 86; 82; 3; 30; 56; 99; 50; 12; 96; 38; 36; 57; 78; 65; 72; 27; 83; 59; 84; 23; 64; 45; 17; 40; 18; 34; 66; 73; 6; 49; 51; 4; 37; 31; 80; 74; 7; 42; 89; 41; 68; 24; 28; 33; 55; 5; 43; 21; 77; 60; 32; 25; 35; 98; 0; 75; 87; 19; 44; 69; 63; 39; 14; 46; 11; 97; 53; 71; 9; 48; 16; 61; 26; 10; 90; 62; 15; 58; 91; 22; 47; 94; 67; 92; 29; 81; 2; 54; 13; 85; 76; 95; 88],[[1]; [8; 52]; [79; 70; 20]; [93; 86; 82; 3]; [30; 56; 99]; [50; 12]; [96; 38; 36]; [57; 78; 65; 72]; [27; 83; 59]; [84; 23; 64]; [45; 17]; [40; 18]; [34; 66; 73]; [6; 49]; [51; 4]; [37; 31]; [80; 74; 7]; [42; 89; 41]; [68; 24]; [28; 33]; [55; 5]; [43; 21]; [77; 60; 32]; [25; 35]; [98; 0; 75; 87]; [19; 44]; [69; 63; 39]; [14; 46]; [11; 97; 53]; [71; 9]; [48; 16]; [61; 26]; [10; 90; 62]; [15; 58; 91]; [22; 47; 94]; [67; 92; 29; 81]; [2; 54]; [13; 85; 76; 95]; [88]],[9900; 14600; 15000; 15000; 12400; 14500; 14900; 15000; 14900; 14400; 14500; 15000; 14500; 14900; 15000; 14600; 15000; 14200; 11600; 14900; 14600; 14200; 14800; 14900; 14900; 14500; 15000; 14600; 14800; 12800; 14400; 12200; 14900; 14800; 14500; 15000; 14700; 14900; 1400],5506,5507,0.46872830390930176
6,57,39,0.8841903133903133,[96; 9; 55; 60; 34; 73; 75; 46; 45; 32; 37; 81; 62; 31; 3; 74; 95; 65; 76; 83; 47; 50; 10; 63; 84; 87; 44; 5; 38; 21; 48; 27; 90; 57; 94; 88; 23; 59; 24; 91; 89; 80; 15; 82; 0; 67; 1; 56; 69; 85; 11; 13; 26; 40; 7; 77; 51; 19; 53; 6; 28; 33; 68; 72; 93; 39; 25; 35; 20; 41; 70; 99; 16; 30; 58; 79; 2; 97; 66; 29; 61; 86; 64; 92; 36; 22; 42; 52; 4; 12; 14; 49; 98; 43; 18; 8; 54; 17; 78; 71],[[96; 9; 55]; [60; 34; 73]; [75; 46; 45]; [32; 37]; [81; 62; 31]; [3; 74; 95]; [65; 76; 83; 47]; [50; 10]; [63; 84; 87; 44]; [5]; [38; 21]; [48; 27; 90]; [57; 94; 88; 23]; [59; 24; 91; 89]; [80; 15; 82]; [0; 67]; [1; 56]; [69; 85; 11]; [13]; [26; 40]; [7; 77]; [51; 19]; [53; 6]; [28; 33]; [68; 72; 93; 39]; [25; 35]; [20; 41]; [70; 99; 16]; [30; 58; 79]; [2; 97; 66]; [29; 61; 86]; [64; 92; 36]; [22; 42]; [52; 4]; [12]; [14; 49; 98]; [43; 18]; [8; 54]; [17; 78; 71]],[15000; 15000; 14600; 14500; 14600; 13600; 15000; 14700; 14600; 9600; 15000; 14500; 14900; 15000; 14200; 13800; 14700; 15000; 9000; 14300; 12100; 13800; 14600; 14900; 15000; 14900; 14900; 12700; 15000; 14200; 13800; 12300; 14400; 15000; 9000; 14800; 14600; 14200; 14900],5706,5707,0.5354046821594238
6,82,38,0.9314280701754388,[56; 4; 98; 52; 27; 59; 2; 76; 84; 1; 55; 61; 3; 96; 91; 77; 72; 30; 18; 40; 99; 24; 60; 83; 9; 50; 29; 31; 47; 10; 48; 6; 75; 36; 57; 80; 46; 41; 54; 0; 33; 26; 88; 17; 92; 74; 95; 20; 71; 89; 93; 25; 37; 44; 19; 16; 43; 66; 86; 13; 38; 21; 5; 51; 82; 8; 73; 81; 53; 58; 68; 94; 42; 67; 34; 28; 32; 35; 45; 22; 64; 11; 87; 63; 79; 70; 65; 7; 49; 23; 39; 78; 85; 15; 97; 90; 62; 12; 69; 14],[[56; 4; 98]; [52; 27]; [59; 2]; [76; 84]; [1; 55]; [61; 3; 96]; [91; 77; 72; 30]; [18; 40]; [99; 24; 60; 83]; [9; 50]; [29; 31]; [47; 10]; [48; 6]; [75; 36; 57]; [80; 46; 41]; [54; 0]; [33; 26]; [88; 17; 92; 74; 95]; [20; 71; 89; 93]; [25; 37]; [44; 19]; [16; 43]; [66; 86; 13]; [38; 21]; [5; 51]; [82; 8; 73]; [81; 53; 58]; [68; 94; 42; 67]; [34; 28]; [32; 35]; [45; 22]; [64; 11; 87]; [63; 79; 70; 65]; [7; 49]; [23; 39]; [78; 85; 15; 97]; [90; 62; 12]; [69; 14]],[14800; 13100; 14400; 5300; 14900; 15000; 15000; 15000; 14900; 14700; 15000; 14800; 15000; 14800; 15000; 14900; 15000; 14800; 14300; 14800; 14500; 15000; 14800; 15000; 15000; 14900; 12500; 15000; 14900; 14600; 14000; 15000; 15000; 14700; 14600; 14300; 14700; 12700],8206,8207,0.7187213897705078
6,54,39,0.8856034188034189,[36; 26; 74; 2; 93; 91; 44; 99; 25; 94; 35; 32; 16; 68; 51; 4; 70; 23; 72; 96; 29; 73; 27; 37; 17; 43; 47; 6; 21; 42; 77; 40; 31; 30; 81; 20; 65; 53; 15; 62; 98; 18; 89; 41; 39; 87; 49; 7; 45; 97; 84; 58; 85; 11; 80; 24; 38; 69; 19; 86; 3; 55; 66; 83; 50; 76; 71; 14; 59; 8; 48; 34; 12; 56; 13; 63; 0; 57; 1; 79; 88; 52; 92; 9; 64; 90; 10; 46; 95; 54; 60; 61; 5; 75; 82; 78; 22; 67; 33; 28],[[36; 26]; [74; 2; 93; 91]; [44; 99; 25; 94]; [35; 32]; [16; 68]; [51; 4]; [70; 23; 72]; [96; 29; 73]; [27; 37]; [17; 43]; [47; 6]; [21; 42]; [77; 40]; [31; 30]; [81; 20; 65]; [53; 15]; [62; 98; 18; 89]; [41; 39; 87]; [49; 7]; [45; 97; 84; 58]; [85; 11; 80]; [24; 38]; [69; 19; 86]; [3; 55]; [66; 83; 50; 76]; [71; 14]; [59; 8]; [48; 34]; [12; 56]; [13; 63]; [0; 57]; [1; 79; 88]; [52; 92]; [9; 64; 90]; [10; 46]; [95; 54; 60; 61]; [5; 75; 82]; [78; 22; 67]; [33; 28]],[14800; 14900; 14800; 14600; 12600; 15000; 15000; 11500; 14800; 14700; 15000; 14400; 9500; 15000; 15000; 14100; 14600; 15000; 14700; 13600; 14000; 14800; 14000; 14700; 14900; 12500; 13900; 12900; 13800; 13400; 14700; 14100; 6400; 14600; 14900; 14900; 15000; 14700; 14900],5406,5407,0.4842555522918701
6,52,39,0.889211396011396,[63; 82; 35; 91; 69; 41; 87; 55; 2; 99; 44; 14; 12; 3; 54; 31; 38; 94; 72; 78; 24; 39; 98; 30; 80; 59; 36; 18; 29; 37; 4; 61; 79; 71; 17; 42; 67; 85; 84; 34; 28; 1; 58; 51; 5; 73; 95; 56; 53; 76; 9; 83; 27; 77; 70; 48; 90; 25; 96; 19; 49; 92; 7; 57; 32; 66; 75; 15; 45; 43; 8; 74; 81; 89; 68; 0; 40; 21; 26; 33; 64; 11; 50; 22; 88; 65; 10; 86; 23; 62; 13; 46; 6; 60; 52; 97; 16; 93; 20; 47],[[63; 82; 35]; [91; 69; 41; 87]; [55; 2; 99]; [44; 14]; [12]; [3; 54]; [31; 38]; [94; 72; 78; 24]; [39; 98; 30]; [80; 59; 36]; [18]; [29; 37]; [4; 61]; [79; 71; 17]; [42; 67; 85; 84]; [34; 28]; [1; 58]; [51; 5]; [73; 95; 56; 53]; [76; 9; 83]; [27; 77; 70]; [48; 90; 25]; [96; 19; 49]; [92; 7; 57]; [32; 66; 75]; [15; 45]; [43]; [8; 74; 81]; [89; 68; 0]; [40; 21]; [26; 33]; [64; 11]; [50; 22; 88]; [65; 10; 86]; [23; 62]; [13; 46]; [6; 60]; [52; 97; 16]; [93; 20; 47]],[14100; 13200; 14800; 15000; 9000; 14700; 14500; 14900; 14700; 14600; 8400; 14600; 14100; 14900; 14800; 14900; 14600; 15000; 14100; 14600; 14400; 14500; 14700; 15000; 14300; 14900; 6200; 14800; 15000; 14600; 15000; 13300; 14900; 15000; 12300; 14700; 13900; 14700; 15000],5206,5207,0.43742966651916504
6,60,38,0.9258584795321637,[62; 15; 22; 39; 92; 19; 81; 76; 51; 5; 24; 35; 84; 57; 26; 86; 20; 34; 31; 45; 44; 80; 56; 0; 69; 87; 14; 88; 79; 25; 61; 11; 46; 10; 1; 94; 66; 41; 42; 96; 91; 17; 70; 89; 90; 36; 73; 27; 33; 43; 18; 7; 65; 77; 78; 99; 9; 38; 21; 2; 53; 49; 13; 93; 55; 12; 37; 82; 52; 6; 48; 59; 3; 63; 30; 74; 23; 72; 68; 47; 64; 54; 67; 40; 95; 71; 29; 83; 58; 4; 60; 28; 32; 16; 50; 97; 98; 8; 85; 75],[[62; 15]; [22; 39]; [92; 19; 81; 76]; [51; 5]; [24; 35]; [84; 57; 26]; [86; 20]; [34; 31]; [45; 44; 80]; [56; 0]; [69; 87; 14]; [88; 79; 25]; [61; 11]; [46; 10]; [1; 94; 66]; [41; 42; 96; 91]; [17; 70; 89; 90]; [36; 73]; [27; 33]; [43; 18]; [7; 65]; [77; 78; 99; 9]; [38; 21]; [2; 53]; [49; 13]; [93; 55; 12]; [37; 82; 52]; [6; 48]; [59; 3]; [63; 30; 74]; [23; 72; 68]; [47; 64; 54]; [67; 40; 95; 71]; [29; 83; 58]; [4; 60]; [28; 32]; [16; 50; 97]; [98; 8; 85; 75]],[13400; 14800; 14900; 15000; 15000; 14900; 10200; 14800; 14900; 14700; 14400; 11900; 13600; 14900; 14800; 14900; 14800; 10300; 15000; 14600; 13200; 15000; 15000; 14900; 14500; 15000; 15000; 15000; 14400; 14900; 15000; 14800; 15000; 14700; 14100; 15000; 14800; 14600],6006,6007,0.6094448566436768
6,68,38,0.9289181286549704,[33; 26; 32; 28; 45; 13; 16; 88; 59; 49; 8; 84; 79; 5; 39; 37; 73; 76; 34; 38; 21; 50; 19; 53; 6; 41; 18; 58; 14; 93; 44; 17; 89; 63; 7; 78; 81; 22; 91; 64; 96; 2; 43; 9; 46; 0; 57; 77; 71; 25; 47; 12; 94; 3; 98; 82; 35; 54; 97; 85; 62; 11; 68; 27; 72; 51; 10; 87; 52; 56; 74; 66; 90; 4; 48; 15; 36; 23; 92; 65; 86; 70; 75; 83; 24; 60; 99; 29; 30; 31; 42; 95; 80; 20; 69; 67; 61; 40; 1; 55],[[33; 26]; [32; 28]; [45; 13]; [16; 88; 59]; [49; 8]; [84; 79; 5]; [39; 37]; [73; 76; 34]; [38; 21]; [50; 19]; [53; 6]; [41; 18]; [58; 14; 93]; [44; 17]; [89; 63; 7]; [78; 81; 22; 91]; [64; 96; 2]; [43]; [9; 46]; [0; 57]; [77; 71; 25]; [47; 12]; [94; 3; 98; 82]; [35; 54; 97; 85]; [62; 11]; [68; 27; 72]; [51; 10]; [87; 52; 56; 74]; [66; 90; 4]; [48; 15]; [36; 23]; [92; 65; 86; 70; 75]; [83; 24; 60; 99]; [29; 30]; [31; 42; 95]; [80; 20; 69]; [67; 61; 40]; [1; 55]],[15000; 15000; 15000; 14900; 14700; 14800; 13900; 13400; 15000; 13900; 14600; 14900; 14600; 14600; 14900; 14600; 14700; 6200; 14900; 14700; 14200; 14600; 13500; 14800; 13600; 14900; 14600; 14900; 14800; 14500; 14900; 13500; 14900; 15000; 14800; 15000; 15000; 14900],6806,6807,0.5779871940612793
6,57,39,0.888894586894587,[95; 56; 22; 45; 49; 21; 43; 73; 17; 77; 38; 27; 59; 2; 98; 44; 15; 99; 16; 64; 96; 84; 20; 42; 19; 90; 63; 86; 29; 34; 25; 14; 52; 80; 78; 30; 91; 23; 39; 33; 31; 88; 71; 7; 58; 11; 93; 51; 5; 8; 50; 0; 54; 37; 67; 65; 9; 62; 89; 18; 66; 82; 3; 53; 35; 4; 92; 74; 57; 24; 87; 70; 26; 75; 28; 32; 72; 69; 46; 94; 47; 13; 83; 6; 79; 41; 1; 60; 81; 85; 76; 36; 12; 48; 97; 55; 10; 68; 40; 61],[[95; 56; 22]; [45; 49]; [21; 43]; [73; 17; 77]; [38; 27]; [59; 2; 98]; [44; 15]; [99; 16; 64; 96]; [84; 20]; [42; 19]; [90; 63; 86; 29]; [34; 25]; [14; 52]; [80; 78; 30; 91]; [23; 39]; [33; 31]; [88; 71; 7]; [58; 11; 93]; [51; 5]; [8; 50]; [0; 54]; [37; 67; 65]; [9; 62; 89]; [18; 66; 82]; [3; 53]; [35]; [4; 92; 74]; [57; 24; 87]; [70; 26; 75]; [28; 32]; [72; 69; 46; 94]; [47; 13]; [83; 6; 79]; [41]; [1; 60]; [81; 85; 76; 36]; [12; 48]; [97; 55; 10]; [68; 40; 61]],[13700; 11500; 14200; 14600; 14700; 14800; 15000; 13900; 10800; 14800; 14900; 15000; 14300; 14300; 14600; 14800; 14200; 14800; 15000; 14700; 14900; 15000; 15000; 14900; 14900; 7200; 13600; 14300; 14400; 15000; 13800; 14600; 14700; 6500; 14400; 14700; 14600; 14700; 14900],5706,5707,0.5784482955932617
6,57,39,0.8893709401709401,[56; 99; 45; 65; 54; 19; 88; 71; 67; 38; 20; 70; 23; 35; 87; 63; 14; 3; 62; 43; 16; 92; 44; 26; 89; 12; 59; 52; 11; 49; 60; 55; 90; 79; 22; 30; 39; 17; 64; 13; 48; 83; 4; 75; 40; 29; 94; 33; 66; 72; 53; 6; 74; 2; 91; 93; 42; 5; 81; 34; 25; 8; 80; 78; 21; 97; 50; 95; 77; 69; 24; 18; 68; 10; 46; 76; 86; 31; 98; 84; 61; 1; 7; 47; 41; 28; 32; 51; 85; 57; 0; 36; 27; 15; 73; 82; 37; 9; 96; 58],[[56; 99; 45; 65]; [54; 19; 88]; [71; 67; 38]; [20; 70]; [23; 35]; [87; 63; 14]; [3; 62]; [43; 16]; [92; 44; 26]; [89; 12; 59]; [52; 11]; [49; 60; 55]; [90; 79; 22]; [30; 39]; [17; 64]; [13; 48]; [83; 4; 75]; [40; 29; 94]; [33; 66; 72]; [53; 6]; [74; 2; 91; 93]; [42]; [5; 81]; [34; 25]; [8; 80; 78]; [21; 97; 50; 95]; [77; 69; 24]; [18; 68]; [10; 46]; [76; 86; 31; 98; 84]; [61; 1]; [7; 47]; [41; 28]; [32; 51; 85]; [57; 0]; [36; 27]; [15; 73; 82]; [37]; [9; 96; 58]],[14900; 14800; 14500; 12200; 15000; 15000; 14200; 15000; 14800; 15000; 14500; 15000; 12000; 14300; 12700; 14600; 15000; 15000; 14700; 14600; 14900; 6400; 12200; 15000; 14800; 14900; 14500; 12200; 14900; 15000; 14400; 14800; 14100; 14900; 14700; 14800; 14600; 7100; 14700],5706,5707,0.5314350128173828
6,70,38,0.9264081871345028,[75; 67; 86; 45; 32; 29; 41; 18; 5; 55; 42; 24; 88; 44; 54; 82; 93; 56; 10; 70; 33; 31; 30; 34; 26; 17; 72; 74; 97; 98; 3; 76; 95; 99; 49; 9; 62; 79; 27; 35; 23; 52; 6; 2; 61; 8; 46; 59; 37; 22; 38; 69; 73; 21; 16; 66; 96; 89; 43; 84; 94; 57; 81; 90; 0; 92; 71; 80; 65; 60; 48; 7; 19; 40; 1; 58; 15; 47; 64; 91; 4; 68; 11; 85; 78; 77; 20; 51; 13; 14; 39; 25; 50; 28; 87; 12; 63; 83; 36; 53],[[75; 67; 86; 45]; [32; 29]; [41; 18]; [5; 55]; [42; 24]; [88; 44; 54; 82]; [93; 56; 10]; [70; 33]; [31; 30]; [34; 26]; [17; 72; 74]; [97; 98; 3; 76; 95; 99]; [49; 9]; [62; 79; 27]; [35; 23]; [52; 6]; [2; 61]; [8; 46]; [59; 37]; [22; 38]; [69; 73; 21]; [16; 66; 96; 89]; [43; 84; 94; 57]; [81; 90; 0; 92]; [71; 80; 65; 60]; [48; 7]; [19; 40]; [1; 58]; [15; 47]; [64; 91; 4]; [68; 11; 85]; [78; 77; 20]; [51; 13]; [14]; [39; 25]; [50; 28; 87]; [12; 63]; [83; 36; 53]],[14600; 14900; 14900; 14600; 14200; 15000; 15000; 11100; 15000; 15000; 14900; 14500; 14700; 15000; 15000; 14800; 14200; 14900; 11800; 15000; 15000; 14900; 14300; 14700; 14900; 14800; 15000; 14600; 14500; 15000; 15000; 14100; 14400; 8900; 14500; 14800; 13400; 14800],7006,7007,0.6637539863586426
6,75,39,0.8937150997150994,[76; 69; 67; 66; 54; 14; 86; 94; 87; 10; 31; 29; 48; 3; 58; 8; 46; 21; 39; 1; 63; 11; 74; 75; 7; 89; 61; 22; 38; 78; 20; 68; 4; 53; 23; 42; 44; 15; 71; 25; 72; 82; 83; 45; 70; 47; 41; 50; 6; 95; 99; 56; 9; 33; 26; 93; 52; 17; 28; 35; 77; 30; 64; 65; 92; 49; 60; 16; 43; 0; 98; 62; 85; 55; 27; 34; 90; 40; 18; 73; 12; 51; 5; 88; 2; 81; 91; 24; 84; 57; 19; 80; 96; 79; 36; 97; 32; 37; 13; 59],[[76; 69; 67; 66]; [54; 14]; [86; 94; 87; 10]; [31; 29]; [48]; [3; 58]; [8; 46]; [21; 39]; [1; 63]; [11; 74; 75]; [7; 89; 61]; [22; 38]; [78; 20; 68]; [4; 53]; [23; 42]; [44; 15]; [71; 25; 72]; [82; 83; 45; 70]; [47; 41]; [50; 6]; [95; 99; 56; 9]; [33; 26]; [93; 52; 17]; [28; 35]; [77; 30; 64]; [65; 92; 49; 60]; [16; 43]; [0; 98; 62]; [85; 55; 27]; [34; 90]; [40; 18]; [73; 12]; [51; 5]; [88; 2; 81; 91]; [24; 84; 57]; [19; 80; 96; 79]; [36; 97; 32]; [37]; [13; 59]],[14600; 13900; 13600; 15000; 5600; 14400; 14900; 14800; 14300; 15000; 15000; 15000; 15000; 14800; 14200; 15000; 14700; 14800; 12100; 14900; 15000; 15000; 14900; 14800; 14600; 15000; 15000; 14800; 14800; 8500; 15000; 12200; 15000; 14900; 15000; 14800; 15000; 7100; 13700],7506,7507,0.6249394416809082
6,66,39,0.8877276353276352,[2; 74; 21; 38; 31; 35; 53; 57; 54; 0; 97; 61; 45; 20; 28; 33; 43; 16; 58; 1; 88; 14; 67; 46; 94; 22; 55; 4; 25; 10; 78; 76; 27; 34; 40; 23; 52; 93; 17; 49; 7; 12; 11; 66; 65; 85; 15; 96; 13; 63; 26; 36; 81; 24; 99; 60; 51; 91; 47; 83; 62; 72; 42; 3; 98; 29; 71; 70; 89; 92; 59; 50; 82; 9; 73; 84; 80; 90; 39; 64; 5; 86; 19; 44; 18; 56; 87; 75; 37; 30; 32; 48; 6; 77; 8; 79; 68; 41; 95; 69],[[2; 74]; [21; 38]; [31; 35]; [53; 57; 54]; [0; 97; 61]; [45; 20]; [28; 33]; [43; 16]; [58; 1]; [88; 14; 67]; [46; 94; 22]; [55; 4]; [25]; [10; 78; 76]; [27; 34]; [40; 23]; [52; 93; 17]; [49; 7]; [12]; [11; 66]; [65; 85; 15]; [96; 13; 63]; [26; 36]; [81; 24; 99; 60]; [51; 91; 47; 83]; [62; 72; 42]; [3; 98]; [29; 71; 70]; [89; 92; 59; 50; 82]; [9; 73; 84]; [80; 90; 39; 64]; [5; 86]; [19; 44]; [18; 56; 87]; [75; 37]; [30; 32]; [48; 6]; [77; 8; 79]; [68; 41; 95; 69]],[12700; 15000; 14700; 15000; 14900; 14400; 14900; 15000; 14600; 14200; 14600; 14600; 7700; 14900; 15000; 14400; 14900; 14700; 9000; 13100; 15000; 14200; 14800; 15000; 14700; 14300; 10100; 14900; 15000; 14800; 15000; 11400; 14500; 14900; 10000; 14900; 15000; 14900; 15000],6606,6607,0.5624415874481201
6,66,38,0.9271894736842105,[3; 60; 20; 68; 78; 45; 27; 91; 37; 50; 87; 47; 86; 28; 41; 85; 1; 54; 6; 51; 42; 19; 99; 15; 88; 66; 70; 49; 73; 83; 81; 10; 80; 30; 29; 72; 69; 32; 55; 21; 95; 93; 26; 39; 7; 63; 34; 36; 46; 8; 53; 2; 35; 24; 67; 23; 76; 56; 82; 31; 52; 5; 59; 9; 94; 90; 11; 58; 18; 84; 64; 62; 98; 13; 57; 4; 17; 75; 71; 40; 97; 92; 77; 65; 43; 16; 25; 74; 14; 44; 12; 79; 61; 0; 96; 89; 48; 33; 22; 38],[[3; 60]; [20; 68; 78]; [45; 27; 91]; [37; 50; 87]; [47; 86; 28]; [41; 85]; [1; 54]; [6; 51]; [42; 19; 99]; [15; 88; 66]; [70; 49; 73; 83]; [81; 10; 80]; [30; 29]; [72; 69; 32]; [55; 21; 95; 93]; [26; 39]; [7; 63]; [34; 36]; [46; 8]; [53; 2]; [35; 24]; [67; 23; 76]; [56; 82; 31]; [52; 5]; [59; 9; 94]; [90; 11; 58]; [18; 84; 64]; [62; 98; 13]; [57; 4]; [17; 75; 71]; [40; 97; 92; 77; 65]; [43; 16]; [25; 74]; [14; 44]; [12; 79]; [61; 0]; [96; 89; 48; 33]; [22; 38]],[14200; 15000; 14900; 14300; 15000; 8600; 14900; 14800; 14900; 14300; 15000; 14600; 15000; 14600; 14900; 14500; 13600; 14400; 14900; 14900; 15000; 14600; 14800; 15000; 14800; 15000; 15000; 13900; 14400; 15000; 15000; 15000; 10700; 15000; 11800; 14400; 15000; 15000],6606,6607,0.5783429145812988
6,61,39,0.8878757834757837,[12; 53; 50; 9; 84; 0; 4; 64; 91; 59; 98; 23; 3; 56; 66; 72; 28; 36; 74; 57; 34; 37; 61; 45; 71; 65; 1; 38; 67; 92; 80; 77; 40; 52; 20; 14; 49; 24; 97; 41; 32; 15; 73; 86; 93; 54; 96; 10; 47; 7; 39; 22; 43; 17; 88; 31; 44; 8; 60; 69; 6; 90; 26; 35; 29; 30; 19; 81; 99; 68; 87; 48; 58; 75; 42; 94; 25; 51; 5; 83; 13; 76; 55; 2; 85; 46; 95; 27; 33; 63; 18; 82; 16; 78; 21; 79; 70; 62; 11; 89],[[12; 53]; [50; 9]; [84; 0]; [4; 64; 91]; [59; 98; 23]; [3; 56]; [66; 72; 28]; [36; 74; 57]; [34; 37]; [61; 45; 71]; [65; 1]; [38; 67; 92; 80]; [77; 40; 52]; [20]; [14; 49]; [24; 97; 41]; [32]; [15; 73; 86; 93]; [54; 96; 10]; [47; 7]; [39; 22]; [43; 17]; [88; 31; 44]; [8; 60]; [69; 6; 90]; [26; 35]; [29; 30]; [19; 81; 99; 68]; [87; 48; 58; 75]; [42; 94; 25]; [51; 5]; [83; 13; 76]; [55; 2]; [85; 46; 95]; [27; 33]; [63; 18]; [82; 16; 78]; [21; 79; 70]; [62; 11; 89]],[14200; 14700; 12300; 15000; 12900; 14500; 15000; 14900; 14400; 14100; 13900; 14700; 14900; 8400; 14400; 14800; 7400; 14900; 15000; 14800; 14800; 14700; 15000; 13700; 14400; 14900; 15000; 14900; 14900; 15000; 15000; 14400; 14700; 8700; 15000; 12800; 14100; 14600; 14900],6106,6107,0.578040599822998
6,60,38,0.9251520467836256,[55; 94; 26; 63; 28; 80; 6; 48; 95; 93; 70; 13; 14; 45; 17; 57; 62; 4; 5; 52; 27; 37; 15; 49; 16; 79; 72; 1; 83; 38; 32; 36; 25; 21; 99; 66; 75; 12; 50; 29; 92; 44; 31; 34; 59; 71; 41; 20; 85; 60; 61; 87; 69; 56; 2; 53; 67; 30; 74; 33; 43; 91; 22; 90; 35; 89; 47; 8; 65; 86; 3; 58; 0; 54; 76; 96; 82; 98; 19; 77; 84; 10; 97; 81; 9; 73; 42; 24; 88; 23; 51; 46; 11; 18; 40; 68; 39; 64; 7; 78],[[55; 94; 26]; [63; 28; 80]; [6; 48]; [95; 93; 70; 13]; [14; 45]; [17; 57]; [62; 4]; [5; 52]; [27; 37]; [15; 49]; [16; 79; 72]; [1; 83]; [38; 32]; [36; 25]; [21; 99; 66; 75]; [12; 50]; [29; 92; 44]; [31; 34]; [59; 71; 41]; [20; 85; 60]; [61; 87; 69; 56]; [2; 53]; [67; 30; 74]; [33; 43; 91]; [22; 90]; [35; 89; 47]; [8; 65; 86]; [3; 58]; [0; 54]; [76; 96; 82; 98; 19]; [77; 84; 10; 97]; [81; 9; 73]; [42; 24]; [88; 23; 51]; [46; 11]; [18; 40]; [68; 39; 64]; [7; 78]],[13600; 14800; 15000; 14700; 14900; 13300; 14100; 15000; 14800; 14400; 15000; 12400; 14400; 14800; 15000; 14500; 14600; 14800; 14800; 15000; 14800; 14900; 14400; 14700; 9200; 14100; 15000; 14400; 14900; 15000; 15000; 15000; 14200; 14600; 14800; 15000; 14800; 12000],6006,6007,0.5472848415374756
6,51,39,0.8839418803418803,[90; 26; 47; 58; 1; 28; 76; 25; 55; 85; 93; 81; 15; 83; 43; 20; 12; 61; 50; 62; 70; 33; 6; 49; 35; 64; 72; 51; 13; 45; 14; 57; 92; 22; 32; 30; 82; 9; 80; 39; 74; 59; 4; 79; 66; 98; 34; 78; 44; 71; 53; 52; 5; 0; 75; 84; 16; 69; 40; 18; 31; 36; 24; 37; 42; 29; 7; 99; 68; 65; 88; 87; 77; 67; 95; 27; 63; 2; 54; 48; 94; 17; 19; 41; 21; 56; 97; 46; 11; 8; 73; 96; 86; 3; 89; 38; 23; 60; 91; 10],[[90; 26; 47]; [58; 1]; [28; 76]; [25; 55; 85]; [93; 81; 15; 83]; [43; 20]; [12; 61]; [50; 62; 70]; [33]; [6; 49]; [35; 64; 72]; [51; 13]; [45; 14]; [57; 92; 22]; [32; 30]; [82; 9; 80]; [39; 74; 59]; [4; 79]; [66; 98; 34; 78]; [44; 71; 53]; [52; 5]; [0; 75]; [84; 16; 69]; [40; 18]; [31; 36]; [24; 37]; [42; 29]; [7; 99; 68]; [65; 88; 87; 77; 67; 95]; [27; 63]; [2; 54]; [48; 94; 17]; [19; 41]; [21; 56; 97]; [46; 11]; [8; 73; 96; 86]; [3; 89]; [38; 23]; [60; 91; 10]],[14500; 14600; 10500; 14800; 15000; 14600; 13500; 13800; 7300; 14900; 14800; 14400; 14900; 13800; 14900; 14500; 14500; 12400; 14500; 14900; 15000; 12800; 15000; 15000; 14600; 14900; 13900; 13100; 14800; 12100; 14700; 15000; 14900; 13300; 14800; 15000; 11000; 14800; 14900],5106,5107,0.437528133392334
6,54,38,0.9295894736842103,[54; 0; 69; 28; 80; 48; 6; 12; 46; 7; 49; 87; 53; 22; 16; 62; 99; 72; 8; 26; 39; 98; 81; 96; 83; 14; 4; 67; 2; 61; 51; 79; 40; 38; 23; 84; 41; 45; 3; 55; 92; 68; 19; 59; 1; 73; 77; 11; 66; 94; 93; 97; 50; 13; 31; 35; 29; 30; 47; 20; 95; 91; 43; 57; 78; 75; 18; 74; 37; 32; 24; 36; 65; 76; 21; 25; 34; 33; 27; 10; 85; 71; 82; 60; 86; 44; 58; 89; 15; 52; 5; 56; 70; 42; 9; 63; 88; 90; 64; 17],[[54; 0]; [69; 28; 80]; [48; 6]; [12; 46]; [7; 49]; [87; 53; 22]; [16; 62; 99]; [72; 8]; [26; 39; 98]; [81; 96; 83; 14]; [4; 67]; [2; 61]; [51; 79; 40]; [38; 23]; [84; 41; 45]; [3; 55]; [92; 68; 19]; [59; 1]; [73; 77]; [11; 66; 94; 93]; [97; 50; 13]; [31; 35]; [29; 30]; [47; 20; 95]; [91; 43; 57; 78]; [75; 18; 74]; [37; 32]; [24; 36]; [65; 76; 21]; [25; 34]; [33; 27]; [10; 85; 71]; [82; 60; 86; 44]; [58; 89; 15]; [52; 5]; [56; 70; 42]; [9; 63; 88]; [90; 64; 17]],[14900; 14200; 15000; 14700; 14700; 14900; 13400; 12600; 14900; 14800; 13500; 14200; 14800; 14800; 14900; 14700; 13200; 14600; 6100; 15000; 15000; 14700; 15000; 14900; 15000; 14300; 14500; 14900; 14900; 15000; 15000; 14900; 14900; 14900; 15000; 15000; 15000; 13900],5406,5407,0.5467801094055176
