Iteraciones,Numero Contenedores,FBPP,Solución,Representación,Pesos,Total Vecinos Visitados,Evaluaciones,Tiempo Ejecución
89,142,0.8362450704225356,[60; 23; 117; 162; 63; 52; 9; 64; 172; 107; 182; 91; 82; 198; 47; 34; 196; 87; 70; 179; 101; 3; 99; 190; 58; 147; 129; 14; 11; 25; 7; 43; 142; 137; 111; 168; 75; 194; 84; 33; 152; 139; 193; 89; 19; 24; 27; 187; 95; 36; 17; 12; 124; 158; 184; 98; 69; 77; 110; 164; 62; 21; 157; 125; 151; 134; 55; 10; 2; 176; 105; 189; 90; 112; 167; 171; 123; 191; 102; 170; 118; 15; 109; 173; 76; 56; 18; 160; 119; 94; 181; 169; 108; 54; 51; 57; 154; 140; 41; 136; 150; 78; 81; 195; 85; 37; 145; 133; 186; 121; 0; 16; 161; 122; 88; 199; 44; 26; 30; 13; 128; 155; 72; 138; 146; 127; 159; 185; 92; 66; 83; 197; 100; 192; 45; 39; 6; 8; 104; 177; 50; 153; 132; 166; 114; 174; 106; 59; 48; 113; 175; 38; 29; 148; 131; 4; 163; 116; 80; 135; 143; 74; 71; 165; 115; 1; 42; 97; 180; 79; 126; 156; 31; 103; 22; 53; 40; 183; 96; 46; 68; 73; 32; 93; 188; 144; 141; 86; 28; 130; 149; 49; 5; 35; 67; 178; 120; 61; 20; 65],[[60]; [23]; [117; 162]; [63]; [52]; [9]; [64]; [172; 107]; [182; 91]; [82; 198]; [47]; [34]; [196; 87]; [70]; [179; 101]; [3]; [99; 190]; [58]; [147; 129]; [14]; [11]; [25]; [7]; [43]; [142; 137]; [111; 168]; [75]; [194; 84]; [33]; [152; 139]; [193; 89]; [19]; [24]; [27]; [187; 95]; [36]; [17]; [12]; [124; 158]; [184; 98]; [69]; [77]; [110; 164]; [62]; [21]; [157; 125]; [151; 134]; [55]; [10]; [2]; [176; 105]; [189; 90]; [112; 167]; [171; 123]; [191; 102]; [170; 118]; [15]; [109; 173]; [76]; [56]; [18]; [160; 119]; [94; 181]; [169; 108]; [54]; [51]; [57]; [154; 140]; [41]; [136; 150]; [78]; [81]; [195; 85]; [37]; [145; 133]; [186; 121]; [0]; [16]; [161; 122]; [88; 199]; [44]; [26]; [30]; [13]; [128; 155]; [72]; [138; 146]; [127; 159]; [185; 92]; [66]; [83; 197]; [100; 192]; [45]; [39]; [6]; [8]; [104; 177]; [50]; [153; 132]; [166; 114]; [174; 106]; [59]; [48]; [113; 175]; [38]; [29]; [148; 131]; [4]; [163; 116]; [80]; [135; 143]; [74]; [71]; [165; 115]; [1]; [42]; [97; 180]; [79]; [126; 156]; [31]; [103]; [22]; [53]; [40]; [183; 96]; [46]; [68]; [73]; [32]; [93; 188]; [144; 141]; [86]; [28]; [130; 149]; [49]; [5]; [35]; [67]; [178; 120]; [61]; [20]; [65]],[7900; 9200; 10000; 7800; 8200; 9700; 7800; 10000; 10000; 10000; 8400; 8900; 10000; 7500; 10000; 9900; 9700; 8100; 10000; 9600; 9600; 9200; 9700; 8500; 10000; 10000; 7300; 10000; 8900; 9600; 10000; 9300; 9200; 9100; 10000; 8800; 9400; 9600; 10000; 9900; 7500; 7200; 10000; 7900; 9200; 10000; 9800; 8200; 9600; 9900; 10000; 10000; 10000; 9600; 9600; 9700; 9500; 9900; 7200; 8200; 9300; 10000; 10000; 10000; 8200; 8200; 8200; 9400; 8500; 9700; 7200; 7100; 10000; 8700; 10000; 9200; 10000; 9400; 10000; 9900; 8500; 9100; 9000; 9600; 10000; 7400; 9900; 9900; 10000; 7700; 10000; 9700; 8400; 8600; 9800; 9700; 10000; 8300; 9800; 9900; 10000; 8000; 8400; 9700; 8700; 9000; 10000; 9800; 10000; 7100; 10000; 7300; 7500; 9900; 10000; 8500; 10000; 7200; 10000; 8900; 6400; 9200; 8200; 8600; 10000; 8400; 7600; 7300; 8900; 9900; 9800; 6900; 9100; 10000; 8300; 9800; 8800; 7600; 9500; 7900; 9300; 7800],17800,17801,2.144664764404297
127,142,0.836567605633803,[73; 19; 0; 56; 54; 51; 160; 123; 48; 18; 25; 82; 198; 103; 191; 68; 17; 81; 97; 193; 76; 129; 148; 13; 12; 79; 101; 190; 52; 105; 176; 114; 168; 7; 124; 159; 35; 149; 131; 158; 137; 45; 144; 133; 72; 80; 183; 91; 83; 199; 132; 145; 50; 9; 185; 93; 118; 36; 177; 119; 113; 166; 3; 194; 84; 55; 58; 140; 139; 32; 57; 43; 63; 152; 141; 169; 108; 2; 44; 102; 179; 16; 61; 41; 42; 64; 30; 53; 78; 60; 27; 77; 98; 180; 167; 112; 6; 8; 146; 134; 40; 130; 147; 38; 66; 99; 181; 104; 178; 31; 86; 34; 74; 14; 85; 197; 39; 89; 192; 71; 62; 22; 125; 155; 163; 115; 164; 116; 49; 1; 5; 172; 107; 29; 75; 182; 92; 90; 189; 67; 59; 156; 126; 150; 151; 111; 165; 70; 65; 154; 127; 138; 153; 15; 10; 162; 121; 109; 171; 122; 161; 26; 20; 28; 128; 157; 21; 184; 96; 120; 170; 135; 143; 69; 175; 106; 196; 87; 23; 142; 136; 187; 94; 188; 95; 186; 100; 195; 88; 11; 24; 117; 174; 46; 4; 37; 173; 110; 47; 33],[[73]; [19]; [0]; [56]; [54]; [51]; [160; 123]; [48]; [18]; [25]; [82; 198]; [103; 191]; [68]; [17]; [81]; [97; 193]; [76]; [129; 148]; [13]; [12]; [79]; [101; 190]; [52]; [105; 176]; [114; 168]; [7]; [124; 159]; [35]; [149; 131]; [158; 137]; [45]; [144; 133]; [72]; [80]; [183; 91]; [83; 199]; [132; 145]; [50]; [9]; [185; 93]; [118]; [36]; [177; 119]; [113; 166]; [3]; [194; 84]; [55]; [58]; [140; 139]; [32]; [57]; [43]; [63]; [152; 141]; [169; 108]; [2]; [44]; [102; 179]; [16]; [61]; [41]; [42]; [64]; [30]; [53]; [78]; [60]; [27]; [77]; [98; 180]; [167; 112]; [6]; [8]; [146; 134]; [40]; [130; 147]; [38]; [66]; [99; 181]; [104; 178]; [31]; [86]; [34]; [74]; [14]; [85; 197]; [39]; [89; 192]; [71]; [62]; [22]; [125; 155]; [163; 115]; [164; 116]; [49]; [1]; [5]; [172; 107]; [29]; [75]; [182; 92]; [90; 189]; [67]; [59]; [156; 126]; [150; 151]; [111; 165]; [70]; [65]; [154; 127]; [138; 153]; [15]; [10]; [162; 121]; [109; 171]; [122; 161]; [26]; [20]; [28]; [128; 157]; [21]; [184; 96]; [120; 170]; [135; 143]; [69]; [175; 106]; [196; 87]; [23]; [142; 136]; [187; 94]; [188; 95]; [186; 100]; [195; 88]; [11]; [24]; [117; 174]; [46]; [4]; [37]; [173; 110]; [47]; [33]],[7300; 9300; 10000; 8200; 8200; 8200; 10000; 8400; 9300; 9200; 10000; 9600; 7600; 9400; 7100; 9700; 7200; 10000; 9600; 9600; 7200; 9600; 8200; 10000; 9900; 9700; 10000; 8800; 10000; 9400; 8400; 10000; 7400; 7100; 10000; 10000; 10000; 8300; 9700; 10000; 5800; 8800; 9500; 9900; 9900; 10000; 8200; 8100; 10000; 8900; 8200; 8500; 7800; 9600; 10000; 9900; 8500; 10000; 9400; 7900; 8500; 8500; 7800; 9000; 8200; 7200; 7900; 9100; 7200; 10000; 10000; 9800; 9700; 10000; 8600; 10000; 8700; 7700; 9900; 10000; 8900; 6900; 8900; 7300; 9600; 9900; 8600; 10000; 7500; 7900; 9200; 10000; 10000; 9900; 8300; 10000; 9800; 10000; 9000; 7300; 10000; 10000; 7600; 8000; 10000; 9200; 10000; 7500; 7800; 10000; 9700; 9500; 9600; 10000; 9900; 10000; 9100; 9300; 9100; 10000; 9200; 10000; 9700; 10000; 7500; 10000; 10000; 9200; 10000; 10000; 9900; 9900; 10000; 9600; 9200; 9600; 8400; 9800; 8700; 9800; 8400; 8900],25400,25401,3.0456809997558594
127,142,0.8362774647887325,[127; 156; 83; 198; 30; 44; 74; 89; 191; 73; 164; 113; 148; 138; 62; 81; 68; 147; 153; 95; 189; 101; 34; 7; 103; 179; 58; 61; 3; 48; 49; 17; 76; 137; 143; 23; 71; 154; 126; 77; 42; 27; 184; 94; 57; 85; 199; 9; 96; 186; 125; 155; 160; 120; 196; 84; 13; 133; 145; 2; 60; 0; 107; 173; 150; 129; 100; 187; 66; 144; 135; 43; 165; 110; 75; 149; 132; 128; 158; 115; 163; 11; 8; 157; 139; 190; 102; 29; 26; 80; 45; 53; 52; 86; 194; 65; 171; 112; 12; 33; 19; 178; 105; 168; 111; 51; 172; 114; 4; 41; 131; 152; 14; 21; 31; 87; 195; 108; 170; 122; 161; 116; 166; 180; 98; 159; 124; 10; 5; 146; 134; 169; 109; 55; 54; 59; 79; 63; 56; 1; 39; 28; 141; 140; 70; 119; 167; 197; 82; 47; 69; 22; 188; 90; 72; 32; 64; 20; 67; 99; 193; 15; 50; 18; 142; 136; 16; 6; 24; 38; 118; 162; 46; 185; 97; 174; 123; 88; 121; 192; 25; 151; 130; 92; 182; 106; 175; 40; 78; 176; 104; 117; 177; 36; 35; 181; 91; 37; 183; 93],[[127; 156]; [83; 198]; [30]; [44]; [74]; [89; 191]; [73]; [164; 113]; [148; 138]; [62]; [81]; [68]; [147; 153]; [95; 189]; [101]; [34]; [7]; [103; 179]; [58]; [61]; [3]; [48]; [49]; [17]; [76]; [137; 143]; [23]; [71]; [154; 126]; [77]; [42]; [27]; [184; 94]; [57]; [85; 199]; [9]; [96; 186]; [125; 155]; [160; 120]; [196; 84]; [13]; [133; 145]; [2]; [60]; [0]; [107; 173]; [150; 129]; [100; 187]; [66]; [144; 135]; [43]; [165; 110]; [75]; [149; 132]; [128; 158]; [115; 163]; [11]; [8]; [157; 139]; [190; 102]; [29]; [26]; [80]; [45]; [53]; [52]; [86; 194]; [65]; [171; 112]; [12]; [33]; [19]; [178; 105]; [168; 111]; [51]; [172; 114]; [4]; [41]; [131; 152]; [14]; [21]; [31]; [87; 195]; [108; 170]; [122; 161]; [116; 166]; [180; 98]; [159; 124]; [10]; [5]; [146; 134]; [169; 109]; [55]; [54]; [59]; [79]; [63]; [56]; [1]; [39]; [28]; [141; 140]; [70]; [119; 167]; [197; 82]; [47]; [69]; [22]; [188; 90]; [72]; [32]; [64]; [20]; [67]; [99; 193]; [15]; [50]; [18]; [142; 136]; [16]; [6]; [24]; [38]; [118; 162]; [46]; [185; 97]; [174; 123]; [88]; [121; 192]; [25]; [151; 130]; [92; 182]; [106; 175]; [40]; [78]; [176; 104]; [117; 177]; [36]; [35]; [181; 91]; [37]; [183; 93]],[10000; 10000; 9000; 8500; 7300; 10000; 7300; 9900; 9800; 7900; 7100; 7600; 9300; 9900; 6400; 8900; 9700; 10000; 8100; 7900; 9900; 8400; 8300; 9400; 7200; 9900; 9200; 7500; 10000; 7200; 8500; 9100; 10000; 8200; 9900; 9700; 10000; 10000; 10000; 10000; 9600; 10000; 9900; 7900; 10000; 10000; 9900; 9900; 7700; 10000; 8500; 10000; 7300; 9900; 9900; 10000; 9600; 9700; 9400; 9600; 9000; 9100; 7100; 8400; 8200; 8200; 10000; 7800; 9800; 9600; 8900; 9300; 10000; 10000; 8200; 9700; 9800; 8500; 9900; 9600; 9200; 8900; 10000; 10000; 10000; 9900; 10000; 10000; 9600; 9800; 10000; 10000; 8200; 8200; 8000; 7200; 7800; 8200; 10000; 8600; 9100; 10000; 7500; 9800; 10000; 8400; 7500; 9200; 10000; 7400; 8900; 7800; 9300; 7600; 9700; 9500; 8300; 9300; 10000; 9400; 9800; 9200; 8700; 10000; 8400; 9900; 9600; 6900; 9000; 9200; 9900; 10000; 10000; 8600; 7200; 10000; 9500; 8800; 8800; 10000; 8700; 10000],25400,25401,3.0343515872955322
223,142,0.8363239436619725,[78; 177; 104; 70; 3; 75; 113; 165; 1; 100; 187; 62; 116; 174; 142; 136; 158; 124; 25; 97; 189; 2; 80; 42; 57; 8; 48; 71; 76; 41; 117; 192; 150; 137; 44; 12; 167; 112; 103; 141; 152; 98; 190; 61; 148; 129; 154; 126; 13; 14; 81; 134; 151; 122; 175; 195; 85; 52; 60; 64; 123; 162; 59; 86; 38; 159; 153; 178; 121; 147; 130; 7; 139; 140; 51; 131; 149; 10; 163; 115; 194; 87; 68; 55; 39; 16; 40; 26; 17; 108; 170; 135; 144; 197; 84; 99; 180; 89; 193; 5; 120; 160; 95; 182; 198; 83; 93; 181; 53; 118; 161; 157; 128; 36; 6; 183; 91; 185; 94; 22; 0; 101; 179; 107; 172; 45; 133; 145; 49; 119; 173; 19; 63; 34; 11; 47; 24; 66; 32; 65; 9; 21; 58; 191; 102; 67; 23; 111; 166; 79; 46; 73; 74; 35; 171; 106; 56; 29; 4; 27; 92; 186; 199; 82; 88; 196; 20; 188; 90; 96; 184; 72; 114; 164; 43; 109; 169; 18; 50; 168; 110; 33; 77; 30; 156; 127; 155; 125; 132; 143; 28; 176; 105; 31; 15; 37; 146; 138; 69; 54],[[78]; [177; 104]; [70]; [3]; [75]; [113; 165]; [1]; [100; 187]; [62]; [116; 174]; [142; 136]; [158; 124]; [25]; [97; 189]; [2]; [80]; [42]; [57]; [8]; [48]; [71]; [76]; [41]; [117; 192]; [150; 137]; [44]; [12]; [167; 112]; [103]; [141; 152]; [98; 190]; [61]; [148; 129]; [154; 126]; [13]; [14]; [81]; [134; 151]; [122; 175]; [195; 85]; [52]; [60]; [64]; [123; 162]; [59]; [86]; [38]; [159; 153]; [178; 121]; [147; 130]; [7]; [139; 140]; [51]; [131; 149]; [10]; [163; 115]; [194; 87]; [68]; [55]; [39]; [16]; [40]; [26]; [17]; [108; 170]; [135; 144]; [197; 84]; [99; 180]; [89; 193]; [5]; [120; 160]; [95; 182]; [198; 83]; [93; 181]; [53]; [118; 161]; [157; 128]; [36]; [6]; [183; 91]; [185; 94]; [22]; [0]; [101; 179]; [107; 172]; [45]; [133; 145]; [49]; [119; 173]; [19]; [63]; [34]; [11]; [47]; [24]; [66]; [32]; [65]; [9]; [21]; [58]; [191; 102]; [67]; [23]; [111; 166]; [79]; [46]; [73]; [74]; [35]; [171; 106]; [56]; [29]; [4]; [27]; [92; 186]; [199; 82]; [88; 196]; [20]; [188; 90]; [96; 184]; [72]; [114; 164]; [43]; [109; 169]; [18]; [50]; [168; 110]; [33]; [77]; [30]; [156; 127]; [155; 125]; [132; 143]; [28]; [176; 105]; [31]; [15]; [37]; [146; 138]; [69]; [54]],[7200; 10000; 7500; 9900; 7300; 9900; 10000; 9900; 7900; 9700; 10000; 10000; 9200; 9800; 9900; 7100; 8500; 8200; 9700; 8400; 7500; 7200; 8500; 9000; 9700; 8500; 9600; 10000; 6400; 9600; 9700; 7900; 10000; 10000; 9600; 9600; 7100; 9800; 9600; 10000; 8200; 7900; 7800; 10000; 8000; 6900; 8700; 8900; 9500; 10000; 9700; 10000; 8200; 10000; 9600; 10000; 10000; 7600; 8200; 8600; 9400; 8600; 9100; 9400; 10000; 10000; 9900; 10000; 10000; 9800; 10000; 10000; 10000; 10000; 8200; 10000; 10000; 8800; 9800; 10000; 10000; 9200; 10000; 10000; 10000; 8400; 10000; 8300; 9600; 9300; 7800; 8900; 9600; 8400; 9200; 7700; 8900; 7800; 9700; 9200; 8100; 9600; 7600; 9200; 10000; 7200; 8400; 7300; 7300; 8800; 10000; 8200; 9000; 9800; 9100; 10000; 10000; 10000; 9300; 10000; 10000; 7400; 9900; 8500; 10000; 9300; 8300; 10000; 8900; 7200; 9000; 10000; 10000; 10000; 9100; 10000; 8900; 9500; 8700; 9900; 7500; 8200],44600,44601,5.452149152755737
155,142,0.8365802816901413,[118; 162; 137; 150; 88; 195; 3; 36; 78; 41; 21; 104; 178; 122; 24; 8; 1; 55; 20; 58; 198; 83; 190; 89; 6; 158; 126; 135; 146; 116; 170; 139; 141; 26; 22; 13; 70; 5; 145; 133; 147; 129; 101; 179; 134; 143; 31; 38; 125; 155; 80; 56; 71; 81; 59; 114; 164; 52; 49; 14; 51; 85; 196; 66; 62; 161; 119; 91; 187; 57; 44; 183; 92; 153; 136; 132; 144; 157; 128; 40; 65; 175; 106; 82; 197; 192; 102; 113; 167; 96; 181; 99; 180; 11; 173; 109; 199; 86; 75; 189; 90; 32; 39; 72; 53; 63; 94; 185; 79; 76; 74; 0; 15; 17; 172; 117; 2; 64; 163; 115; 93; 186; 168; 111; 98; 182; 12; 42; 50; 25; 33; 48; 19; 10; 7; 149; 131; 60; 188; 97; 166; 112; 159; 124; 110; 165; 171; 107; 169; 108; 54; 18; 84; 69; 30; 23; 68; 4; 123; 174; 35; 37; 148; 130; 177; 121; 160; 120; 73; 152; 154; 67; 77; 138; 142; 105; 176; 45; 9; 61; 140; 151; 27; 28; 46; 193; 100; 29; 194; 87; 47; 191; 103; 184; 95; 16; 156; 127; 43; 34],[[118; 162]; [137; 150]; [88; 195]; [3]; [36]; [78]; [41]; [21]; [104; 178]; [122]; [24]; [8]; [1]; [55]; [20]; [58]; [198; 83]; [190; 89]; [6]; [158; 126]; [135; 146]; [116; 170]; [139; 141]; [26]; [22]; [13]; [70]; [5]; [145; 133]; [147; 129]; [101; 179]; [134; 143]; [31]; [38]; [125; 155]; [80]; [56]; [71]; [81]; [59]; [114; 164]; [52]; [49]; [14]; [51]; [85; 196]; [66]; [62]; [161; 119]; [91; 187]; [57]; [44]; [183; 92]; [153; 136]; [132; 144]; [157; 128]; [40]; [65]; [175; 106]; [82; 197]; [192; 102]; [113; 167]; [96; 181]; [99; 180]; [11]; [173; 109]; [199; 86]; [75]; [189; 90]; [32]; [39]; [72]; [53]; [63]; [94; 185]; [79]; [76]; [74]; [0]; [15]; [17]; [172; 117]; [2]; [64]; [163; 115]; [93; 186]; [168; 111]; [98; 182]; [12]; [42]; [50]; [25]; [33]; [48]; [19]; [10]; [7]; [149; 131]; [60]; [188; 97]; [166; 112]; [159; 124]; [110; 165]; [171; 107]; [169; 108]; [54]; [18]; [84]; [69]; [30]; [23]; [68]; [4]; [123; 174]; [35]; [37]; [148; 130]; [177; 121]; [160; 120]; [73]; [152; 154]; [67]; [77]; [138; 142]; [105; 176]; [45]; [9]; [61]; [140; 151]; [27]; [28]; [46]; [193; 100]; [29]; [194; 87]; [47]; [191; 103]; [184; 95]; [16]; [156; 127]; [43]; [34]],[10000; 9700; 10000; 9900; 8800; 7200; 8500; 9200; 10000; 5800; 9200; 9700; 10000; 8200; 9300; 8100; 10000; 10000; 9800; 9900; 10000; 9800; 10000; 9100; 9200; 9600; 7500; 9800; 10000; 10000; 10000; 10000; 8900; 8700; 10000; 7100; 8200; 7500; 7100; 8000; 9900; 8200; 8300; 9600; 8200; 10000; 7700; 7900; 10000; 10000; 8200; 8500; 10000; 9700; 10000; 10000; 8600; 7800; 10000; 10000; 9600; 9900; 10000; 10000; 9600; 9900; 9900; 7300; 10000; 8900; 8600; 7400; 8200; 7800; 10000; 7200; 7200; 7300; 10000; 9500; 9400; 9600; 9900; 7800; 10000; 10000; 10000; 9900; 9600; 8500; 8300; 9200; 8900; 8400; 9300; 9600; 9700; 10000; 7900; 9800; 10000; 10000; 10000; 10000; 10000; 8200; 9300; 6900; 7500; 9000; 9200; 7600; 9800; 9600; 8800; 8700; 10000; 9500; 10000; 7300; 9000; 7600; 7200; 10000; 10000; 8400; 9700; 7900; 9600; 9100; 9100; 8400; 9700; 9000; 10000; 8400; 9600; 10000; 9400; 10000; 8500; 8900],31000,31001,3.6856746673583984
150,142,0.8360901408450708,[166; 113; 58; 144; 135; 16; 145; 134; 7; 118; 177; 80; 41; 11; 167; 112; 8; 59; 96; 186; 62; 128; 154; 32; 121; 160; 54; 6; 39; 81; 136; 142; 187; 93; 28; 67; 170; 109; 138; 150; 29; 2; 71; 180; 99; 31; 1; 50; 174; 116; 179; 102; 44; 10; 83; 197; 60; 27; 137; 148; 3; 73; 43; 165; 111; 164; 114; 105; 176; 52; 115; 163; 23; 78; 15; 140; 153; 88; 196; 155; 125; 14; 190; 122; 72; 95; 181; 57; 64; 152; 131; 21; 69; 103; 189; 12; 132; 143; 161; 120; 139; 141; 22; 129; 147; 51; 56; 106; 172; 183; 100; 66; 94; 184; 36; 35; 26; 185; 92; 87; 195; 82; 198; 4; 146; 133; 171; 117; 156; 127; 119; 175; 74; 17; 173; 107; 169; 108; 101; 194; 37; 192; 97; 76; 25; 55; 70; 38; 24; 151; 157; 18; 42; 123; 162; 61; 199; 84; 53; 191; 89; 65; 68; 158; 124; 33; 188; 90; 77; 5; 46; 30; 63; 110; 168; 126; 159; 86; 193; 98; 48; 34; 149; 130; 0; 91; 182; 13; 19; 85; 20; 9; 49; 79; 47; 45; 40; 75; 178; 104],[[166; 113]; [58]; [144; 135]; [16]; [145; 134]; [7]; [118; 177]; [80]; [41]; [11]; [167; 112]; [8]; [59]; [96; 186]; [62]; [128; 154]; [32]; [121; 160]; [54]; [6]; [39]; [81]; [136; 142]; [187; 93]; [28]; [67]; [170; 109]; [138; 150]; [29]; [2]; [71]; [180; 99]; [31]; [1]; [50]; [174; 116]; [179; 102]; [44]; [10]; [83; 197]; [60]; [27]; [137; 148]; [3]; [73]; [43]; [165; 111]; [164; 114]; [105; 176]; [52]; [115; 163]; [23]; [78]; [15]; [140; 153]; [88; 196]; [155; 125]; [14]; [190; 122]; [72]; [95; 181]; [57]; [64]; [152; 131]; [21]; [69]; [103; 189]; [12]; [132; 143]; [161; 120]; [139; 141]; [22]; [129; 147]; [51]; [56]; [106; 172]; [183; 100]; [66]; [94; 184]; [36]; [35]; [26]; [185; 92]; [87; 195]; [82; 198]; [4]; [146; 133]; [171; 117]; [156; 127]; [119; 175]; [74]; [17]; [173; 107]; [169; 108]; [101; 194]; [37]; [192; 97]; [76]; [25]; [55]; [70]; [38]; [24]; [151; 157]; [18]; [42]; [123; 162]; [61]; [199; 84]; [53]; [191; 89]; [65]; [68]; [158; 124]; [33]; [188; 90]; [77]; [5]; [46]; [30]; [63]; [110; 168]; [126; 159]; [86]; [193; 98]; [48]; [34]; [149; 130]; [0]; [91; 182]; [13]; [19]; [85]; [20]; [9]; [49]; [79]; [47]; [45]; [40]; [75]; [178; 104]],[9900; 8100; 10000; 9400; 10000; 9700; 9500; 7100; 8500; 9600; 10000; 9700; 8000; 10000; 7900; 10000; 8900; 10000; 8200; 9800; 8600; 7100; 10000; 10000; 9100; 7600; 10000; 9700; 9000; 9900; 7500; 10000; 8900; 10000; 8300; 9700; 10000; 8500; 9600; 10000; 7900; 9100; 9800; 9900; 7300; 8500; 10000; 9900; 10000; 8200; 10000; 9200; 7200; 9500; 9600; 10000; 10000; 9600; 9000; 7400; 10000; 8200; 7800; 9900; 9200; 7500; 9700; 9600; 10000; 10000; 10000; 9200; 10000; 8200; 8200; 10000; 9900; 7700; 10000; 8800; 8800; 9100; 10000; 10000; 10000; 9800; 10000; 9600; 10000; 9600; 7300; 9400; 10000; 10000; 9500; 8700; 9700; 7200; 9200; 8200; 7500; 8700; 9200; 9000; 9300; 8500; 10000; 7900; 9900; 8200; 10000; 7800; 7600; 10000; 8900; 10000; 7200; 9800; 8400; 9000; 7800; 10000; 9900; 6900; 9700; 8400; 8900; 10000; 10000; 10000; 9600; 9300; 6900; 9300; 9700; 8300; 7200; 8400; 8400; 8600; 7300; 10000],30000,30001,3.7271010875701904
115,142,0.8360042253521129,[61; 108; 170; 149; 131; 27; 125; 155; 32; 86; 199; 7; 0; 39; 29; 66; 17; 64; 41; 38; 90; 189; 105; 193; 167; 111; 3; 67; 1; 144; 134; 53; 35; 74; 68; 121; 178; 110; 164; 11; 120; 174; 160; 117; 2; 70; 18; 97; 180; 10; 23; 73; 50; 143; 132; 43; 141; 157; 94; 181; 58; 127; 158; 129; 150; 34; 8; 51; 100; 192; 60; 72; 139; 140; 119; 172; 162; 122; 112; 166; 69; 56; 147; 138; 80; 171; 107; 52; 4; 81; 20; 142; 137; 62; 57; 59; 46; 197; 83; 42; 92; 188; 82; 84; 194; 165; 118; 44; 28; 104; 176; 156; 126; 148; 130; 14; 12; 31; 79; 19; 21; 78; 13; 5; 22; 169; 109; 123; 161; 45; 116; 177; 26; 47; 190; 103; 24; 25; 91; 187; 48; 163; 113; 145; 133; 77; 135; 146; 154; 128; 136; 152; 98; 185; 55; 183; 99; 49; 30; 175; 114; 89; 191; 40; 159; 124; 186; 93; 75; 95; 184; 76; 101; 198; 9; 65; 85; 196; 33; 179; 102; 115; 168; 195; 88; 54; 15; 71; 153; 151; 63; 36; 87; 6; 182; 96; 37; 106; 173; 16],[[61]; [108; 170]; [149; 131]; [27]; [125; 155]; [32]; [86; 199]; [7]; [0]; [39]; [29]; [66]; [17]; [64]; [41]; [38]; [90; 189]; [105; 193]; [167; 111]; [3]; [67]; [1]; [144; 134]; [53]; [35]; [74]; [68]; [121; 178]; [110; 164]; [11]; [120; 174]; [160; 117]; [2]; [70]; [18]; [97; 180]; [10]; [23]; [73]; [50]; [143; 132]; [43]; [141; 157]; [94; 181]; [58]; [127; 158]; [129; 150]; [34]; [8]; [51]; [100; 192]; [60]; [72]; [139; 140]; [119; 172]; [162; 122]; [112; 166]; [69]; [56]; [147; 138]; [80]; [171; 107]; [52]; [4]; [81]; [20]; [142; 137]; [62]; [57]; [59]; [46]; [197; 83]; [42]; [92; 188]; [82]; [84; 194]; [165; 118]; [44]; [28]; [104; 176]; [156; 126]; [148; 130]; [14]; [12]; [31]; [79]; [19]; [21]; [78]; [13]; [5]; [22]; [169; 109]; [123; 161]; [45]; [116; 177]; [26]; [47]; [190; 103]; [24]; [25]; [91; 187]; [48]; [163; 113]; [145; 133]; [77]; [135; 146]; [154; 128]; [136; 152]; [98; 185]; [55]; [183; 99]; [49]; [30]; [175; 114]; [89; 191]; [40]; [159; 124]; [186; 93]; [75]; [95; 184]; [76]; [101; 198]; [9]; [65]; [85; 196]; [33]; [179; 102]; [115; 168]; [195; 88]; [54]; [15]; [71]; [153; 151]; [63]; [36]; [87]; [6]; [182; 96]; [37]; [106; 173]; [16]],[7900; 10000; 10000; 9100; 10000; 8900; 9900; 9700; 10000; 8600; 9000; 7700; 9400; 7800; 8500; 8700; 10000; 9500; 10000; 9900; 7600; 10000; 10000; 8200; 8800; 7300; 7600; 9500; 10000; 9600; 9600; 10000; 9900; 7500; 9300; 10000; 9600; 9200; 7300; 8300; 10000; 8500; 9400; 10000; 8100; 9900; 9900; 8900; 9700; 8200; 9700; 7900; 7400; 10000; 9600; 10000; 10000; 7500; 8200; 9800; 7100; 10000; 8200; 9800; 7100; 9300; 10000; 7900; 8200; 8000; 8400; 10000; 8500; 9900; 7000; 10000; 9800; 8500; 9100; 10000; 10000; 10000; 9600; 9600; 8900; 7200; 9300; 9200; 7200; 9600; 9800; 9200; 10000; 10000; 8400; 9600; 9100; 8400; 9600; 9200; 9200; 10000; 8400; 10000; 10000; 7200; 10000; 10000; 9700; 9900; 8200; 9900; 8300; 9000; 9700; 10000; 8600; 10000; 10000; 7300; 10000; 7200; 9400; 9700; 7800; 10000; 8900; 10000; 9900; 10000; 8200; 9500; 7500; 9200; 7800; 8800; 6900; 9800; 10000; 8700; 10000; 9400],23000,23001,2.7372000217437744
109,142,0.8362309859154929,[93; 185; 160; 122; 92; 183; 199; 85; 1; 81; 23; 39; 68; 48; 30; 49; 66; 190; 89; 63; 8; 55; 70; 175; 114; 140; 158; 171; 106; 41; 13; 52; 187; 91; 60; 73; 58; 21; 129; 147; 53; 25; 22; 124; 159; 3; 112; 172; 72; 186; 95; 12; 145; 133; 33; 59; 105; 177; 54; 193; 100; 24; 130; 150; 56; 32; 182; 98; 75; 141; 153; 99; 191; 10; 84; 194; 152; 136; 57; 132; 146; 117; 164; 169; 108; 120; 179; 103; 192; 40; 47; 15; 43; 11; 69; 51; 71; 4; 6; 20; 154; 125; 137; 148; 0; 87; 61; 127; 156; 78; 14; 19; 16; 38; 123; 161; 165; 111; 64; 170; 109; 7; 36; 37; 80; 77; 96; 184; 166; 110; 174; 121; 67; 65; 162; 118; 126; 155; 17; 139; 142; 50; 198; 82; 113; 163; 2; 35; 26; 74; 31; 9; 157; 128; 27; 115; 167; 188; 90; 134; 143; 151; 131; 149; 138; 44; 94; 181; 180; 97; 195; 86; 42; 34; 46; 28; 168; 116; 144; 135; 18; 29; 101; 189; 197; 83; 88; 196; 104; 178; 45; 5; 176; 107; 102; 62; 76; 79; 119; 173],[[93; 185]; [160; 122]; [92; 183]; [199; 85]; [1]; [81]; [23]; [39]; [68]; [48]; [30]; [49]; [66]; [190; 89]; [63]; [8]; [55]; [70]; [175; 114]; [140; 158]; [171; 106]; [41]; [13]; [52]; [187; 91]; [60]; [73]; [58]; [21]; [129; 147]; [53]; [25]; [22]; [124; 159]; [3]; [112; 172]; [72]; [186; 95]; [12]; [145; 133]; [33]; [59]; [105; 177]; [54]; [193; 100]; [24]; [130; 150]; [56]; [32]; [182; 98]; [75]; [141; 153]; [99; 191]; [10]; [84; 194]; [152; 136]; [57]; [132; 146]; [117; 164]; [169; 108]; [120; 179]; [103; 192]; [40]; [47]; [15]; [43]; [11]; [69]; [51]; [71]; [4]; [6]; [20]; [154; 125]; [137; 148]; [0]; [87]; [61]; [127; 156]; [78]; [14]; [19]; [16]; [38]; [123; 161]; [165; 111]; [64]; [170; 109]; [7]; [36]; [37]; [80]; [77]; [96; 184]; [166; 110]; [174; 121]; [67]; [65]; [162; 118]; [126; 155]; [17]; [139; 142]; [50]; [198; 82]; [113; 163]; [2]; [35]; [26]; [74]; [31]; [9]; [157; 128]; [27]; [115; 167]; [188; 90]; [134; 143]; [151; 131]; [149; 138]; [44]; [94; 181]; [180; 97]; [195; 86]; [42]; [34]; [46]; [28]; [168; 116]; [144; 135]; [18]; [29]; [101; 189]; [197; 83]; [88; 196]; [104; 178]; [45]; [5]; [176; 107]; [102]; [62]; [76]; [79]; [119; 173]],[10000; 10000; 10000; 9900; 10000; 7100; 9200; 8600; 7600; 8400; 9000; 8300; 7700; 10000; 7800; 9700; 8200; 7500; 9700; 9300; 10000; 8500; 9600; 8200; 10000; 7900; 7300; 8100; 9200; 10000; 8200; 9200; 9200; 10000; 9900; 9800; 7400; 10000; 9600; 10000; 8900; 8000; 10000; 8200; 9700; 9200; 9900; 8200; 8900; 9900; 7300; 9600; 9700; 9600; 10000; 9700; 8200; 10000; 9800; 10000; 9400; 9600; 8600; 8400; 9500; 8500; 9600; 7500; 8200; 7500; 9800; 9800; 9300; 10000; 9800; 10000; 6900; 7900; 10000; 7200; 9600; 9300; 9400; 8700; 10000; 10000; 7800; 10000; 9700; 8800; 8700; 7100; 7200; 10000; 10000; 9600; 7600; 7800; 10000; 10000; 9400; 9900; 8300; 10000; 10000; 9900; 8800; 9100; 7300; 8900; 9700; 10000; 9100; 9900; 10000; 10000; 9900; 9800; 8500; 10000; 10000; 10000; 8500; 8900; 8400; 9100; 9900; 10000; 9300; 9000; 9700; 10000; 10000; 10000; 8400; 9800; 9900; 6400; 7900; 7200; 7200; 9600],21800,21801,2.5409462451934814
111,142,0.8365338028169013,[8; 4; 46; 75; 25; 181; 96; 52; 23; 136; 153; 166; 122; 43; 65; 129; 149; 36; 49; 41; 7; 196; 85; 44; 109; 170; 198; 86; 21; 22; 1; 9; 184; 91; 80; 112; 164; 14; 177; 121; 172; 116; 10; 62; 165; 114; 161; 117; 135; 146; 147; 130; 176; 105; 192; 101; 175; 107; 158; 126; 188; 100; 51; 173; 120; 39; 6; 0; 37; 81; 45; 113; 174; 2; 27; 35; 125; 156; 73; 61; 77; 18; 151; 141; 13; 154; 152; 83; 199; 3; 70; 92; 182; 58; 111; 167; 143; 133; 28; 48; 142; 137; 29; 132; 144; 40; 55; 103; 179; 67; 150; 138; 15; 134; 145; 32; 162; 119; 47; 66; 68; 50; 108; 169; 160; 123; 140; 139; 189; 95; 82; 78; 11; 79; 19; 53; 12; 59; 17; 72; 193; 90; 98; 187; 94; 183; 71; 60; 63; 127; 155; 104; 178; 118; 34; 99; 185; 26; 56; 24; 76; 102; 191; 74; 110; 168; 30; 88; 197; 106; 171; 20; 64; 31; 5; 97; 180; 190; 89; 69; 195; 84; 54; 33; 157; 128; 38; 194; 87; 42; 163; 115; 159; 124; 131; 148; 16; 93; 186; 57],[[8]; [4]; [46]; [75]; [25]; [181; 96]; [52]; [23]; [136; 153]; [166; 122]; [43]; [65]; [129; 149]; [36]; [49]; [41]; [7]; [196; 85]; [44]; [109; 170]; [198; 86]; [21]; [22]; [1]; [9]; [184; 91]; [80]; [112; 164]; [14]; [177; 121]; [172; 116]; [10]; [62]; [165; 114]; [161; 117]; [135; 146]; [147; 130]; [176; 105]; [192; 101]; [175; 107]; [158; 126]; [188; 100]; [51]; [173; 120]; [39]; [6]; [0]; [37]; [81]; [45]; [113; 174]; [2]; [27]; [35]; [125; 156]; [73]; [61]; [77]; [18]; [151; 141]; [13]; [154; 152]; [83; 199]; [3]; [70]; [92; 182]; [58]; [111; 167]; [143; 133]; [28]; [48]; [142; 137]; [29]; [132; 144]; [40]; [55]; [103; 179]; [67]; [150; 138]; [15]; [134; 145]; [32]; [162; 119]; [47]; [66]; [68]; [50]; [108; 169]; [160; 123]; [140; 139]; [189; 95]; [82]; [78]; [11]; [79]; [19]; [53]; [12]; [59]; [17]; [72]; [193; 90]; [98; 187]; [94; 183]; [71]; [60]; [63]; [127; 155]; [104; 178]; [118]; [34]; [99; 185]; [26]; [56]; [24]; [76]; [102; 191]; [74]; [110; 168]; [30]; [88; 197]; [106; 171]; [20]; [64]; [31]; [5]; [97; 180]; [190; 89]; [69]; [195; 84]; [54]; [33]; [157; 128]; [38]; [194; 87]; [42]; [163; 115]; [159; 124]; [131; 148]; [16]; [93; 186]; [57]],[9700; 9800; 8400; 7300; 9200; 10000; 8200; 9200; 9700; 9800; 8500; 7800; 10000; 8800; 8300; 8500; 9700; 10000; 8500; 10000; 9900; 9200; 9200; 10000; 9700; 10000; 7100; 10000; 9600; 9500; 9700; 9600; 7900; 9900; 10000; 10000; 10000; 10000; 9600; 10000; 9900; 9800; 8200; 9600; 8600; 9800; 10000; 8700; 7100; 8400; 9700; 9900; 9100; 8800; 10000; 7300; 7900; 7200; 9300; 9600; 9600; 9000; 10000; 9900; 7500; 10000; 8100; 10000; 10000; 9100; 8400; 10000; 9000; 10000; 8600; 8200; 10000; 7600; 9700; 9500; 10000; 8900; 10000; 8400; 7700; 7600; 8300; 10000; 10000; 10000; 9900; 7000; 7200; 9600; 7200; 9300; 8200; 9600; 8000; 9400; 7400; 9900; 9900; 10000; 7500; 7900; 7800; 10000; 10000; 5800; 8900; 9900; 9100; 8200; 9200; 7200; 9600; 7300; 10000; 9000; 9900; 10000; 9300; 7800; 8900; 9800; 10000; 10000; 7500; 10000; 8200; 8900; 10000; 8700; 10000; 8500; 10000; 10000; 10000; 9400; 10000; 8200],22200,22201,2.539851427078247
124,142,0.8365521126760567,[157; 128; 18; 44; 92; 186; 147; 129; 14; 58; 195; 85; 4; 104; 176; 64; 76; 27; 155; 132; 42; 98; 189; 122; 80; 35; 134; 144; 19; 25; 8; 9; 55; 7; 41; 1; 11; 114; 164; 100; 187; 50; 82; 199; 3; 174; 120; 154; 125; 63; 178; 105; 177; 118; 162; 119; 84; 196; 57; 54; 73; 52; 37; 56; 22; 2; 197; 87; 198; 83; 61; 171; 121; 142; 138; 124; 159; 47; 91; 181; 102; 192; 24; 60; 72; 113; 165; 51; 40; 140; 141; 38; 43; 48; 71; 163; 115; 66; 39; 12; 10; 151; 150; 46; 13; 175; 108; 97; 190; 77; 70; 161; 123; 188; 101; 29; 193; 89; 173; 107; 62; 170; 109; 17; 149; 135; 53; 26; 168; 110; 95; 182; 111; 166; 130; 148; 74; 31; 16; 34; 65; 116; 169; 179; 103; 78; 185; 93; 33; 139; 153; 28; 75; 191; 90; 117; 160; 131; 152; 30; 69; 96; 184; 45; 6; 0; 23; 112; 167; 106; 172; 146; 133; 79; 156; 127; 145; 137; 49; 5; 20; 67; 194; 88; 21; 126; 158; 59; 143; 136; 15; 94; 183; 81; 86; 99; 180; 36; 32; 68],[[157; 128]; [18]; [44]; [92; 186]; [147; 129]; [14]; [58]; [195; 85]; [4]; [104; 176]; [64]; [76]; [27]; [155; 132]; [42]; [98; 189]; [122]; [80]; [35]; [134; 144]; [19]; [25]; [8]; [9]; [55]; [7]; [41]; [1]; [11]; [114; 164]; [100; 187]; [50]; [82; 199]; [3]; [174; 120]; [154; 125]; [63]; [178; 105]; [177; 118]; [162; 119]; [84; 196]; [57]; [54]; [73]; [52]; [37]; [56]; [22]; [2]; [197; 87]; [198; 83]; [61]; [171; 121]; [142; 138]; [124; 159]; [47]; [91; 181]; [102; 192]; [24]; [60]; [72]; [113; 165]; [51]; [40]; [140; 141]; [38]; [43]; [48]; [71]; [163; 115]; [66]; [39]; [12]; [10]; [151; 150]; [46]; [13]; [175; 108]; [97; 190]; [77]; [70]; [161; 123]; [188; 101]; [29]; [193; 89]; [173; 107]; [62]; [170; 109]; [17]; [149; 135]; [53]; [26]; [168; 110]; [95; 182]; [111; 166]; [130; 148]; [74]; [31]; [16]; [34]; [65]; [116; 169]; [179; 103]; [78]; [185; 93]; [33]; [139; 153]; [28]; [75]; [191; 90]; [117; 160]; [131; 152]; [30]; [69]; [96; 184]; [45]; [6]; [0]; [23]; [112; 167]; [106; 172]; [146; 133]; [79]; [156; 127]; [145; 137]; [49]; [5]; [20]; [67]; [194; 88]; [21]; [126; 158]; [59]; [143; 136]; [15]; [94; 183]; [81]; [86]; [99; 180]; [36]; [32]; [68]],[10000; 9300; 8500; 10000; 10000; 9600; 8100; 10000; 9800; 10000; 7800; 7200; 9100; 9600; 8500; 9800; 5800; 7100; 8800; 10000; 9300; 9200; 9700; 9700; 8200; 9700; 8500; 10000; 9600; 9900; 9900; 8300; 10000; 9900; 9600; 10000; 7800; 10000; 9500; 10000; 10000; 8200; 8200; 7300; 8200; 8700; 8200; 9200; 9900; 9900; 10000; 7900; 9600; 10000; 10000; 8400; 10000; 9600; 9200; 7900; 7400; 9900; 8200; 8600; 10000; 8700; 8500; 8400; 7500; 10000; 7700; 8600; 9600; 9600; 9200; 8400; 9600; 9900; 9700; 7200; 7500; 10000; 9700; 9000; 10000; 10000; 7900; 10000; 9400; 9900; 8200; 9100; 10000; 10000; 10000; 10000; 7300; 8900; 9400; 8900; 7800; 9800; 10000; 7200; 10000; 8900; 9600; 9100; 7300; 9900; 10000; 9900; 9000; 7500; 10000; 8400; 9800; 10000; 9200; 10000; 10000; 10000; 7200; 10000; 9900; 8300; 9800; 9300; 7600; 10000; 9200; 9900; 8000; 9900; 9500; 10000; 7100; 6900; 10000; 8800; 8900; 7600],24800,24801,2.8245460987091064
130,142,0.8365661971830989,[186; 96; 176; 118; 57; 98; 191; 46; 131; 148; 106; 175; 53; 9; 77; 101; 193; 142; 137; 120; 162; 154; 126; 119; 172; 38; 44; 4; 24; 33; 35; 10; 42; 153; 138; 75; 21; 27; 1; 135; 146; 16; 189; 90; 145; 132; 67; 123; 34; 84; 196; 95; 187; 59; 14; 91; 182; 113; 173; 40; 63; 81; 82; 199; 108; 169; 48; 22; 5; 198; 87; 71; 58; 134; 144; 74; 80; 103; 190; 55; 164; 114; 37; 56; 15; 79; 150; 129; 156; 128; 61; 51; 161; 121; 68; 11; 49; 99; 185; 2; 100; 180; 13; 66; 3; 179; 102; 41; 188; 97; 8; 19; 194; 85; 104; 177; 65; 170; 109; 86; 6; 32; 43; 93; 184; 76; 69; 62; 183; 94; 0; 64; 115; 163; 20; 28; 31; 140; 141; 167; 111; 78; 174; 107; 70; 39; 17; 171; 117; 158; 124; 25; 152; 130; 45; 168; 110; 155; 127; 36; 195; 88; 50; 112; 165; 160; 122; 136; 143; 73; 54; 52; 18; 133; 147; 26; 7; 23; 166; 116; 151; 139; 72; 92; 181; 157; 149; 60; 30; 29; 178; 105; 125; 159; 47; 83; 197; 12; 89; 192],[[186; 96]; [176; 118]; [57]; [98; 191]; [46]; [131; 148]; [106; 175]; [53]; [9]; [77]; [101; 193]; [142; 137]; [120; 162]; [154; 126]; [119; 172]; [38]; [44]; [4]; [24]; [33]; [35]; [10]; [42]; [153; 138]; [75]; [21]; [27]; [1]; [135; 146]; [16]; [189; 90]; [145; 132]; [67]; [123]; [34]; [84; 196]; [95; 187]; [59]; [14]; [91; 182]; [113; 173]; [40]; [63]; [81]; [82; 199]; [108; 169]; [48]; [22]; [5]; [198; 87]; [71]; [58]; [134; 144]; [74]; [80]; [103; 190]; [55]; [164; 114]; [37]; [56]; [15]; [79]; [150; 129]; [156; 128]; [61]; [51]; [161; 121]; [68]; [11]; [49]; [99; 185]; [2]; [100; 180]; [13]; [66]; [3]; [179; 102]; [41]; [188; 97]; [8]; [19]; [194; 85]; [104; 177]; [65]; [170; 109]; [86]; [6]; [32]; [43]; [93; 184]; [76]; [69]; [62]; [183; 94]; [0]; [64]; [115; 163]; [20]; [28]; [31]; [140; 141]; [167; 111]; [78]; [174; 107]; [70]; [39]; [17]; [171; 117]; [158; 124]; [25]; [152; 130]; [45]; [168; 110]; [155; 127]; [36]; [195; 88]; [50]; [112; 165]; [160; 122]; [136; 143]; [73]; [54]; [52]; [18]; [133; 147]; [26]; [7]; [23]; [166; 116]; [151; 139]; [72]; [92; 181]; [157; 149]; [60]; [30]; [29]; [178; 105]; [125; 159]; [47]; [83; 197]; [12]; [89; 192]],[10000; 9500; 8200; 9700; 8400; 10000; 10000; 8200; 9700; 7200; 9600; 10000; 10000; 10000; 9600; 8700; 8500; 9800; 9200; 8900; 8800; 9600; 8500; 9700; 7300; 9200; 9100; 10000; 10000; 9400; 10000; 10000; 7600; 5800; 8900; 10000; 10000; 8000; 9600; 10000; 9700; 8600; 7800; 7100; 10000; 10000; 8400; 9200; 9800; 9900; 7500; 8100; 10000; 7300; 7100; 9600; 8200; 9900; 8700; 8200; 9500; 7200; 9900; 10000; 7900; 8200; 10000; 7600; 9600; 8300; 9900; 9900; 10000; 9600; 7700; 9900; 10000; 8500; 9800; 9700; 9300; 10000; 10000; 7800; 10000; 6900; 9800; 8900; 8500; 10000; 7200; 7500; 7900; 10000; 10000; 7800; 10000; 9300; 9100; 8900; 10000; 10000; 7200; 10000; 7500; 8600; 9400; 9600; 10000; 9200; 9900; 8400; 10000; 10000; 8800; 10000; 8300; 10000; 10000; 9900; 7300; 8200; 8200; 9300; 9900; 9100; 9700; 9200; 9900; 9600; 7400; 10000; 9100; 7900; 9000; 9000; 10000; 9900; 8400; 10000; 9600; 10000],26000,26001,3.0832555294036865
206,142,0.836595774647888,[41; 127; 156; 44; 6; 11; 164; 114; 85; 62; 96; 183; 22; 71; 26; 140; 141; 75; 170; 109; 175; 119; 43; 165; 112; 3; 32; 182; 93; 110; 167; 192; 89; 68; 45; 144; 134; 58; 2; 73; 128; 154; 81; 1; 9; 90; 189; 138; 152; 118; 161; 51; 77; 130; 149; 40; 157; 125; 185; 99; 145; 135; 131; 147; 100; 180; 148; 129; 69; 179; 103; 52; 23; 178; 104; 117; 160; 116; 166; 88; 194; 16; 55; 39; 74; 115; 163; 8; 63; 56; 21; 30; 29; 4; 27; 84; 198; 174; 120; 155; 126; 37; 78; 36; 54; 137; 142; 190; 101; 132; 143; 94; 187; 28; 35; 61; 80; 31; 57; 48; 50; 106; 171; 113; 176; 53; 66; 67; 0; 72; 17; 76; 12; 18; 86; 196; 123; 47; 188; 98; 60; 34; 82; 197; 19; 158; 153; 46; 49; 10; 107; 172; 186; 91; 124; 159; 79; 13; 184; 95; 20; 65; 108; 169; 173; 122; 150; 136; 181; 92; 64; 24; 59; 42; 14; 7; 33; 38; 25; 15; 162; 121; 5; 177; 105; 199; 83; 97; 193; 191; 102; 139; 151; 87; 195; 70; 111; 168; 133; 146],[[41]; [127; 156]; [44]; [6]; [11]; [164; 114]; [85]; [62]; [96; 183]; [22]; [71]; [26]; [140; 141]; [75]; [170; 109]; [175; 119]; [43]; [165; 112]; [3]; [32]; [182; 93]; [110; 167]; [192; 89]; [68]; [45]; [144; 134]; [58]; [2]; [73]; [128; 154]; [81]; [1]; [9]; [90; 189]; [138; 152]; [118; 161]; [51]; [77]; [130; 149]; [40]; [157; 125]; [185; 99]; [145; 135]; [131; 147]; [100; 180]; [148; 129]; [69]; [179; 103]; [52]; [23]; [178; 104]; [117; 160]; [116; 166]; [88; 194]; [16]; [55]; [39]; [74]; [115; 163]; [8]; [63]; [56]; [21]; [30]; [29]; [4]; [27]; [84; 198]; [174; 120]; [155; 126]; [37]; [78]; [36]; [54]; [137; 142]; [190; 101]; [132; 143]; [94; 187]; [28]; [35]; [61]; [80]; [31]; [57]; [48]; [50]; [106; 171]; [113; 176]; [53]; [66]; [67]; [0]; [72]; [17]; [76]; [12]; [18]; [86; 196]; [123]; [47]; [188; 98]; [60]; [34]; [82; 197]; [19]; [158; 153]; [46]; [49]; [10]; [107; 172]; [186; 91]; [124; 159]; [79]; [13]; [184; 95]; [20]; [65]; [108; 169]; [173; 122]; [150; 136]; [181; 92]; [64]; [24]; [59]; [42]; [14]; [7]; [33]; [38]; [25]; [15]; [162; 121]; [5]; [177; 105]; [199; 83]; [97; 193]; [191; 102]; [139; 151]; [87; 195]; [70]; [111; 168]; [133; 146]],[8500; 10000; 8500; 9800; 9600; 9900; 6900; 7900; 10000; 9200; 7500; 9100; 10000; 7300; 10000; 9600; 8500; 10000; 9900; 8900; 10000; 10000; 10000; 7600; 8400; 10000; 8100; 9900; 7300; 10000; 7100; 10000; 9700; 10000; 9700; 10000; 8200; 7200; 10000; 8600; 10000; 9900; 10000; 10000; 10000; 10000; 7500; 10000; 8200; 9200; 10000; 10000; 9900; 10000; 9400; 8200; 8600; 7300; 10000; 9700; 7800; 8200; 9200; 9000; 9000; 9800; 9100; 9900; 9600; 10000; 8700; 7200; 8800; 8200; 10000; 9600; 10000; 10000; 9100; 8800; 7900; 7100; 8900; 8200; 8400; 8300; 10000; 9600; 8200; 7700; 7600; 10000; 7400; 9400; 7200; 9600; 9300; 10000; 5800; 8400; 9800; 7900; 8900; 10000; 9300; 8900; 8400; 8300; 9600; 10000; 10000; 10000; 7200; 9600; 10000; 9300; 7800; 10000; 9600; 9700; 10000; 7800; 9200; 8000; 8500; 9600; 9700; 8900; 8700; 9200; 9500; 10000; 9800; 10000; 10000; 9700; 9600; 9600; 10000; 7500; 10000; 10000],41200,41201,4.924438238143921
96,142,0.8360183098591549,[153; 134; 23; 109; 174; 166; 110; 26; 93; 181; 115; 175; 1; 191; 95; 55; 31; 16; 65; 71; 196; 88; 0; 8; 94; 182; 128; 156; 57; 67; 100; 188; 77; 42; 80; 21; 111; 164; 32; 69; 22; 143; 133; 79; 56; 4; 54; 165; 112; 98; 180; 168; 122; 178; 121; 87; 108; 170; 24; 179; 102; 14; 60; 136; 157; 114; 167; 29; 61; 11; 96; 185; 74; 125; 159; 126; 154; 5; 68; 25; 158; 124; 194; 84; 187; 99; 44; 82; 197; 97; 198; 113; 163; 12; 53; 90; 189; 186; 105; 35; 137; 145; 38; 7; 19; 86; 150; 138; 73; 161; 118; 119; 172; 70; 171; 106; 103; 192; 18; 62; 58; 140; 139; 30; 155; 127; 3; 17; 27; 132; 146; 149; 151; 63; 51; 104; 176; 91; 183; 129; 152; 75; 49; 28; 37; 83; 199; 78; 169; 116; 89; 193; 144; 135; 147; 131; 2; 39; 6; 66; 15; 81; 48; 195; 85; 10; 20; 45; 64; 184; 92; 123; 162; 141; 142; 9; 36; 72; 177; 120; 34; 40; 13; 107; 173; 50; 76; 41; 46; 101; 190; 47; 33; 117; 160; 148; 130; 43; 52; 59],[[153; 134]; [23]; [109; 174]; [166; 110]; [26]; [93; 181]; [115; 175]; [1]; [191; 95]; [55]; [31]; [16]; [65]; [71]; [196; 88]; [0]; [8]; [94; 182]; [128; 156]; [57]; [67]; [100; 188]; [77]; [42]; [80]; [21]; [111; 164]; [32]; [69]; [22]; [143; 133]; [79]; [56]; [4]; [54]; [165; 112]; [98; 180]; [168; 122]; [178; 121]; [87]; [108; 170]; [24]; [179; 102]; [14]; [60]; [136; 157]; [114; 167]; [29]; [61]; [11]; [96; 185]; [74]; [125; 159]; [126; 154]; [5]; [68]; [25]; [158; 124]; [194; 84]; [187; 99]; [44]; [82; 197]; [97; 198]; [113; 163]; [12]; [53]; [90; 189]; [186; 105]; [35]; [137; 145]; [38]; [7]; [19]; [86]; [150; 138]; [73]; [161; 118]; [119; 172]; [70]; [171; 106]; [103; 192]; [18]; [62]; [58]; [140; 139]; [30]; [155; 127]; [3]; [17]; [27]; [132; 146]; [149; 151]; [63]; [51]; [104; 176]; [91; 183]; [129; 152]; [75]; [49]; [28]; [37]; [83; 199]; [78]; [169; 116]; [89; 193]; [144; 135]; [147; 131]; [2]; [39]; [6]; [66]; [15]; [81]; [48]; [195; 85]; [10]; [20]; [45]; [64]; [184; 92]; [123; 162]; [141; 142]; [9]; [36]; [72]; [177; 120]; [34]; [40]; [13]; [107; 173]; [50]; [76]; [41]; [46]; [101; 190]; [47]; [33]; [117; 160]; [148; 130]; [43]; [52]; [59]],[9800; 9200; 9900; 10000; 9100; 10000; 9700; 10000; 9800; 8200; 8900; 9400; 7800; 7500; 10000; 10000; 9700; 10000; 10000; 8200; 7600; 9800; 7200; 8500; 7100; 9200; 10000; 8900; 7500; 9200; 10000; 7200; 8200; 9800; 8200; 10000; 10000; 9800; 9500; 6900; 10000; 9200; 10000; 9600; 7900; 9500; 9900; 9000; 7900; 9600; 10000; 7300; 9900; 10000; 9800; 7600; 9200; 10000; 10000; 9900; 8500; 10000; 9500; 10000; 9600; 8200; 10000; 9700; 8800; 9900; 8700; 9700; 9300; 6900; 9700; 7300; 10000; 9600; 7500; 10000; 9600; 9300; 7900; 8100; 10000; 9000; 10000; 9900; 9400; 9100; 10000; 9300; 7800; 8200; 10000; 10000; 9900; 7300; 8300; 9100; 8700; 10000; 7200; 9800; 10000; 10000; 10000; 9900; 8600; 9800; 7700; 9500; 7100; 8400; 10000; 9600; 9300; 8400; 7800; 10000; 10000; 9900; 9700; 8800; 7400; 9500; 8900; 8600; 9600; 10000; 8300; 7200; 8500; 8400; 9600; 8400; 8900; 10000; 10000; 8500; 8200; 8000],19200,19201,2.231656074523926
159,142,0.8362760563380287,[130; 148; 56; 98; 180; 156; 125; 11; 60; 10; 89; 190; 165; 111; 43; 46; 93; 186; 129; 147; 155; 128; 140; 153; 41; 22; 76; 4; 70; 189; 97; 115; 163; 14; 12; 44; 86; 199; 106; 175; 185; 99; 6; 34; 67; 73; 20; 8; 2; 26; 80; 79; 5; 113; 171; 45; 61; 82; 197; 54; 149; 131; 19; 3; 104; 177; 58; 40; 29; 74; 102; 179; 63; 144; 132; 66; 75; 143; 133; 150; 138; 134; 145; 72; 81; 119; 172; 13; 35; 55; 52; 71; 100; 7; 169; 108; 39; 53; 181; 91; 198; 83; 17; 123; 176; 65; 159; 124; 38; 170; 109; 142; 137; 162; 120; 0; 157; 127; 42; 69; 57; 48; 116; 166; 136; 151; 84; 196; 15; 92; 182; 101; 192; 23; 16; 135; 146; 126; 154; 173; 112; 51; 158; 152; 18; 78; 28; 50; 64; 32; 164; 114; 107; 174; 121; 191; 77; 85; 194; 36; 117; 160; 188; 90; 87; 27; 118; 161; 31; 195; 88; 184; 95; 103; 193; 21; 62; 37; 122; 167; 25; 1; 96; 187; 33; 9; 24; 47; 59; 68; 49; 94; 183; 30; 105; 178; 141; 139; 110; 168],[[130; 148]; [56]; [98; 180]; [156; 125]; [11]; [60]; [10]; [89; 190]; [165; 111]; [43]; [46]; [93; 186]; [129; 147]; [155; 128]; [140; 153]; [41]; [22]; [76]; [4]; [70]; [189; 97]; [115; 163]; [14]; [12]; [44]; [86; 199]; [106; 175]; [185; 99]; [6]; [34]; [67]; [73]; [20]; [8]; [2]; [26]; [80]; [79]; [5]; [113; 171]; [45]; [61]; [82; 197]; [54]; [149; 131]; [19]; [3]; [104; 177]; [58]; [40]; [29]; [74]; [102; 179]; [63]; [144; 132]; [66]; [75]; [143; 133]; [150; 138]; [134; 145]; [72]; [81]; [119; 172]; [13]; [35]; [55]; [52]; [71]; [100]; [7]; [169; 108]; [39]; [53]; [181; 91]; [198; 83]; [17]; [123; 176]; [65]; [159; 124]; [38]; [170; 109]; [142; 137]; [162; 120]; [0]; [157; 127]; [42]; [69]; [57]; [48]; [116; 166]; [136; 151]; [84; 196]; [15]; [92; 182]; [101; 192]; [23]; [16]; [135; 146]; [126; 154]; [173; 112]; [51]; [158; 152]; [18]; [78]; [28]; [50]; [64]; [32]; [164; 114]; [107; 174]; [121; 191]; [77]; [85; 194]; [36]; [117; 160]; [188; 90]; [87]; [27]; [118; 161]; [31]; [195; 88]; [184; 95]; [103; 193]; [21]; [62]; [37]; [122; 167]; [25]; [1]; [96; 187]; [33]; [9]; [24]; [47]; [59]; [68]; [49]; [94; 183]; [30]; [105; 178]; [141; 139]; [110; 168]],[10000; 8200; 10000; 10000; 9600; 7900; 9600; 10000; 10000; 8500; 8400; 10000; 10000; 10000; 9600; 8500; 9200; 7200; 9800; 7500; 9800; 10000; 9600; 9600; 8500; 9900; 10000; 9900; 9800; 8900; 7600; 7300; 9300; 9700; 9900; 9100; 7100; 7200; 9800; 9700; 8400; 7900; 10000; 8200; 10000; 9300; 9900; 10000; 8100; 8600; 9000; 7300; 10000; 7800; 10000; 7700; 7300; 10000; 9700; 10000; 7400; 7100; 9600; 9600; 8800; 8200; 8200; 7500; 6500; 9700; 10000; 8600; 8200; 10000; 10000; 9400; 9500; 7800; 10000; 8700; 10000; 10000; 10000; 10000; 10000; 8500; 7500; 8200; 8400; 9900; 9700; 10000; 9500; 10000; 9600; 9200; 9400; 10000; 10000; 9800; 8200; 8900; 9300; 7200; 9100; 8300; 7800; 8900; 9900; 10000; 9000; 7200; 10000; 8800; 10000; 10000; 6900; 9100; 10000; 8900; 10000; 10000; 9600; 9200; 7900; 8700; 9800; 9200; 10000; 10000; 8900; 9700; 9200; 8400; 8000; 7600; 8300; 10000; 9000; 10000; 10000; 10000],31800,31801,3.7527055740356445
138,142,0.8362563380281695,[81; 72; 113; 164; 40; 27; 182; 91; 12; 197; 83; 11; 146; 136; 155; 128; 29; 8; 0; 82; 191; 97; 78; 34; 127; 154; 30; 73; 96; 186; 190; 122; 45; 163; 115; 53; 7; 90; 189; 58; 61; 13; 60; 59; 184; 99; 84; 199; 156; 125; 162; 121; 49; 42; 80; 62; 57; 5; 161; 118; 54; 56; 196; 86; 14; 143; 132; 41; 114; 170; 149; 130; 129; 147; 39; 76; 28; 177; 104; 169; 109; 100; 193; 17; 158; 126; 2; 68; 185; 92; 65; 85; 198; 15; 79; 23; 148; 134; 111; 166; 77; 51; 179; 102; 151; 157; 135; 144; 1; 44; 74; 69; 33; 176; 119; 37; 9; 75; 172; 108; 171; 106; 173; 120; 194; 88; 138; 150; 35; 165; 123; 116; 174; 38; 55; 32; 187; 94; 142; 137; 112; 168; 183; 101; 131; 153; 20; 117; 160; 52; 50; 139; 141; 195; 87; 47; 180; 98; 93; 188; 19; 22; 124; 159; 63; 103; 110; 167; 36; 10; 64; 3; 66; 25; 46; 70; 145; 133; 105; 178; 43; 26; 67; 16; 21; 140; 152; 107; 175; 6; 48; 192; 89; 181; 95; 18; 24; 4; 71; 31],[[81]; [72]; [113; 164]; [40]; [27]; [182; 91]; [12]; [197; 83]; [11]; [146; 136]; [155; 128]; [29]; [8]; [0]; [82]; [191; 97]; [78]; [34]; [127; 154]; [30]; [73]; [96; 186]; [190; 122]; [45]; [163; 115]; [53]; [7]; [90; 189]; [58]; [61]; [13]; [60]; [59]; [184; 99]; [84; 199]; [156; 125]; [162; 121]; [49]; [42]; [80]; [62]; [57]; [5]; [161; 118]; [54]; [56]; [196; 86]; [14]; [143; 132]; [41]; [114; 170]; [149; 130]; [129; 147]; [39]; [76]; [28]; [177; 104]; [169; 109]; [100; 193]; [17]; [158; 126]; [2]; [68]; [185; 92]; [65]; [85; 198]; [15]; [79]; [23]; [148; 134]; [111; 166]; [77]; [51]; [179; 102]; [151; 157]; [135; 144]; [1]; [44]; [74]; [69]; [33]; [176; 119]; [37]; [9]; [75]; [172; 108]; [171; 106]; [173; 120]; [194; 88]; [138; 150]; [35]; [165; 123]; [116; 174]; [38]; [55]; [32]; [187; 94]; [142; 137]; [112; 168]; [183; 101]; [131; 153]; [20]; [117; 160]; [52]; [50]; [139; 141]; [195; 87]; [47]; [180; 98]; [93; 188]; [19]; [22]; [124; 159]; [63]; [103]; [110; 167]; [36]; [10]; [64]; [3]; [66]; [25]; [46]; [70]; [145; 133]; [105; 178]; [43]; [26]; [67]; [16]; [21]; [140; 152]; [107; 175]; [6]; [48]; [192; 89]; [181; 95]; [18]; [24]; [4]; [71]; [31]],[7100; 7400; 9900; 8600; 9100; 10000; 9600; 10000; 9600; 9900; 10000; 9000; 9700; 10000; 7000; 9700; 7200; 8900; 10000; 9000; 7300; 10000; 9000; 8400; 10000; 8200; 9700; 10000; 8100; 7900; 9600; 7900; 8000; 9900; 9900; 10000; 10000; 8300; 8500; 7100; 7900; 8200; 9800; 10000; 8200; 8200; 10000; 9600; 10000; 8500; 9800; 10000; 10000; 8600; 7200; 9100; 10000; 10000; 9700; 9400; 9900; 9900; 7600; 10000; 7800; 9900; 9500; 7200; 9200; 9900; 10000; 7200; 8200; 10000; 9000; 10000; 10000; 8500; 7300; 7500; 8900; 9500; 8700; 9700; 7300; 9900; 10000; 9600; 10000; 9700; 8800; 9800; 9700; 8700; 8200; 8900; 10000; 10000; 10000; 9800; 9900; 9300; 10000; 8200; 8300; 10000; 10000; 8400; 10000; 9900; 9300; 9200; 10000; 7800; 6400; 10000; 8800; 9600; 7800; 9900; 7700; 9200; 8400; 7500; 10000; 10000; 8500; 9100; 7600; 9400; 9200; 9600; 10000; 9800; 8400; 10000; 10000; 9300; 9200; 9800; 7500; 8900],27600,27601,3.239004611968994
258,142,0.8365971830985923,[75; 43; 12; 47; 21; 111; 167; 49; 95; 185; 71; 112; 166; 91; 187; 158; 124; 149; 130; 81; 121; 162; 177; 105; 74; 96; 183; 1; 11; 10; 57; 197; 84; 78; 171; 114; 44; 127; 154; 137; 153; 103; 190; 53; 113; 163; 17; 0; 16; 196; 88; 161; 118; 51; 186; 92; 58; 2; 169; 108; 85; 194; 9; 59; 5; 134; 143; 195; 86; 8; 38; 41; 120; 160; 55; 54; 122; 40; 66; 146; 135; 89; 192; 80; 64; 90; 189; 164; 110; 70; 109; 170; 52; 65; 79; 199; 83; 150; 138; 73; 56; 24; 4; 152; 139; 22; 117; 172; 165; 115; 29; 68; 100; 180; 42; 97; 182; 19; 25; 13; 35; 140; 141; 46; 60; 37; 136; 142; 159; 151; 128; 157; 188; 99; 179; 101; 155; 125; 63; 61; 15; 82; 198; 3; 148; 129; 93; 181; 62; 76; 102; 191; 77; 72; 168; 116; 32; 7; 87; 147; 131; 94; 184; 33; 26; 34; 67; 123; 176; 28; 98; 193; 50; 48; 133; 145; 30; 69; 175; 107; 132; 144; 119; 173; 178; 104; 20; 39; 45; 14; 106; 174; 156; 126; 27; 31; 6; 18; 23; 36],[[75]; [43]; [12]; [47]; [21]; [111; 167]; [49]; [95; 185]; [71]; [112; 166]; [91; 187]; [158; 124]; [149; 130]; [81]; [121; 162]; [177; 105]; [74]; [96; 183]; [1]; [11]; [10]; [57]; [197; 84]; [78]; [171; 114]; [44]; [127; 154]; [137; 153]; [103; 190]; [53]; [113; 163]; [17]; [0]; [16]; [196; 88]; [161; 118]; [51]; [186; 92]; [58]; [2]; [169; 108]; [85; 194]; [9]; [59]; [5]; [134; 143]; [195; 86]; [8]; [38]; [41]; [120; 160]; [55]; [54]; [122]; [40]; [66]; [146; 135]; [89; 192]; [80]; [64]; [90; 189]; [164; 110]; [70]; [109; 170]; [52]; [65]; [79]; [199; 83]; [150; 138]; [73]; [56]; [24]; [4]; [152; 139]; [22]; [117; 172]; [165; 115]; [29]; [68]; [100; 180]; [42]; [97; 182]; [19]; [25]; [13]; [35]; [140; 141]; [46]; [60]; [37]; [136; 142]; [159; 151]; [128; 157]; [188; 99]; [179; 101]; [155; 125]; [63]; [61]; [15]; [82; 198]; [3]; [148; 129]; [93; 181]; [62]; [76]; [102; 191]; [77]; [72]; [168; 116]; [32]; [7]; [87]; [147; 131]; [94; 184]; [33]; [26]; [34]; [67]; [123; 176]; [28]; [98; 193]; [50]; [48]; [133; 145]; [30]; [69]; [175; 107]; [132; 144]; [119; 173]; [178; 104]; [20]; [39]; [45]; [14]; [106; 174]; [156; 126]; [27]; [31]; [6]; [18]; [23]; [36]],[7300; 8500; 9600; 8400; 9200; 10000; 8300; 10000; 7500; 10000; 10000; 10000; 10000; 7100; 10000; 10000; 7300; 10000; 10000; 9600; 9600; 8200; 9900; 7200; 9700; 8500; 10000; 9700; 9600; 8200; 10000; 9400; 10000; 9400; 10000; 10000; 8200; 10000; 8100; 9900; 10000; 10000; 9700; 8000; 9800; 10000; 10000; 9700; 8700; 8500; 10000; 8200; 8200; 5800; 8600; 7700; 10000; 10000; 7100; 7800; 10000; 10000; 7500; 10000; 8200; 7800; 7200; 10000; 9700; 7300; 8200; 9200; 9800; 9600; 9200; 9600; 9900; 9000; 7600; 10000; 8500; 9900; 9300; 9200; 9600; 8800; 10000; 8400; 7900; 8700; 10000; 8900; 10000; 9800; 10000; 10000; 7800; 7900; 9500; 10000; 9900; 10000; 10000; 7900; 7200; 9600; 7200; 7400; 9900; 8900; 9700; 6900; 10000; 10000; 8900; 9100; 8900; 7600; 9500; 9100; 9700; 8300; 8400; 10000; 9000; 7500; 10000; 10000; 9600; 10000; 9300; 8600; 8400; 9600; 10000; 10000; 9100; 8900; 9800; 9300; 9200; 8800],51600,51601,6.1363818645477295
138,142,0.8361084507042253,[99; 191; 149; 130; 90; 188; 28; 150; 136; 160; 119; 42; 116; 165; 13; 16; 65; 75; 92; 186; 50; 60; 88; 194; 148; 129; 54; 62; 78; 68; 81; 24; 169; 123; 59; 112; 166; 199; 122; 35; 44; 1; 170; 108; 52; 67; 172; 109; 77; 49; 69; 12; 8; 64; 7; 22; 80; 120; 161; 0; 29; 17; 6; 185; 91; 184; 95; 66; 19; 190; 103; 146; 135; 192; 89; 82; 198; 93; 183; 79; 47; 196; 85; 139; 152; 40; 9; 100; 189; 45; 101; 179; 5; 11; 167; 111; 72; 55; 142; 137; 73; 14; 27; 36; 23; 39; 132; 151; 131; 147; 37; 46; 48; 76; 20; 18; 30; 98; 180; 113; 164; 34; 15; 125; 159; 61; 134; 144; 121; 173; 158; 124; 38; 153; 155; 70; 157; 128; 26; 51; 53; 56; 97; 193; 96; 182; 181; 94; 63; 143; 138; 118; 162; 140; 141; 21; 4; 33; 84; 156; 126; 41; 83; 197; 86; 3; 10; 58; 174; 106; 31; 74; 163; 115; 178; 117; 154; 127; 43; 2; 133; 145; 107; 175; 57; 32; 104; 177; 102; 187; 105; 176; 168; 110; 195; 87; 71; 171; 114; 25],[[99; 191]; [149; 130]; [90; 188]; [28]; [150; 136]; [160; 119]; [42]; [116; 165]; [13]; [16]; [65]; [75]; [92; 186]; [50]; [60]; [88; 194]; [148; 129]; [54]; [62]; [78]; [68]; [81]; [24]; [169; 123]; [59]; [112; 166]; [199; 122]; [35]; [44]; [1]; [170; 108]; [52]; [67]; [172; 109]; [77]; [49]; [69]; [12]; [8]; [64]; [7]; [22]; [80]; [120; 161]; [0]; [29]; [17]; [6]; [185; 91]; [184; 95]; [66]; [19]; [190; 103]; [146; 135]; [192; 89]; [82; 198]; [93; 183]; [79]; [47]; [196; 85]; [139; 152]; [40]; [9]; [100; 189]; [45]; [101; 179]; [5]; [11]; [167; 111]; [72]; [55]; [142; 137]; [73]; [14]; [27]; [36]; [23]; [39]; [132; 151]; [131; 147]; [37]; [46]; [48]; [76]; [20]; [18]; [30]; [98; 180]; [113; 164]; [34]; [15]; [125; 159]; [61]; [134; 144]; [121; 173]; [158; 124]; [38]; [153; 155]; [70]; [157; 128]; [26]; [51]; [53]; [56]; [97; 193]; [96; 182]; [181; 94]; [63]; [143; 138]; [118; 162]; [140; 141]; [21]; [4]; [33]; [84]; [156; 126]; [41]; [83; 197]; [86]; [3]; [10]; [58]; [174; 106]; [31]; [74]; [163; 115]; [178; 117]; [154; 127]; [43]; [2]; [133; 145]; [107; 175]; [57]; [32]; [104; 177]; [102; 187]; [105; 176]; [168; 110]; [195; 87]; [71]; [171; 114]; [25]],[9700; 10000; 10000; 9100; 9700; 10000; 8500; 9900; 9600; 9400; 7800; 7300; 10000; 8300; 7900; 10000; 10000; 8200; 7900; 7200; 7600; 7100; 9200; 9700; 8000; 10000; 8800; 8800; 8500; 10000; 10000; 8200; 7600; 9900; 7200; 8300; 7500; 9600; 9700; 7800; 9700; 9200; 7100; 10000; 10000; 9000; 9400; 9800; 10000; 10000; 7700; 9300; 9600; 10000; 10000; 10000; 10000; 7200; 8400; 10000; 9600; 8600; 9700; 9800; 8400; 10000; 9800; 9600; 10000; 7400; 8200; 10000; 7300; 9600; 9100; 8800; 9200; 8600; 9800; 10000; 8700; 8400; 8400; 7200; 9300; 9300; 9000; 10000; 9900; 8900; 9500; 9900; 7900; 10000; 9600; 10000; 8700; 9000; 7500; 10000; 9100; 8200; 8200; 8200; 9700; 10000; 10000; 7800; 9900; 10000; 10000; 9200; 9800; 8900; 6900; 10000; 8500; 10000; 6900; 9900; 9600; 8100; 10000; 8900; 7300; 10000; 9500; 10000; 8500; 9900; 10000; 10000; 8200; 8900; 10000; 9800; 10000; 10000; 10000; 7500; 9700; 9200],27600,27601,3.3054628372192383
112,142,0.8365845070422542,[73; 26; 101; 192; 100; 186; 1; 54; 125; 156; 129; 147; 103; 190; 38; 136; 150; 69; 139; 141; 131; 151; 62; 111; 164; 23; 42; 60; 145; 135; 43; 41; 148; 132; 170; 113; 48; 102; 179; 70; 6; 61; 47; 112; 168; 57; 122; 162; 85; 198; 36; 52; 99; 188; 187; 96; 29; 40; 87; 35; 46; 30; 81; 166; 121; 182; 95; 184; 97; 160; 119; 17; 39; 55; 15; 130; 149; 180; 98; 140; 153; 155; 126; 82; 199; 24; 5; 16; 163; 116; 158; 124; 75; 79; 56; 3; 94; 181; 80; 53; 44; 78; 118; 83; 197; 71; 58; 64; 63; 178; 123; 159; 152; 67; 167; 114; 146; 133; 9; 107; 173; 45; 11; 12; 174; 117; 20; 10; 31; 84; 195; 93; 193; 50; 7; 34; 74; 28; 49; 88; 194; 18; 59; 19; 72; 14; 2; 115; 171; 154; 127; 8; 86; 196; 51; 189; 90; 76; 77; 4; 105; 177; 37; 183; 92; 161; 120; 33; 0; 22; 110; 165; 108; 172; 25; 144; 134; 137; 142; 176; 104; 91; 185; 68; 21; 13; 169; 109; 128; 157; 191; 89; 106; 175; 27; 32; 138; 143; 66; 65],[[73]; [26]; [101; 192]; [100; 186]; [1]; [54]; [125; 156]; [129; 147]; [103; 190]; [38]; [136; 150]; [69]; [139; 141]; [131; 151]; [62]; [111; 164]; [23]; [42]; [60]; [145; 135]; [43]; [41]; [148; 132]; [170; 113]; [48]; [102; 179]; [70]; [6]; [61]; [47]; [112; 168]; [57]; [122; 162]; [85; 198]; [36]; [52]; [99; 188]; [187; 96]; [29]; [40]; [87]; [35]; [46]; [30]; [81]; [166; 121]; [182; 95]; [184; 97]; [160; 119]; [17]; [39]; [55]; [15]; [130; 149]; [180; 98]; [140; 153]; [155; 126]; [82; 199]; [24]; [5]; [16]; [163; 116]; [158; 124]; [75]; [79]; [56]; [3]; [94; 181]; [80]; [53]; [44]; [78]; [118]; [83; 197]; [71]; [58]; [64]; [63]; [178; 123]; [159; 152]; [67]; [167; 114]; [146; 133]; [9]; [107; 173]; [45]; [11]; [12]; [174; 117]; [20]; [10]; [31]; [84; 195]; [93; 193]; [50]; [7]; [34]; [74]; [28]; [49]; [88; 194]; [18]; [59]; [19]; [72]; [14]; [2]; [115; 171]; [154; 127]; [8]; [86; 196]; [51]; [189; 90]; [76]; [77]; [4]; [105; 177]; [37]; [183; 92]; [161; 120]; [33]; [0]; [22]; [110; 165]; [108; 172]; [25]; [144; 134]; [137; 142]; [176; 104]; [91; 185]; [68]; [21]; [13]; [169; 109]; [128; 157]; [191; 89]; [106; 175]; [27]; [32]; [138; 143]; [66]; [65]],[7300; 9100; 9600; 9900; 10000; 8200; 10000; 10000; 9600; 8700; 9700; 7500; 10000; 9900; 7900; 10000; 9200; 8500; 7900; 10000; 8500; 8500; 9900; 9800; 8400; 10000; 7500; 9800; 7900; 8400; 10000; 8200; 10000; 9900; 8800; 8200; 9800; 10000; 9000; 8600; 6900; 8800; 8400; 9000; 7100; 9800; 10000; 9900; 10000; 9400; 8600; 8200; 9500; 10000; 10000; 9600; 10000; 10000; 9200; 9800; 9400; 10000; 10000; 7300; 7200; 8200; 9900; 10000; 7100; 8200; 8500; 7200; 5800; 10000; 7500; 8100; 7800; 7800; 9500; 8900; 7600; 9900; 10000; 9700; 10000; 8400; 9600; 9600; 9600; 9300; 9600; 8900; 10000; 9800; 8300; 9700; 8900; 7300; 9100; 8300; 10000; 9300; 8000; 9300; 7400; 9600; 9900; 9700; 10000; 9700; 10000; 8200; 10000; 7200; 7200; 9800; 10000; 8700; 10000; 10000; 8900; 10000; 9200; 10000; 9900; 9200; 10000; 10000; 10000; 10000; 7600; 9200; 9600; 10000; 10000; 10000; 10000; 9100; 8900; 9900; 7700; 7800],22400,22401,2.6840217113494873
176,142,0.8365943661971836,[40; 19; 81; 67; 22; 6; 180; 100; 16; 104; 177; 75; 86; 194; 153; 137; 71; 42; 156; 125; 13; 62; 53; 70; 52; 176; 105; 148; 129; 115; 163; 69; 7; 74; 43; 170; 113; 80; 15; 175; 123; 3; 41; 188; 98; 122; 132; 146; 172; 108; 196; 85; 185; 92; 44; 198; 88; 116; 168; 23; 8; 195; 87; 66; 126; 157; 84; 76; 77; 143; 135; 183; 93; 160; 117; 57; 35; 147; 130; 60; 134; 144; 51; 4; 17; 2; 59; 11; 91; 187; 141; 150; 189; 90; 36; 118; 174; 64; 1; 151; 136; 159; 152; 58; 54; 106; 173; 131; 149; 31; 39; 133; 145; 32; 102; 179; 65; 14; 20; 99; 193; 45; 55; 47; 197; 82; 164; 112; 0; 33; 30; 79; 5; 29; 27; 72; 24; 25; 48; 169; 109; 68; 110; 166; 96; 182; 178; 121; 46; 128; 154; 50; 139; 140; 34; 12; 26; 56; 165; 111; 192; 101; 37; 38; 28; 161; 120; 184; 94; 97; 186; 191; 89; 9; 10; 61; 162; 119; 73; 83; 199; 107; 171; 78; 95; 181; 167; 114; 18; 124; 158; 21; 63; 103; 190; 155; 127; 49; 142; 138],[[40]; [19]; [81]; [67]; [22]; [6]; [180; 100]; [16]; [104; 177]; [75]; [86; 194]; [153; 137]; [71]; [42]; [156; 125]; [13]; [62]; [53]; [70]; [52]; [176; 105]; [148; 129]; [115; 163]; [69]; [7]; [74]; [43]; [170; 113]; [80]; [15]; [175; 123]; [3]; [41]; [188; 98]; [122]; [132; 146]; [172; 108]; [196; 85]; [185; 92]; [44]; [198; 88]; [116; 168]; [23]; [8]; [195; 87]; [66]; [126; 157]; [84]; [76]; [77]; [143; 135]; [183; 93]; [160; 117]; [57]; [35]; [147; 130]; [60]; [134; 144]; [51]; [4]; [17]; [2]; [59]; [11]; [91; 187]; [141; 150]; [189; 90]; [36]; [118; 174]; [64]; [1]; [151; 136]; [159; 152]; [58]; [54]; [106; 173]; [131; 149]; [31]; [39]; [133; 145]; [32]; [102; 179]; [65]; [14]; [20]; [99; 193]; [45]; [55]; [47]; [197; 82]; [164; 112]; [0]; [33]; [30]; [79]; [5]; [29]; [27]; [72]; [24]; [25]; [48]; [169; 109]; [68]; [110; 166]; [96; 182]; [178; 121]; [46]; [128; 154]; [50]; [139; 140]; [34]; [12]; [26]; [56]; [165; 111]; [192; 101]; [37]; [38]; [28]; [161; 120]; [184; 94]; [97; 186]; [191; 89]; [9]; [10]; [61]; [162; 119]; [73]; [83; 199]; [107; 171]; [78]; [95; 181]; [167; 114]; [18]; [124; 158]; [21]; [63]; [103; 190]; [155; 127]; [49]; [142; 138]],[8600; 9300; 7100; 7600; 9200; 9800; 10000; 9400; 10000; 7300; 10000; 9700; 7500; 8500; 10000; 9600; 7900; 8200; 7500; 8200; 10000; 10000; 10000; 7500; 9700; 7300; 8500; 9800; 7100; 9500; 9600; 9900; 8500; 9800; 5800; 10000; 9900; 10000; 10000; 8500; 9900; 9900; 9200; 9700; 10000; 7700; 10000; 6900; 7200; 7200; 10000; 10000; 10000; 8200; 8800; 10000; 7900; 10000; 8200; 9800; 9400; 9900; 8000; 9600; 10000; 9600; 10000; 8800; 9600; 7800; 10000; 9700; 8900; 8100; 8200; 10000; 10000; 8900; 8600; 10000; 8900; 10000; 7800; 9600; 9300; 9700; 8400; 8200; 8400; 10000; 10000; 10000; 8900; 9000; 7200; 9800; 9000; 9100; 7400; 9200; 9200; 8400; 10000; 7600; 10000; 10000; 9500; 8400; 10000; 8300; 10000; 8900; 9600; 9100; 8200; 10000; 9600; 8700; 8700; 9100; 10000; 10000; 9900; 10000; 9700; 9600; 7900; 10000; 7300; 10000; 10000; 7200; 10000; 9900; 9300; 10000; 9200; 7800; 9600; 10000; 8300; 10000],35200,35201,4.1517345905303955
147,142,0.8365760563380285,[194; 88; 89; 191; 117; 161; 44; 139; 141; 101; 179; 176; 105; 68; 106; 174; 160; 118; 14; 36; 9; 131; 152; 90; 188; 57; 115; 163; 74; 87; 40; 15; 23; 12; 185; 91; 121; 86; 199; 35; 168; 112; 56; 0; 80; 169; 108; 66; 30; 190; 99; 17; 39; 43; 147; 132; 173; 119; 75; 146; 134; 95; 184; 122; 175; 51; 100; 180; 127; 157; 7; 164; 110; 46; 123; 177; 85; 196; 10; 6; 65; 144; 135; 76; 41; 133; 145; 53; 81; 47; 153; 150; 178; 104; 8; 42; 130; 149; 58; 93; 182; 37; 48; 70; 77; 55; 195; 84; 38; 16; 52; 155; 128; 61; 20; 113; 166; 28; 21; 140; 159; 186; 98; 5; 54; 102; 193; 22; 162; 120; 187; 92; 137; 151; 111; 165; 73; 29; 192; 103; 63; 170; 109; 50; 125; 154; 136; 143; 142; 138; 129; 148; 24; 13; 33; 183; 96; 3; 2; 72; 25; 79; 1; 34; 62; 158; 124; 11; 26; 45; 19; 18; 82; 198; 69; 27; 94; 181; 107; 172; 171; 114; 189; 97; 126; 156; 71; 167; 116; 83; 197; 49; 4; 64; 31; 59; 78; 67; 60; 32],[[194; 88]; [89; 191]; [117; 161]; [44]; [139; 141]; [101; 179]; [176; 105]; [68]; [106; 174]; [160; 118]; [14]; [36]; [9]; [131; 152]; [90; 188]; [57]; [115; 163]; [74]; [87]; [40]; [15]; [23]; [12]; [185; 91]; [121]; [86; 199]; [35]; [168; 112]; [56]; [0]; [80]; [169; 108]; [66]; [30]; [190; 99]; [17]; [39]; [43]; [147; 132]; [173; 119]; [75]; [146; 134]; [95; 184]; [122; 175]; [51]; [100; 180]; [127; 157]; [7]; [164; 110]; [46]; [123; 177]; [85; 196]; [10]; [6]; [65]; [144; 135]; [76]; [41]; [133; 145]; [53]; [81]; [47]; [153; 150]; [178; 104]; [8]; [42]; [130; 149]; [58]; [93; 182]; [37]; [48]; [70]; [77]; [55]; [195; 84]; [38]; [16]; [52]; [155; 128]; [61]; [20]; [113; 166]; [28]; [21]; [140; 159]; [186; 98]; [5]; [54]; [102; 193]; [22]; [162; 120]; [187; 92]; [137; 151]; [111; 165]; [73]; [29]; [192; 103]; [63]; [170; 109]; [50]; [125; 154]; [136; 143]; [142; 138]; [129; 148]; [24]; [13]; [33]; [183; 96]; [3]; [2]; [72]; [25]; [79]; [1]; [34]; [62]; [158; 124]; [11]; [26]; [45]; [19]; [18]; [82; 198]; [69]; [27]; [94; 181]; [107; 172]; [171; 114]; [189; 97]; [126; 156]; [71]; [167; 116]; [83; 197]; [49]; [4]; [64]; [31]; [59]; [78]; [67]; [60]; [32]],[10000; 10000; 10000; 8500; 10000; 10000; 10000; 7600; 10000; 10000; 9600; 8800; 9700; 9900; 10000; 8200; 10000; 7300; 6900; 8600; 9500; 9200; 9600; 10000; 5800; 9900; 8800; 10000; 8200; 10000; 7100; 10000; 7700; 9000; 9700; 9400; 8600; 8500; 9900; 9600; 7300; 10000; 10000; 9600; 8200; 10000; 10000; 9700; 10000; 8400; 9500; 10000; 9600; 9800; 7800; 10000; 7200; 8500; 10000; 8200; 7100; 8400; 9200; 10000; 9700; 8500; 10000; 8100; 10000; 8700; 8400; 7500; 7200; 8200; 10000; 8700; 9400; 8200; 10000; 7900; 9300; 9900; 9100; 9200; 9300; 9900; 9800; 8200; 9600; 9200; 10000; 10000; 9700; 10000; 7300; 9000; 9600; 7800; 10000; 8300; 10000; 9900; 10000; 10000; 9200; 9600; 8900; 10000; 9900; 9900; 7400; 9200; 7200; 10000; 8900; 7900; 10000; 9600; 9100; 8400; 9300; 9300; 10000; 7500; 9100; 10000; 10000; 9700; 9800; 10000; 7500; 9900; 10000; 8300; 9800; 7800; 8900; 8000; 7200; 7600; 7900; 8900],29400,29401,3.46765398979187
164,142,0.8365788732394371,[168; 116; 193; 103; 9; 1; 128; 159; 42; 80; 49; 113; 171; 37; 35; 51; 70; 12; 55; 36; 58; 61; 112; 164; 62; 64; 11; 77; 110; 165; 78; 123; 130; 148; 20; 166; 111; 46; 196; 87; 19; 33; 86; 10; 94; 185; 67; 2; 14; 43; 81; 99; 191; 140; 150; 53; 24; 65; 90; 189; 156; 127; 8; 59; 176; 104; 40; 52; 169; 108; 16; 82; 198; 120; 160; 107; 175; 188; 96; 197; 88; 152; 138; 100; 190; 173; 106; 71; 0; 56; 57; 119; 161; 192; 89; 38; 132; 146; 31; 63; 167; 115; 162; 118; 187; 93; 133; 144; 124; 158; 141; 139; 129; 147; 34; 54; 95; 184; 28; 13; 50; 66; 79; 137; 142; 45; 5; 23; 186; 102; 174; 121; 3; 68; 21; 72; 39; 105; 178; 182; 91; 27; 69; 122; 172; 73; 145; 134; 194; 84; 76; 47; 32; 153; 154; 177; 117; 48; 7; 22; 163; 114; 18; 60; 15; 4; 44; 157; 126; 155; 125; 195; 85; 30; 75; 135; 143; 183; 92; 25; 181; 97; 151; 136; 17; 29; 41; 149; 131; 98; 180; 83; 199; 74; 6; 26; 179; 101; 109; 170],[[168; 116]; [193; 103]; [9]; [1]; [128; 159]; [42]; [80]; [49]; [113; 171]; [37]; [35]; [51]; [70]; [12]; [55]; [36]; [58]; [61]; [112; 164]; [62]; [64]; [11]; [77]; [110; 165]; [78]; [123]; [130; 148]; [20]; [166; 111]; [46]; [196; 87]; [19]; [33]; [86]; [10]; [94; 185]; [67]; [2]; [14]; [43]; [81]; [99; 191]; [140; 150]; [53]; [24]; [65]; [90; 189]; [156; 127]; [8]; [59]; [176; 104]; [40]; [52]; [169; 108]; [16]; [82; 198]; [120; 160]; [107; 175]; [188; 96]; [197; 88]; [152; 138]; [100; 190]; [173; 106]; [71]; [0]; [56]; [57]; [119; 161]; [192; 89]; [38]; [132; 146]; [31]; [63]; [167; 115]; [162; 118]; [187; 93]; [133; 144]; [124; 158]; [141; 139]; [129; 147]; [34]; [54]; [95; 184]; [28]; [13]; [50]; [66]; [79]; [137; 142]; [45]; [5]; [23]; [186; 102]; [174; 121]; [3]; [68]; [21]; [72]; [39]; [105; 178]; [182; 91]; [27]; [69]; [122; 172]; [73]; [145; 134]; [194; 84]; [76]; [47]; [32]; [153; 154]; [177; 117]; [48]; [7]; [22]; [163; 114]; [18]; [60]; [15]; [4]; [44]; [157; 126]; [155; 125]; [195; 85]; [30]; [75]; [135; 143]; [183; 92]; [25]; [181; 97]; [151; 136]; [17]; [29]; [41]; [149; 131]; [98; 180]; [83; 199]; [74]; [6]; [26]; [179; 101]; [109; 170]],[9900; 9600; 9700; 10000; 9900; 8500; 7100; 8300; 9700; 8700; 8800; 8200; 7500; 9600; 8200; 8800; 8100; 7900; 10000; 7900; 7800; 9600; 7200; 10000; 7200; 5800; 10000; 9300; 10000; 8400; 10000; 9300; 8900; 6900; 9600; 10000; 7600; 9900; 9600; 8500; 7100; 9700; 9600; 8200; 9200; 7800; 10000; 10000; 9700; 8000; 10000; 8600; 8200; 10000; 9400; 10000; 10000; 10000; 9900; 9900; 9700; 9700; 10000; 7500; 10000; 8200; 8200; 10000; 10000; 8700; 10000; 8900; 7800; 9900; 10000; 10000; 10000; 10000; 10000; 10000; 8900; 8200; 10000; 9100; 9600; 8300; 7700; 7200; 10000; 8400; 9800; 9200; 9800; 9600; 9900; 7600; 9200; 7400; 8600; 10000; 10000; 9100; 7500; 9600; 7300; 10000; 10000; 7200; 8400; 8900; 9000; 9500; 8400; 9700; 9200; 10000; 9300; 7900; 9500; 9800; 8500; 10000; 10000; 10000; 9000; 7300; 10000; 10000; 9200; 9900; 9700; 9400; 9000; 8500; 10000; 10000; 10000; 7300; 9800; 9100; 10000; 10000],32800,32801,3.942932605743408
150,142,0.836592957746479,[76; 38; 22; 19; 113; 166; 2; 9; 126; 154; 103; 179; 105; 178; 128; 157; 60; 58; 72; 6; 3; 114; 171; 149; 130; 68; 33; 8; 165; 116; 177; 118; 40; 70; 134; 146; 66; 127; 155; 52; 49; 42; 86; 194; 4; 64; 193; 89; 170; 109; 144; 132; 197; 83; 97; 192; 0; 172; 106; 61; 32; 108; 174; 78; 81; 25; 46; 87; 195; 184; 91; 41; 20; 62; 69; 1; 10; 88; 196; 63; 56; 168; 112; 186; 98; 120; 173; 102; 190; 140; 141; 50; 139; 153; 39; 74; 24; 53; 65; 35; 13; 23; 96; 183; 104; 176; 156; 125; 152; 138; 121; 161; 26; 59; 5; 7; 187; 94; 15; 119; 54; 55; 150; 159; 75; 31; 107; 175; 29; 71; 85; 169; 122; 21; 11; 79; 199; 84; 136; 151; 44; 188; 90; 17; 48; 27; 131; 148; 158; 124; 181; 92; 117; 162; 57; 145; 133; 34; 16; 18; 182; 95; 115; 163; 14; 45; 164; 110; 185; 93; 99; 180; 47; 28; 80; 191; 101; 167; 111; 30; 198; 82; 51; 142; 137; 143; 135; 147; 129; 12; 36; 77; 123; 160; 189; 100; 67; 73; 43; 37],[[76]; [38]; [22]; [19]; [113; 166]; [2]; [9]; [126; 154]; [103; 179]; [105; 178]; [128; 157]; [60]; [58]; [72]; [6]; [3]; [114; 171]; [149; 130]; [68]; [33]; [8]; [165; 116]; [177; 118]; [40]; [70]; [134; 146]; [66]; [127; 155]; [52]; [49]; [42]; [86; 194]; [4]; [64]; [193; 89]; [170; 109]; [144; 132]; [197; 83]; [97; 192]; [0]; [172; 106]; [61]; [32]; [108; 174]; [78]; [81]; [25]; [46]; [87; 195]; [184; 91]; [41]; [20]; [62]; [69]; [1]; [10]; [88; 196]; [63]; [56]; [168; 112]; [186; 98]; [120; 173]; [102; 190]; [140; 141]; [50]; [139; 153]; [39]; [74]; [24]; [53]; [65]; [35]; [13]; [23]; [96; 183]; [104; 176]; [156; 125]; [152; 138]; [121; 161]; [26]; [59]; [5]; [7]; [187; 94]; [15]; [119]; [54]; [55]; [150; 159]; [75]; [31]; [107; 175]; [29]; [71]; [85]; [169; 122]; [21]; [11]; [79]; [199; 84]; [136; 151]; [44]; [188; 90]; [17]; [48]; [27]; [131; 148]; [158; 124]; [181; 92]; [117; 162]; [57]; [145; 133]; [34]; [16]; [18]; [182; 95]; [115; 163]; [14]; [45]; [164; 110]; [185; 93]; [99; 180]; [47]; [28]; [80]; [191; 101]; [167; 111]; [30]; [198; 82]; [51]; [142; 137]; [143; 135]; [147; 129]; [12]; [36]; [77]; [123; 160]; [189; 100]; [67]; [73]; [43]; [37]],[7200; 8700; 9200; 9300; 9900; 9900; 9700; 10000; 10000; 10000; 10000; 7900; 8100; 7400; 9800; 9900; 9700; 10000; 7600; 8900; 9700; 9900; 9500; 8600; 7500; 10000; 7700; 10000; 8200; 8300; 8500; 10000; 9800; 7800; 10000; 10000; 10000; 10000; 9700; 10000; 10000; 7900; 8900; 9900; 7200; 7100; 9200; 8400; 10000; 10000; 8500; 9300; 7900; 7500; 10000; 9600; 10000; 7800; 8200; 10000; 9900; 9600; 9600; 10000; 8300; 9600; 8600; 7300; 9200; 8200; 7800; 8800; 9600; 9200; 10000; 10000; 10000; 9700; 10000; 9100; 8000; 9800; 9700; 10000; 9500; 5800; 8200; 8200; 8900; 7300; 8900; 10000; 9000; 7500; 6900; 9700; 9200; 9600; 7200; 9900; 9700; 8500; 10000; 9400; 8400; 9100; 10000; 10000; 10000; 10000; 8200; 10000; 8900; 9400; 9300; 10000; 10000; 9600; 8400; 10000; 10000; 10000; 8400; 9100; 7100; 9600; 10000; 9000; 10000; 8200; 10000; 10000; 10000; 9600; 8800; 7200; 10000; 9800; 7600; 7300; 8500; 8700],30000,30001,3.6099510192871094
204,142,0.8365549295774651,[173; 107; 42; 1; 170; 108; 72; 140; 139; 63; 39; 54; 36; 17; 70; 81; 28; 78; 12; 126; 157; 124; 158; 50; 162; 117; 3; 193; 103; 4; 149; 152; 53; 111; 166; 40; 88; 196; 9; 91; 185; 182; 95; 0; 46; 79; 163; 114; 15; 14; 102; 179; 92; 186; 118; 171; 110; 168; 146; 133; 51; 138; 153; 135; 145; 76; 98; 188; 43; 58; 142; 137; 167; 113; 172; 123; 2; 56; 129; 159; 90; 191; 75; 144; 134; 20; 16; 57; 80; 69; 174; 106; 71; 25; 143; 132; 30; 122; 52; 199; 83; 10; 74; 19; 44; 11; 8; 64; 120; 176; 23; 21; 62; 77; 73; 18; 35; 37; 47; 160; 119; 38; 85; 195; 178; 105; 156; 128; 169; 109; 65; 27; 67; 61; 48; 26; 125; 155; 82; 198; 150; 136; 89; 192; 93; 187; 7; 147; 131; 116; 175; 66; 34; 104; 177; 31; 68; 164; 112; 99; 183; 32; 45; 24; 49; 13; 101; 190; 121; 161; 5; 60; 154; 127; 194; 87; 55; 97; 180; 181; 94; 130; 148; 165; 115; 33; 29; 84; 96; 184; 100; 189; 41; 197; 86; 59; 22; 151; 141; 6],[[173; 107]; [42]; [1]; [170; 108]; [72]; [140; 139]; [63]; [39]; [54]; [36]; [17]; [70]; [81]; [28]; [78]; [12]; [126; 157]; [124; 158]; [50]; [162; 117]; [3]; [193; 103]; [4]; [149; 152]; [53]; [111; 166]; [40]; [88; 196]; [9]; [91; 185]; [182; 95]; [0]; [46]; [79]; [163; 114]; [15]; [14]; [102; 179]; [92; 186]; [118; 171]; [110; 168]; [146; 133]; [51]; [138; 153]; [135; 145]; [76]; [98; 188]; [43]; [58]; [142; 137]; [167; 113]; [172; 123]; [2]; [56]; [129; 159]; [90; 191]; [75]; [144; 134]; [20]; [16]; [57]; [80]; [69]; [174; 106]; [71]; [25]; [143; 132]; [30]; [122]; [52]; [199; 83]; [10]; [74]; [19]; [44]; [11]; [8]; [64]; [120; 176]; [23]; [21]; [62]; [77]; [73]; [18]; [35]; [37]; [47]; [160; 119]; [38]; [85; 195]; [178; 105]; [156; 128]; [169; 109]; [65]; [27]; [67]; [61]; [48]; [26]; [125; 155]; [82; 198]; [150; 136]; [89; 192]; [93; 187]; [7]; [147; 131]; [116; 175]; [66]; [34]; [104; 177]; [31]; [68]; [164; 112]; [99; 183]; [32]; [45]; [24]; [49]; [13]; [101; 190]; [121; 161]; [5]; [60]; [154; 127]; [194; 87]; [55]; [97; 180]; [181; 94]; [130; 148]; [165; 115]; [33]; [29]; [84]; [96; 184]; [100; 189]; [41]; [197; 86]; [59]; [22]; [151; 141]; [6]],[10000; 8500; 10000; 10000; 7400; 10000; 7800; 8600; 8200; 8800; 9400; 7500; 7100; 9100; 7200; 9600; 10000; 10000; 8300; 10000; 9900; 9600; 9800; 9300; 8200; 10000; 8600; 10000; 9700; 10000; 10000; 10000; 8400; 7200; 10000; 9500; 9600; 10000; 10000; 9600; 10000; 10000; 8200; 9700; 10000; 7200; 9800; 8500; 8100; 10000; 9900; 9600; 9900; 8200; 9600; 9900; 7300; 10000; 9300; 9400; 8200; 7100; 7500; 10000; 7500; 9200; 10000; 9000; 5800; 8200; 10000; 9600; 7300; 9300; 8500; 9600; 9700; 7800; 9500; 9200; 9200; 7900; 7200; 7300; 9300; 8800; 8700; 8400; 10000; 8700; 10000; 10000; 10000; 10000; 7800; 9100; 7600; 7900; 8400; 9100; 10000; 10000; 9700; 10000; 10000; 9700; 10000; 9700; 7700; 8900; 10000; 8900; 7600; 10000; 9900; 8900; 8400; 9200; 8300; 9600; 9600; 10000; 9800; 7900; 10000; 10000; 8200; 10000; 10000; 10000; 9900; 8900; 9000; 6900; 10000; 9800; 8500; 9900; 8000; 9200; 9600; 9800],40800,40801,5.190960884094238
115,142,0.8360098591549295,[85; 196; 64; 48; 26; 92; 186; 6; 129; 153; 39; 32; 56; 45; 67; 60; 38; 157; 128; 142; 136; 103; 195; 51; 73; 174; 116; 53; 94; 187; 147; 137; 98; 189; 74; 101; 193; 10; 69; 55; 23; 63; 35; 109; 169; 40; 188; 90; 79; 65; 114; 163; 2; 106; 172; 31; 135; 143; 76; 42; 124; 159; 154; 125; 24; 83; 199; 13; 180; 100; 81; 149; 130; 88; 84; 194; 80; 181; 99; 72; 15; 161; 122; 62; 104; 177; 37; 3; 34; 86; 127; 156; 71; 52; 19; 133; 145; 91; 192; 11; 47; 138; 150; 176; 118; 78; 70; 43; 75; 1; 30; 54; 44; 89; 190; 160; 120; 191; 102; 162; 123; 8; 61; 20; 27; 25; 170; 113; 5; 12; 166; 121; 134; 144; 185; 93; 87; 197; 168; 115; 152; 141; 82; 198; 146; 132; 167; 111; 22; 183; 97; 178; 105; 131; 148; 117; 164; 182; 96; 18; 77; 57; 179; 119; 4; 126; 158; 41; 50; 95; 184; 7; 16; 110; 173; 66; 58; 36; 107; 175; 28; 59; 155; 140; 171; 108; 68; 29; 151; 139; 14; 21; 33; 49; 0; 165; 112; 17; 46; 9],[[85; 196]; [64]; [48]; [26]; [92; 186]; [6]; [129; 153]; [39]; [32]; [56]; [45]; [67]; [60]; [38]; [157; 128]; [142; 136]; [103; 195]; [51]; [73]; [174; 116]; [53]; [94; 187]; [147; 137]; [98; 189]; [74]; [101; 193]; [10]; [69]; [55]; [23]; [63]; [35]; [109; 169]; [40]; [188; 90]; [79]; [65]; [114; 163]; [2]; [106; 172]; [31]; [135; 143]; [76]; [42]; [124; 159]; [154; 125]; [24]; [83; 199]; [13]; [180; 100]; [81]; [149; 130]; [88]; [84; 194]; [80]; [181; 99]; [72]; [15]; [161; 122]; [62]; [104; 177]; [37]; [3]; [34]; [86]; [127; 156]; [71]; [52]; [19]; [133; 145]; [91; 192]; [11]; [47]; [138; 150]; [176; 118]; [78]; [70]; [43]; [75]; [1]; [30]; [54]; [44]; [89; 190]; [160; 120]; [191; 102]; [162; 123]; [8]; [61]; [20]; [27]; [25]; [170; 113]; [5]; [12]; [166; 121]; [134; 144]; [185; 93]; [87; 197]; [168; 115]; [152; 141]; [82; 198]; [146; 132]; [167; 111]; [22]; [183; 97]; [178; 105]; [131; 148]; [117; 164]; [182; 96]; [18]; [77]; [57]; [179; 119]; [4]; [126; 158]; [41]; [50]; [95; 184]; [7]; [16]; [110; 173]; [66]; [58]; [36]; [107; 175]; [28]; [59]; [155; 140]; [171; 108]; [68]; [29]; [151; 139]; [14]; [21]; [33]; [49]; [0]; [165; 112]; [17]; [46]; [9]],[10000; 7800; 8400; 9100; 10000; 9800; 9900; 8600; 8900; 8200; 8400; 7600; 7900; 8700; 10000; 10000; 9500; 8200; 7300; 9700; 8200; 10000; 9800; 9800; 7300; 9600; 9600; 7500; 8200; 9200; 7800; 8800; 10000; 8600; 10000; 7200; 7800; 10000; 9900; 10000; 8900; 10000; 7200; 8500; 10000; 10000; 9200; 10000; 9600; 10000; 7100; 10000; 6900; 10000; 7100; 9900; 7400; 9500; 10000; 7900; 10000; 8700; 9900; 8900; 6900; 10000; 7500; 8200; 9300; 10000; 9800; 9600; 8400; 9700; 9500; 7200; 7500; 8500; 7300; 10000; 9000; 8200; 8500; 10000; 10000; 9600; 10000; 9700; 7900; 9300; 9100; 9200; 9800; 9800; 9600; 9800; 10000; 10000; 9900; 9900; 9600; 10000; 10000; 10000; 9200; 9900; 10000; 10000; 9800; 10000; 9300; 7200; 8200; 9400; 9800; 9900; 8500; 8300; 10000; 9700; 9400; 9800; 7700; 8100; 8800; 10000; 9100; 8000; 9400; 9900; 7600; 9000; 9600; 9600; 9200; 8900; 8300; 10000; 10000; 9400; 8400; 9700],23000,23001,2.7427451610565186
125,142,0.8363140845070427,[186; 91; 100; 192; 41; 0; 12; 44; 127; 157; 6; 72; 197; 83; 191; 123; 92; 184; 43; 4; 31; 45; 159; 151; 29; 52; 42; 35; 14; 59; 81; 79; 15; 111; 166; 88; 196; 102; 97; 185; 138; 143; 27; 101; 193; 65; 7; 147; 131; 8; 38; 54; 57; 140; 139; 78; 66; 32; 13; 104; 176; 80; 73; 74; 89; 190; 85; 106; 172; 125; 156; 33; 40; 142; 137; 110; 175; 3; 162; 117; 55; 24; 173; 115; 61; 2; 187; 94; 10; 17; 48; 16; 84; 195; 141; 152; 105; 177; 53; 51; 158; 124; 56; 149; 129; 153; 136; 109; 170; 180; 99; 60; 23; 189; 90; 70; 183; 93; 49; 188; 98; 9; 69; 112; 164; 63; 64; 198; 87; 19; 155; 128; 119; 160; 77; 135; 144; 126; 154; 194; 86; 34; 169; 108; 21; 163; 114; 167; 113; 30; 26; 25; 71; 68; 178; 118; 122; 161; 11; 36; 37; 75; 76; 46; 20; 146; 132; 116; 174; 134; 145; 22; 1; 120; 165; 95; 181; 58; 5; 28; 67; 171; 107; 18; 150; 130; 182; 96; 39; 121; 168; 50; 82; 199; 103; 179; 47; 62; 148; 133],[[186; 91]; [100; 192]; [41]; [0]; [12]; [44]; [127; 157]; [6]; [72]; [197; 83]; [191; 123]; [92; 184]; [43]; [4]; [31]; [45]; [159; 151]; [29]; [52]; [42]; [35]; [14]; [59]; [81]; [79]; [15]; [111; 166]; [88; 196]; [102]; [97; 185]; [138; 143]; [27]; [101; 193]; [65]; [7]; [147; 131]; [8]; [38]; [54]; [57]; [140; 139]; [78]; [66]; [32]; [13]; [104; 176]; [80]; [73]; [74]; [89; 190]; [85]; [106; 172]; [125; 156]; [33]; [40]; [142; 137]; [110; 175]; [3]; [162; 117]; [55]; [24]; [173; 115]; [61]; [2]; [187; 94]; [10]; [17]; [48]; [16]; [84; 195]; [141; 152]; [105; 177]; [53]; [51]; [158; 124]; [56]; [149; 129]; [153; 136]; [109; 170]; [180; 99]; [60]; [23]; [189; 90]; [70]; [183; 93]; [49]; [188; 98]; [9]; [69]; [112; 164]; [63]; [64]; [198; 87]; [19]; [155; 128]; [119; 160]; [77]; [135; 144]; [126; 154]; [194; 86]; [34]; [169; 108]; [21]; [163; 114]; [167; 113]; [30]; [26]; [25]; [71]; [68]; [178; 118]; [122; 161]; [11]; [36]; [37]; [75]; [76]; [46]; [20]; [146; 132]; [116; 174]; [134; 145]; [22]; [1]; [120; 165]; [95; 181]; [58]; [5]; [28]; [67]; [171; 107]; [18]; [150; 130]; [182; 96]; [39]; [121; 168]; [50]; [82; 199]; [103; 179]; [47]; [62]; [148; 133]],[10000; 9700; 8500; 10000; 9600; 8500; 10000; 9800; 7400; 10000; 9000; 10000; 8500; 9800; 8900; 8400; 8900; 9000; 8200; 8500; 8800; 9600; 8000; 7100; 7200; 9500; 10000; 10000; 6400; 9900; 9900; 9100; 9600; 7800; 9700; 10000; 9700; 8700; 8200; 8200; 10000; 7200; 7700; 8900; 9600; 10000; 7100; 7300; 7300; 10000; 6900; 10000; 10000; 8900; 8600; 10000; 9800; 9900; 10000; 8200; 9200; 9700; 7900; 9900; 10000; 9600; 9400; 8400; 9400; 10000; 9600; 10000; 8200; 8200; 10000; 8200; 10000; 9700; 10000; 10000; 7900; 9200; 10000; 7500; 10000; 8300; 9800; 9700; 7500; 10000; 7800; 7800; 9900; 9300; 10000; 10000; 7200; 10000; 10000; 10000; 8900; 10000; 9200; 10000; 9900; 9000; 9100; 9200; 7500; 7600; 9500; 10000; 9600; 8800; 8700; 7300; 7200; 8400; 9300; 10000; 9700; 10000; 9200; 10000; 9800; 10000; 8100; 9800; 9100; 7600; 10000; 9300; 9900; 10000; 8600; 9800; 8300; 10000; 10000; 8400; 7900; 9900],25000,25001,2.9421656131744385
134,142,0.8363239436619725,[80; 197; 82; 185; 96; 139; 141; 40; 50; 111; 168; 191; 89; 126; 155; 167; 113; 137; 151; 1; 76; 138; 142; 58; 79; 92; 187; 33; 6; 4; 165; 116; 70; 104; 178; 14; 97; 190; 2; 189; 90; 188; 100; 130; 149; 179; 103; 45; 48; 78; 199; 84; 198; 83; 75; 169; 108; 35; 136; 152; 74; 121; 162; 85; 194; 193; 102; 41; 36; 15; 81; 106; 175; 7; 124; 158; 51; 62; 63; 21; 17; 73; 118; 161; 24; 54; 3; 55; 93; 181; 43; 8; 0; 59; 56; 69; 52; 107; 171; 172; 110; 42; 10; 99; 186; 135; 146; 57; 101; 53; 72; 22; 150; 159; 29; 31; 88; 196; 38; 164; 114; 117; 160; 91; 183; 132; 145; 68; 13; 115; 163; 133; 144; 109; 170; 47; 19; 23; 37; 112; 166; 9; 65; 60; 11; 182; 95; 177; 105; 12; 131; 147; 66; 87; 195; 67; 128; 154; 120; 174; 127; 157; 184; 94; 34; 39; 143; 134; 16; 64; 86; 25; 28; 156; 125; 61; 71; 20; 77; 30; 153; 140; 49; 32; 18; 44; 192; 122; 27; 180; 98; 26; 148; 129; 173; 119; 176; 123; 5; 46],[[80]; [197; 82]; [185; 96]; [139; 141]; [40]; [50]; [111; 168]; [191; 89]; [126; 155]; [167; 113]; [137; 151]; [1]; [76]; [138; 142]; [58]; [79]; [92; 187]; [33]; [6]; [4]; [165; 116]; [70]; [104; 178]; [14]; [97; 190]; [2]; [189; 90]; [188; 100]; [130; 149]; [179; 103]; [45]; [48]; [78]; [199; 84]; [198; 83]; [75]; [169; 108]; [35]; [136; 152]; [74]; [121; 162]; [85; 194]; [193; 102]; [41]; [36]; [15]; [81]; [106; 175]; [7]; [124; 158]; [51]; [62]; [63]; [21]; [17]; [73]; [118; 161]; [24]; [54]; [3]; [55]; [93; 181]; [43]; [8]; [0]; [59]; [56]; [69]; [52]; [107; 171]; [172; 110]; [42]; [10]; [99; 186]; [135; 146]; [57]; [101]; [53]; [72]; [22]; [150; 159]; [29]; [31]; [88; 196]; [38]; [164; 114]; [117; 160]; [91; 183]; [132; 145]; [68]; [13]; [115; 163]; [133; 144]; [109; 170]; [47]; [19]; [23]; [37]; [112; 166]; [9]; [65]; [60]; [11]; [182; 95]; [177; 105]; [12]; [131; 147]; [66]; [87; 195]; [67]; [128; 154]; [120; 174]; [127; 157]; [184; 94]; [34]; [39]; [143; 134]; [16]; [64]; [86]; [25]; [28]; [156; 125]; [61]; [71]; [20]; [77]; [30]; [153; 140]; [49]; [32]; [18]; [44]; [192; 122]; [27]; [180; 98]; [26]; [148; 129]; [173; 119]; [176; 123]; [5]; [46]],[7100; 10000; 10000; 10000; 8600; 8300; 10000; 10000; 10000; 9900; 9700; 10000; 7200; 10000; 8100; 7200; 10000; 8900; 9800; 9800; 9900; 7500; 10000; 9600; 9700; 9900; 10000; 9800; 10000; 10000; 8400; 8400; 7200; 9900; 10000; 7300; 10000; 8800; 9700; 7300; 10000; 10000; 9600; 8500; 8800; 9500; 7100; 10000; 9700; 10000; 8200; 7900; 7800; 9200; 9400; 7300; 10000; 9200; 8200; 9900; 8200; 10000; 8500; 9700; 10000; 8000; 8200; 7500; 8200; 10000; 9800; 8500; 9600; 9900; 10000; 8200; 6400; 8200; 7400; 9200; 8900; 9000; 8900; 10000; 8700; 9900; 10000; 10000; 10000; 7600; 9600; 10000; 10000; 10000; 8400; 9300; 9200; 8700; 10000; 9700; 7800; 7900; 9600; 10000; 10000; 9600; 10000; 7700; 10000; 7600; 10000; 9600; 10000; 10000; 8900; 8600; 10000; 9400; 7800; 6900; 9200; 9100; 10000; 7900; 7500; 9300; 7200; 9000; 9600; 8300; 8900; 9300; 8500; 9000; 9100; 10000; 9100; 10000; 9600; 9500; 9800; 8400],26800,26801,3.1931281089782715
135,142,0.8365802816901411,[32; 37; 149; 137; 48; 104; 176; 19; 13; 105; 178; 83; 197; 10; 2; 156; 127; 68; 22; 101; 192; 185; 93; 122; 177; 126; 159; 188; 90; 88; 198; 173; 114; 96; 187; 199; 82; 99; 180; 57; 4; 8; 30; 34; 125; 157; 150; 130; 41; 6; 124; 158; 15; 50; 154; 152; 155; 128; 58; 108; 170; 117; 73; 78; 0; 56; 69; 54; 36; 60; 80; 9; 76; 81; 38; 182; 92; 168; 112; 23; 3; 131; 147; 53; 193; 89; 77; 44; 35; 194; 85; 29; 49; 175; 118; 181; 100; 40; 61; 140; 153; 67; 39; 174; 120; 146; 135; 62; 103; 179; 55; 136; 142; 42; 190; 97; 20; 191; 102; 107; 171; 33; 27; 64; 189; 98; 164; 113; 51; 138; 151; 75; 195; 84; 72; 26; 71; 133; 143; 129; 148; 109; 169; 45; 59; 184; 95; 43; 161; 119; 1; 167; 110; 162; 123; 121; 160; 25; 16; 141; 139; 11; 70; 47; 63; 145; 132; 166; 111; 18; 52; 79; 86; 21; 116; 163; 66; 12; 196; 87; 17; 172; 106; 115; 165; 28; 24; 14; 94; 183; 74; 144; 134; 186; 91; 31; 5; 7; 65; 46],[[32]; [37]; [149; 137]; [48]; [104; 176]; [19]; [13]; [105; 178]; [83; 197]; [10]; [2]; [156; 127]; [68]; [22]; [101; 192]; [185; 93]; [122; 177]; [126; 159]; [188; 90]; [88; 198]; [173; 114]; [96; 187]; [199; 82]; [99; 180]; [57]; [4]; [8]; [30]; [34]; [125; 157]; [150; 130]; [41]; [6]; [124; 158]; [15]; [50]; [154; 152]; [155; 128]; [58]; [108; 170]; [117]; [73]; [78]; [0]; [56]; [69]; [54]; [36]; [60]; [80]; [9]; [76]; [81]; [38]; [182; 92]; [168; 112]; [23]; [3]; [131; 147]; [53]; [193; 89]; [77]; [44]; [35]; [194; 85]; [29]; [49]; [175; 118]; [181; 100]; [40]; [61]; [140; 153]; [67]; [39]; [174; 120]; [146; 135]; [62]; [103; 179]; [55]; [136; 142]; [42]; [190; 97]; [20]; [191; 102]; [107; 171]; [33]; [27]; [64]; [189; 98]; [164; 113]; [51]; [138; 151]; [75]; [195; 84]; [72]; [26]; [71]; [133; 143]; [129; 148]; [109; 169]; [45]; [59]; [184; 95]; [43]; [161; 119]; [1]; [167; 110]; [162; 123]; [121; 160]; [25]; [16]; [141; 139]; [11]; [70]; [47]; [63]; [145; 132]; [166; 111]; [18]; [52]; [79]; [86]; [21]; [116; 163]; [66]; [12]; [196; 87]; [17]; [172; 106]; [115; 165]; [28]; [24]; [14]; [94; 183]; [74]; [144; 134]; [186; 91]; [31]; [5]; [7]; [65]; [46]],[8900; 8700; 9800; 8400; 10000; 9300; 9600; 10000; 10000; 9600; 9900; 10000; 7600; 9200; 9600; 10000; 9500; 9900; 10000; 9900; 9700; 10000; 10000; 10000; 8200; 9800; 9700; 9000; 8900; 10000; 9900; 8500; 9800; 10000; 9500; 8300; 9000; 10000; 8100; 10000; 5800; 7300; 7200; 10000; 8200; 7500; 8200; 8800; 7900; 7100; 9700; 7200; 7100; 8700; 10000; 10000; 9200; 9900; 10000; 8200; 10000; 7200; 8500; 8800; 10000; 9000; 8300; 9600; 9900; 8600; 7900; 9600; 7600; 8600; 9600; 10000; 7900; 10000; 8200; 10000; 8500; 9700; 9300; 9600; 10000; 8900; 9100; 7800; 9800; 9900; 8200; 9700; 7300; 10000; 7400; 9100; 7500; 10000; 10000; 10000; 8400; 8000; 10000; 8500; 10000; 10000; 10000; 10000; 10000; 9200; 9400; 10000; 9600; 7500; 8400; 7800; 10000; 10000; 9300; 8200; 7200; 6900; 9200; 10000; 7700; 9600; 10000; 9400; 10000; 9900; 9100; 9200; 9600; 10000; 7300; 10000; 10000; 8900; 9800; 9700; 7800; 8400],27000,27001,3.0512239933013916
181,142,0.8365830985915498,[72; 70; 73; 62; 130; 148; 9; 112; 166; 66; 8; 102; 190; 90; 189; 5; 21; 46; 142; 136; 199; 83; 188; 98; 42; 2; 33; 141; 139; 168; 111; 118; 178; 151; 155; 50; 14; 123; 58; 135; 145; 158; 128; 156; 125; 25; 11; 119; 160; 191; 89; 77; 63; 45; 32; 193; 100; 147; 129; 12; 51; 93; 185; 74; 81; 17; 41; 187; 96; 4; 97; 180; 99; 183; 15; 40; 55; 80; 101; 179; 78; 131; 149; 54; 52; 56; 105; 176; 79; 24; 122; 175; 192; 103; 71; 53; 121; 161; 39; 165; 110; 144; 132; 184; 95; 114; 163; 143; 134; 3; 34; 49; 0; 124; 159; 67; 85; 65; 48; 69; 10; 86; 196; 28; 82; 198; 115; 167; 36; 146; 133; 27; 43; 138; 150; 107; 174; 6; 19; 23; 116; 164; 75; 64; 26; 37; 177; 104; 172; 113; 1; 57; 59; 197; 87; 30; 109; 169; 13; 31; 126; 157; 108; 170; 16; 76; 61; 38; 186; 92; 140; 153; 154; 127; 60; 18; 173; 106; 162; 120; 181; 94; 182; 91; 152; 137; 20; 171; 117; 22; 88; 195; 7; 68; 35; 44; 29; 47; 84; 194],[[72]; [70]; [73]; [62]; [130; 148]; [9]; [112; 166]; [66]; [8]; [102; 190]; [90; 189]; [5]; [21]; [46]; [142; 136]; [199; 83]; [188; 98]; [42]; [2]; [33]; [141; 139]; [168; 111]; [118; 178]; [151; 155]; [50]; [14]; [123]; [58]; [135; 145]; [158; 128]; [156; 125]; [25]; [11]; [119; 160]; [191; 89]; [77]; [63]; [45]; [32]; [193; 100]; [147; 129]; [12]; [51]; [93; 185]; [74]; [81]; [17]; [41]; [187; 96]; [4]; [97; 180]; [99; 183]; [15]; [40]; [55]; [80]; [101; 179]; [78]; [131; 149]; [54]; [52]; [56]; [105; 176]; [79]; [24]; [122; 175]; [192; 103]; [71]; [53]; [121; 161]; [39]; [165; 110]; [144; 132]; [184; 95]; [114; 163]; [143; 134]; [3]; [34]; [49]; [0]; [124; 159]; [67]; [85]; [65]; [48]; [69]; [10]; [86; 196]; [28]; [82; 198]; [115; 167]; [36]; [146; 133]; [27]; [43]; [138; 150]; [107; 174]; [6]; [19]; [23]; [116; 164]; [75]; [64]; [26]; [37]; [177; 104]; [172; 113]; [1]; [57]; [59]; [197; 87]; [30]; [109; 169]; [13]; [31]; [126; 157]; [108; 170]; [16]; [76]; [61]; [38]; [186; 92]; [140; 153]; [154; 127]; [60]; [18]; [173; 106]; [162; 120]; [181; 94]; [182; 91]; [152; 137]; [20]; [171; 117]; [22]; [88; 195]; [7]; [68]; [35]; [44]; [29]; [47]; [84; 194]],[7400; 7500; 7300; 7900; 10000; 9700; 10000; 7700; 9700; 9600; 10000; 9800; 9200; 8400; 10000; 10000; 9800; 8500; 9900; 8900; 10000; 10000; 9500; 9000; 8300; 9600; 5800; 8100; 10000; 9900; 10000; 9200; 9600; 10000; 10000; 7200; 7800; 8400; 8900; 9700; 10000; 9600; 8200; 10000; 7300; 7100; 9400; 8500; 10000; 9800; 10000; 9900; 9500; 8600; 8200; 7100; 10000; 7200; 10000; 8200; 8200; 8200; 10000; 7200; 9200; 9600; 9600; 7500; 8200; 10000; 8600; 10000; 10000; 10000; 10000; 10000; 9900; 8900; 8300; 10000; 10000; 7600; 6900; 7800; 8400; 7500; 9600; 10000; 9100; 10000; 9900; 8800; 10000; 9100; 8500; 9700; 10000; 9800; 9300; 9200; 9900; 7300; 7800; 9100; 8700; 10000; 9700; 10000; 8200; 8000; 9900; 9000; 10000; 9600; 8900; 10000; 10000; 9400; 7200; 7900; 8700; 10000; 9600; 10000; 7900; 9300; 10000; 10000; 10000; 10000; 9700; 9300; 9600; 9200; 10000; 9700; 7600; 8800; 8500; 9000; 8400; 10000],36200,36201,4.242258071899414
107,142,0.8360957746478875,[59; 58; 39; 34; 148; 133; 57; 22; 68; 18; 92; 182; 8; 41; 91; 188; 15; 48; 62; 43; 29; 35; 97; 185; 149; 131; 135; 145; 156; 126; 74; 63; 137; 143; 138; 142; 11; 70; 9; 56; 104; 178; 99; 181; 166; 110; 112; 164; 102; 195; 5; 168; 113; 40; 61; 193; 89; 53; 69; 6; 54; 64; 122; 173; 30; 26; 60; 167; 116; 24; 152; 158; 191; 103; 21; 170; 109; 2; 81; 147; 129; 169; 115; 106; 175; 33; 117; 190; 51; 87; 194; 42; 76; 28; 159; 124; 132; 146; 44; 37; 16; 79; 84; 186; 96; 7; 121; 160; 127; 155; 19; 27; 120; 171; 189; 90; 73; 38; 128; 154; 50; 36; 111; 165; 72; 174; 123; 105; 176; 71; 163; 114; 46; 52; 86; 197; 55; 125; 157; 67; 77; 187; 95; 141; 139; 20; 82; 198; 85; 180; 98; 45; 1; 78; 184; 93; 4; 66; 134; 144; 172; 107; 75; 0; 49; 3; 14; 136; 150; 161; 119; 108; 177; 31; 10; 47; 80; 13; 65; 196; 88; 101; 179; 94; 183; 199; 83; 192; 100; 17; 25; 32; 12; 118; 162; 23; 140; 151; 153; 130],[[59]; [58]; [39]; [34]; [148; 133]; [57]; [22]; [68]; [18]; [92; 182]; [8]; [41]; [91; 188]; [15]; [48]; [62]; [43]; [29]; [35]; [97; 185]; [149; 131]; [135; 145]; [156; 126]; [74]; [63]; [137; 143]; [138; 142]; [11]; [70]; [9]; [56]; [104; 178]; [99; 181]; [166; 110]; [112; 164]; [102; 195]; [5]; [168; 113]; [40]; [61]; [193; 89]; [53]; [69]; [6]; [54]; [64]; [122; 173]; [30]; [26]; [60]; [167; 116]; [24]; [152; 158]; [191; 103]; [21]; [170; 109]; [2]; [81]; [147; 129]; [169; 115]; [106; 175]; [33]; [117; 190]; [51]; [87; 194]; [42]; [76]; [28]; [159; 124]; [132; 146]; [44]; [37]; [16]; [79]; [84]; [186; 96]; [7]; [121; 160]; [127; 155]; [19]; [27]; [120; 171]; [189; 90]; [73]; [38]; [128; 154]; [50]; [36]; [111; 165]; [72]; [174; 123]; [105; 176]; [71]; [163; 114]; [46]; [52]; [86; 197]; [55]; [125; 157]; [67]; [77]; [187; 95]; [141; 139]; [20]; [82; 198]; [85]; [180; 98]; [45]; [1]; [78]; [184; 93]; [4]; [66]; [134; 144]; [172; 107]; [75]; [0]; [49]; [3]; [14]; [136; 150]; [161; 119]; [108; 177]; [31]; [10]; [47]; [80]; [13]; [65]; [196; 88]; [101; 179]; [94; 183]; [199; 83]; [192; 100]; [17]; [25]; [32]; [12]; [118; 162]; [23]; [140; 151]; [153; 130]],[8000; 8100; 8600; 8900; 9900; 8200; 9200; 7600; 9300; 10000; 9700; 8500; 9900; 9500; 8400; 7900; 8500; 9000; 8800; 9900; 10000; 10000; 10000; 7300; 7800; 9900; 10000; 9600; 7500; 9700; 8200; 10000; 9900; 10000; 10000; 9500; 9800; 9900; 8600; 7900; 10000; 8200; 7500; 9800; 8200; 7800; 9600; 9000; 9100; 7900; 9900; 9200; 8900; 9600; 9200; 10000; 9900; 7100; 10000; 9800; 10000; 8900; 9000; 8200; 10000; 8500; 7200; 9100; 10000; 10000; 8500; 8700; 9400; 7200; 6900; 10000; 9700; 10000; 10000; 9300; 9100; 9600; 10000; 7300; 8700; 10000; 8300; 8800; 10000; 7400; 9600; 10000; 7500; 10000; 8400; 8200; 9900; 8200; 10000; 7600; 7200; 10000; 10000; 9300; 10000; 6900; 10000; 8400; 10000; 7200; 10000; 9800; 7700; 10000; 10000; 7300; 10000; 8300; 9900; 9600; 9700; 10000; 9800; 8900; 9600; 8400; 7100; 9600; 7800; 10000; 10000; 10000; 10000; 9700; 9400; 9200; 8900; 9600; 10000; 9200; 9600; 9900],21400,21401,2.5282208919525146
501,143,0.8265426573426581,[61; 3; 109; 169; 101; 13; 88; 195; 158; 151; 6; 8; 110; 168; 70; 48; 115; 163; 41; 188; 90; 50; 97; 180; 35; 9; 92; 183; 125; 155; 81; 52; 112; 164; 184; 96; 124; 159; 43; 12; 193; 173; 197; 144; 135; 77; 44; 145; 132; 89; 192; 107; 171; 78; 0; 46; 24; 80; 53; 4; 37; 182; 95; 93; 186; 32; 17; 7; 148; 131; 99; 190; 22; 67; 54; 5; 57; 140; 152; 10; 36; 154; 128; 15; 82; 199; 58; 75; 56; 39; 65; 191; 103; 2; 165; 114; 64; 181; 100; 149; 129; 14; 23; 94; 185; 55; 69; 150; 136; 111; 166; 33; 126; 157; 120; 160; 162; 117; 84; 63; 194; 85; 118; 11; 143; 134; 71; 18; 106; 175; 74; 20; 30; 47; 29; 156; 127; 51; 138; 142; 27; 198; 83; 45; 87; 59; 102; 179; 34; 146; 133; 66; 25; 49; 1; 19; 31; 60; 130; 147; 42; 137; 153; 116; 167; 121; 108; 170; 28; 40; 76; 187; 91; 72; 86; 196; 174; 123; 26; 16; 139; 141; 104; 178; 105; 177; 161; 119; 98; 189; 68; 73; 172; 113; 21; 62; 38; 79; 176; 122],[[61]; [3]; [109; 169]; [101]; [13]; [88; 195]; [158; 151]; [6]; [8]; [110; 168]; [70]; [48]; [115; 163]; [41]; [188; 90]; [50]; [97; 180]; [35]; [9]; [92; 183]; [125; 155]; [81]; [52]; [112; 164]; [184; 96]; [124; 159]; [43]; [12]; [193; 173; 197]; [144; 135]; [77]; [44]; [145; 132]; [89; 192]; [107; 171]; [78]; [0]; [46]; [24]; [80]; [53]; [4]; [37]; [182; 95]; [93; 186]; [32]; [17]; [7]; [148; 131]; [99; 190]; [22]; [67]; [54]; [5]; [57]; [140; 152]; [10]; [36]; [154; 128]; [15]; [82; 199]; [58]; [75]; [56]; [39]; [65]; [191; 103]; [2]; [165; 114]; [64]; [181; 100]; [149; 129]; [14]; [23]; [94; 185]; [55]; [69]; [150; 136]; [111; 166]; [33]; [126; 157]; [120; 160]; [162; 117]; [84]; [63]; [194; 85]; [118]; [11]; [143; 134]; [71]; [18]; [106; 175]; [74]; [20]; [30]; [47]; [29]; [156; 127]; [51]; [138; 142]; [27]; [198; 83]; [45]; [87]; [59]; [102; 179]; [34]; [146; 133]; [66]; [25]; [49]; [1]; [19]; [31]; [60]; [130; 147]; [42]; [137; 153]; [116; 167]; [121]; [108; 170]; [28]; [40]; [76]; [187; 91]; [72]; [86; 196]; [174; 123]; [26]; [16]; [139; 141]; [104; 178]; [105; 177]; [161; 119]; [98; 189]; [68]; [73]; [172; 113]; [21]; [62]; [38]; [79]; [176; 122]],[7900; 9900; 10000; 6400; 9600; 10000; 8900; 9800; 9700; 10000; 7500; 8400; 10000; 8500; 10000; 8300; 10000; 8800; 9700; 10000; 10000; 7100; 8200; 10000; 10000; 10000; 8500; 9600; 10000; 10000; 7200; 8500; 10000; 10000; 10000; 7200; 10000; 8400; 9200; 7100; 8200; 9800; 8700; 10000; 10000; 8900; 9400; 9700; 10000; 9700; 9200; 7600; 8200; 9800; 8200; 9600; 9600; 8800; 10000; 9500; 10000; 8100; 7300; 8200; 8600; 7800; 9600; 9900; 9900; 7800; 9900; 10000; 9600; 9200; 10000; 8200; 7500; 9700; 10000; 8900; 10000; 10000; 10000; 6900; 7800; 10000; 5800; 9600; 10000; 7500; 9300; 10000; 7300; 9300; 9000; 8400; 9000; 10000; 8200; 10000; 9100; 10000; 8400; 6900; 8000; 10000; 8900; 10000; 7700; 9200; 8300; 10000; 9300; 8900; 7900; 10000; 8500; 9700; 9900; 5800; 10000; 9100; 8600; 7200; 10000; 7400; 10000; 9600; 9100; 9400; 10000; 10000; 10000; 10000; 9800; 7600; 7300; 9700; 9200; 7900; 8700; 7200; 9500],100200,100201,12.103390216827393
